property_id,platform,date,rating,text,language_hint
Property B,TripAdvisor,2024-01-01,2,The location was poor and far from the market.,en
Property D,MakeMyTrip,2024-01-01,1,खाना बेकार और ठंडा था.,hi
Property E,GoogleMaps,2024-01-01,4,Very clean and hygienic bathroom.,en
Property E,MakeMyTrip,2024-01-01,4,"Bathroom ekdum saaf, safai badhiya. खाना बहुत बढ़िया था.",hi
Property H,MakeMyTrip,2024-01-01,4,"Room service accha tha, towels clean the. खाना बहुत बढ़िया था.",hi
Property I,MakeMyTrip,2024-01-01,3,The location was great with a beautiful mountain view. खाना बहुत बढ़िया था.,hi
Property K,MakeMyTrip,2024-01-01,5,The room was spacious and comfortable with a warm heater.,en
Property A,Booking,2024-01-02,3,The staff were rude and the manager was unhelpful. Kamra badhiya aur comfortable tha.,hinglish
Property B,TripAdvisor,2024-01-02,2,"Bahut mehenga tha, bilkul value nahi.",hinglish
Property C,MakeMyTrip,2024-01-02,5,The staff were friendly and the reception was helpful.,en
Property G,TripAdvisor,2024-01-02,3,Reception staff ka vyavhaar bekaar tha.,hinglish
Property G,MakeMyTrip,2024-01-02,4,"The check-in was quick and the booking was smooth, really good. Very clean and hygienic bathroom.",en
Property I,TripAdvisor,2024-01-02,4,"The check-in was quick and the booking was smooth, really good. Kamra badhiya aur comfortable tha.",hinglish
Property I,MakeMyTrip,2024-01-02,3,Khaana badhiya tha aur nashta bhi tasty.,hinglish
Property B,Booking,2024-01-03,3,"Room service accha tha, towels clean the. Mountain ka nazara shandar, location badhiya.",hinglish
Property B,Booking,2024-01-03,4,Kamra badhiya aur comfortable tha.,hinglish
Property C,Booking,2024-01-03,4,"Mountain ka nazara shandar, location badhiya.",hinglish
Property D,Booking,2024-01-03,3,"Sasta aur accha, paisa vasool stay. Kamra badhiya aur comfortable tha.",hinglish
Property F,Booking,2024-01-03,4,Khaana badhiya tha aur nashta bhi tasty.,hinglish
Property H,TripAdvisor,2024-01-03,1,Khaana bekaar aur thanda tha.,hinglish
Property J,MakeMyTrip,2024-01-03,2,Reception staff ka vyavhaar bekaar tha.,hinglish
Property L,GoogleMaps,2024-01-03,5,"The food was delicious and the breakfast was fresh. Check-in fast tha, booking process accha.",hinglish
Property A,GoogleMaps,2024-01-04,4,"Staff ka vyavhaar accha tha, reception helpful.",hinglish
Property A,TripAdvisor,2024-01-04,2,"Bathroom ganda tha, gandagi thi.",hinglish
Property A,TripAdvisor,2024-01-04,3,"Bahut mehenga tha, bilkul value nahi. The food was delicious and the breakfast was fresh.",hinglish
Property D,Booking,2024-01-04,2,The room was spacious and comfortable with a warm heater. The check-in was slow and the booking was a problem.,en
Property G,MakeMyTrip,2024-01-04,4,"The food was delicious and the breakfast was fresh. Sasta aur accha, paisa vasool stay.",hinglish
Property I,MakeMyTrip,2024-01-04,4,"Khaana badhiya tha aur nashta bhi tasty. Mountain ka nazara shandar, location badhiya.",hinglish
Property I,TripAdvisor,2024-01-04,1,"Booking me check-in slow tha, bekaar process.",hinglish
Property J,MakeMyTrip,2024-01-04,3,Kamra badhiya aur comfortable tha.,hinglish
Property J,GoogleMaps,2024-01-04,3,The staff were rude and the manager was unhelpful.,en
Property K,TripAdvisor,2024-01-04,3,"The food was delicious and the breakfast was fresh. Housekeeping never changed the towels, poor service.",en
Property B,GoogleMaps,2024-01-05,4,Kamra badhiya aur comfortable tha. बाथरूम गंदा था.,hi
Property E,TripAdvisor,2024-01-05,4,कमरे का हीटर खराब था. The staff were friendly and the reception was helpful.,hi
Property G,Booking,2024-01-05,5,"Housekeeping was prompt and the towels were fresh. Bathroom ekdum saaf, safai badhiya.",hinglish
Property G,TripAdvisor,2024-01-05,3,खाना बेकार और ठंडा था.,hi
Property H,GoogleMaps,2024-01-05,3,The staff were friendly and the reception was helpful.,en
Property J,TripAdvisor,2024-01-05,3,Very clean and hygienic bathroom. Reception staff ka vyavhaar bekaar tha.,hinglish
Property K,GoogleMaps,2024-01-05,3,Great value for money and worth the price. The room heater was not working and it was freezing cold at night.,en
Property A,Booking,2024-01-06,4,"Bathroom ekdum saaf, safai badhiya.",hinglish
Property B,MakeMyTrip,2024-01-06,3,"Mountain ka nazara shandar, location badhiya. Staff ka vyavhaar accha tha, reception helpful.",hinglish
Property B,Booking,2024-01-06,2,"Housekeeping never changed the towels, poor service. Bathroom ganda tha, gandagi thi.",hinglish
Property D,GoogleMaps,2024-01-06,3,Housekeeping was prompt and the towels were fresh.,en
Property H,GoogleMaps,2024-01-06,3,"Room service accha tha, towels clean the. The room heater was not working and it was freezing cold at night.",hinglish
Property K,GoogleMaps,2024-01-06,2,"The food was stale and cold, really disappointing.",en
Property K,MakeMyTrip,2024-01-06,2,"Room service accha tha, towels clean the. Overpriced and too expensive for what you get.",hinglish
Property A,TripAdvisor,2024-01-07,4,The location was great with a beautiful mountain view.,en
Property B,Booking,2024-01-07,4,The location was great with a beautiful mountain view.,en
Property C,MakeMyTrip,2024-01-07,3,Kamra badhiya aur comfortable tha. Khaana badhiya tha aur nashta bhi tasty.,hinglish
Property D,Booking,2024-01-07,3,कमरे का हीटर खराब था.,hi
Property G,TripAdvisor,2024-01-07,2,Reception staff ka vyavhaar bekaar tha.,hinglish
Property J,Booking,2024-01-07,3,"Bathroom ganda tha, gandagi thi. Kamra badhiya aur comfortable tha.",hinglish
Property J,GoogleMaps,2024-01-07,2,Overpriced and too expensive for what you get.,en
Property L,MakeMyTrip,2024-01-07,4,The location was great with a beautiful mountain view. Khaana badhiya tha aur nashta bhi tasty.,hinglish
Property L,Booking,2024-01-07,4,Khaana badhiya tha aur nashta bhi tasty.,hinglish
Property B,Booking,2024-01-08,4,The location was great with a beautiful mountain view.,en
Property E,Booking,2024-01-08,3,Very clean and hygienic bathroom.,en
Property G,GoogleMaps,2024-01-08,5,"The check-in was quick and the booking was smooth, really good.",en
Property H,Booking,2024-01-08,4,Kamra badhiya aur comfortable tha.,hinglish
Property I,MakeMyTrip,2024-01-08,4,The staff were rude and the manager was unhelpful. Very clean and hygienic bathroom.,en
Property K,Booking,2024-01-08,4,"Bathroom ekdum saaf, safai badhiya.",hinglish
Property A,MakeMyTrip,2024-01-09,3,"Bathroom ekdum saaf, safai badhiya.",hinglish
Property D,TripAdvisor,2024-01-09,5,The room was spacious and comfortable with a warm heater. The staff were friendly and the reception was helpful.,en
Property L,GoogleMaps,2024-01-09,3,Khaana bekaar aur thanda tha.,hinglish
Property B,TripAdvisor,2024-01-10,1,खाना बेकार और ठंडा था.,hi
Property B,GoogleMaps,2024-01-10,3,खाना बहुत बढ़िया था.,hi
Property C,Booking,2024-01-10,2,"Towels ganda the, room service bekaar.",hinglish
Property C,GoogleMaps,2024-01-10,5,The staff were friendly and the reception was helpful.,en
Property D,TripAdvisor,2024-01-10,3,The staff were rude and the manager was unhelpful.,en
Property E,MakeMyTrip,2024-01-10,3,The staff were friendly and the reception was helpful.,en
Property I,Booking,2024-01-10,3,"Room service accha tha, towels clean the. खाना बेकार और ठंडा था.",hi
Property J,GoogleMaps,2024-01-10,2,बाथरूम गंदा था.,hi
Property C,Booking,2024-01-11,4,The room was spacious and comfortable with a warm heater.,en
Property D,GoogleMaps,2024-01-11,1,"Bahut mehenga tha, bilkul value nahi.",hinglish
Property E,GoogleMaps,2024-01-11,2,खाना बेकार और ठंडा था. Overpriced and too expensive for what you get.,hi
Property E,MakeMyTrip,2024-01-11,4,Kamra badhiya aur comfortable tha. Housekeeping was prompt and the towels were fresh.,hinglish
Property E,Booking,2024-01-11,4,The room was spacious and comfortable with a warm heater.,en
Property H,MakeMyTrip,2024-01-11,5,The staff were friendly and the reception was helpful. The room was spacious and comfortable with a warm heater.,en
Property H,MakeMyTrip,2024-01-11,4,"The staff were friendly and the reception was helpful. Location bekaar thi, market se door.",hinglish
Property J,GoogleMaps,2024-01-11,3,"The room heater was not working and it was freezing cold at night. Staff ka vyavhaar accha tha, reception helpful.",hinglish
Property A,TripAdvisor,2024-01-12,3,"Khaana bekaar aur thanda tha. Bathroom ekdum saaf, safai badhiya.",hinglish
Property C,TripAdvisor,2024-01-12,3,"The bathroom was dirty and smelly, poor hygiene. खाना बहुत बढ़िया था.",hi
Property F,Booking,2024-01-12,5,"Kamra badhiya aur comfortable tha. Staff ka vyavhaar accha tha, reception helpful.",hinglish
Property G,TripAdvisor,2024-01-12,2,"Kamre ka heater band tha, bahut thanda kamra.",hinglish
Property H,GoogleMaps,2024-01-12,3,"The staff were friendly and the reception was helpful. Bathroom ganda tha, gandagi thi.",hinglish
Property I,TripAdvisor,2024-01-12,4,"Housekeeping was prompt and the towels were fresh. Mountain ka nazara shandar, location badhiya.",hinglish
Property L,Booking,2024-01-12,4,Kamra badhiya aur comfortable tha.,hinglish
Property B,TripAdvisor,2024-01-13,3,"Staff ka vyavhaar accha tha, reception helpful.",hinglish
Property C,MakeMyTrip,2024-01-13,4,The food was delicious and the breakfast was fresh.,en
Property E,TripAdvisor,2024-01-13,3,"Sasta aur accha, paisa vasool stay.",hinglish
Property F,TripAdvisor,2024-01-13,4,"The check-in was quick and the booking was smooth, really good. Housekeeping was prompt and the towels were fresh.",en
Property G,MakeMyTrip,2024-01-13,2,खाना बहुत बढ़िया था. Reception staff ka vyavhaar bekaar tha.,hi
Property I,Booking,2024-01-13,4,The room was spacious and comfortable with a warm heater. The staff were friendly and the reception was helpful.,en
Property I,Booking,2024-01-13,4,"The staff were friendly and the reception was helpful. Sasta aur accha, paisa vasool stay.",hinglish
Property C,TripAdvisor,2024-01-14,4,The food was delicious and the breakfast was fresh. The room heater was not working and it was freezing cold at night.,en
Property C,MakeMyTrip,2024-01-14,4,Khaana badhiya tha aur nashta bhi tasty.,hinglish
Property C,GoogleMaps,2024-01-14,4,"The staff were friendly and the reception was helpful. The food was stale and cold, really disappointing.",en
Property F,TripAdvisor,2024-01-14,5,खाना बहुत बढ़िया था. Great value for money and worth the price.,hi
Property G,TripAdvisor,2024-01-14,4,"Bahut mehenga tha, bilkul value nahi. Very clean and hygienic bathroom.",hinglish
Property I,Booking,2024-01-14,2,"Kamre ka heater band tha, bahut thanda kamra.",hinglish
Property L,GoogleMaps,2024-01-14,4,"खाना बहुत बढ़िया था. Staff ka vyavhaar accha tha, reception helpful.",hi
Property L,TripAdvisor,2024-01-14,5,"Very clean and hygienic bathroom. Sasta aur accha, paisa vasool stay.",hinglish
Property A,Booking,2024-01-15,2,बाथरूम गंदा था. Overpriced and too expensive for what you get.,hi
Property B,Booking,2024-01-15,3,"The room was spacious and comfortable with a warm heater. Location bekaar thi, market se door.",hinglish
Property F,Booking,2024-01-15,2,"Khaana badhiya tha aur nashta bhi tasty. Location bekaar thi, market se door.",hinglish
Property J,GoogleMaps,2024-01-15,3,"Housekeeping never changed the towels, poor service.",en
Property K,TripAdvisor,2024-01-15,4,Housekeeping was prompt and the towels were fresh.,en
Property B,GoogleMaps,2024-01-16,2,खाना बेकार और ठंडा था. The room was spacious and comfortable with a warm heater.,hi
Property C,Booking,2024-01-16,3,Khaana bekaar aur thanda tha. The room was spacious and comfortable with a warm heater.,hinglish
Property E,Booking,2024-01-16,3,"Mountain ka nazara shandar, location badhiya. The bathroom was dirty and smelly, poor hygiene.",hinglish
Property E,GoogleMaps,2024-01-16,3,The food was delicious and the breakfast was fresh. Housekeeping was prompt and the towels were fresh.,en
Property H,MakeMyTrip,2024-01-16,5,"Khaana badhiya tha aur nashta bhi tasty. Sasta aur accha, paisa vasool stay.",hinglish
Property I,GoogleMaps,2024-01-16,4,"Mountain ka nazara shandar, location badhiya. Room service accha tha, towels clean the.",hinglish
Property J,TripAdvisor,2024-01-16,4,खाना बहुत बढ़िया था.,hi
Property K,MakeMyTrip,2024-01-16,2,"Location bekaar thi, market se door. The room was spacious and comfortable with a warm heater.",hinglish
Property L,TripAdvisor,2024-01-16,4,"Staff ka vyavhaar accha tha, reception helpful. The check-in was quick and the booking was smooth, really good.",hinglish
Property L,MakeMyTrip,2024-01-16,5,"Bathroom ekdum saaf, safai badhiya.",hinglish
Property C,GoogleMaps,2024-01-17,4,Very clean and hygienic bathroom. Kamra badhiya aur comfortable tha.,hinglish
Property D,Booking,2024-01-17,4,The room heater was not working and it was freezing cold at night. Great value for money and worth the price.,en
Property E,GoogleMaps,2024-01-17,2,खाना बेकार और ठंडा था. The check-in was slow and the booking was a problem.,hi
Property E,TripAdvisor,2024-01-17,3,Reception staff ka vyavhaar bekaar tha.,hinglish
Property H,TripAdvisor,2024-01-17,1,The location was poor and far from the market. Khaana bekaar aur thanda tha.,hinglish
Property I,Booking,2024-01-17,3,"The staff were friendly and the reception was helpful. Bathroom ekdum saaf, safai badhiya.",hinglish
Property I,Booking,2024-01-17,4,Khaana badhiya tha aur nashta bhi tasty.,hinglish
Property J,MakeMyTrip,2024-01-17,3,Great value for money and worth the price.,en
Property J,Booking,2024-01-17,4,"Bathroom ekdum saaf, safai badhiya.",hinglish
Property J,Booking,2024-01-17,3,खाना बहुत बढ़िया था.,hi
Property K,GoogleMaps,2024-01-17,2,"कमरे का हीटर खराब था. The food was stale and cold, really disappointing.",hi
Property B,MakeMyTrip,2024-01-18,3,"Housekeeping never changed the towels, poor service.",en
Property C,GoogleMaps,2024-01-18,3,Khaana badhiya tha aur nashta bhi tasty.,hinglish
Property E,GoogleMaps,2024-01-18,5,"Check-in fast tha, booking process accha.",hinglish
Property G,MakeMyTrip,2024-01-18,4,Very clean and hygienic bathroom.,en
Property G,Booking,2024-01-18,3,खाना बहुत बढ़िया था. The room heater was not working and it was freezing cold at night.,hi
Property J,TripAdvisor,2024-01-18,2,"बाथरूम गंदा था. Kamre ka heater band tha, bahut thanda kamra.",hi
Property J,TripAdvisor,2024-01-18,3,"Reception staff ka vyavhaar bekaar tha. Kamre ka heater band tha, bahut thanda kamra.",hinglish
Property K,GoogleMaps,2024-01-18,2,"Kamre ka heater band tha, bahut thanda kamra.",hinglish
Property A,Booking,2024-01-19,4,खाना बहुत बढ़िया था.,hi
Property B,TripAdvisor,2024-01-19,1,Khaana bekaar aur thanda tha.,hinglish
Property D,Booking,2024-01-19,3,"Location bekaar thi, market se door. Staff ka vyavhaar accha tha, reception helpful.",hinglish
Property D,TripAdvisor,2024-01-19,5,"Bathroom ekdum saaf, safai badhiya. Khaana badhiya tha aur nashta bhi tasty.",hinglish
Property F,MakeMyTrip,2024-01-19,3,"Housekeeping never changed the towels, poor service. The room was spacious and comfortable with a warm heater.",en
Property G,MakeMyTrip,2024-01-19,2,"Location bekaar thi, market se door.",hinglish
Property I,Booking,2024-01-19,4,Kamra badhiya aur comfortable tha.,hinglish
Property B,Booking,2024-01-20,3,"Booking me check-in slow tha, bekaar process. Kamra badhiya aur comfortable tha.",hinglish
Property F,MakeMyTrip,2024-01-20,5,The location was great with a beautiful mountain view.,en
Property F,MakeMyTrip,2024-01-20,5,"Sasta aur accha, paisa vasool stay.",hinglish
Property H,Booking,2024-01-20,2,"The bathroom was dirty and smelly, poor hygiene. The room was spacious and comfortable with a warm heater.",en
Property J,MakeMyTrip,2024-01-20,3,कमरे का हीटर खराब था.,hi
Property K,GoogleMaps,2024-01-20,5,Kamra badhiya aur comfortable tha.,hinglish
Property K,Booking,2024-01-20,2,Khaana bekaar aur thanda tha. The room heater was not working and it was freezing cold at night.,hinglish
Property K,Booking,2024-01-20,2,कमरे का हीटर खराब था.,hi
Property L,Booking,2024-01-20,4,"Housekeeping never changed the towels, poor service. Staff ka vyavhaar accha tha, reception helpful.",hinglish
Property L,GoogleMaps,2024-01-20,4,Khaana badhiya tha aur nashta bhi tasty.,hinglish
Property L,GoogleMaps,2024-01-20,4,Great value for money and worth the price.,en
Property L,Booking,2024-01-20,3,The room was spacious and comfortable with a warm heater.,en
Property A,MakeMyTrip,2024-01-21,4,"Mountain ka nazara shandar, location badhiya.",hinglish
Property C,MakeMyTrip,2024-01-21,5,Great value for money and worth the price.,en
Property C,GoogleMaps,2024-01-21,5,"Bathroom ekdum saaf, safai badhiya. The staff were friendly and the reception was helpful.",hinglish
Property C,GoogleMaps,2024-01-21,5,"Bathroom ekdum saaf, safai badhiya.",hinglish
Property G,GoogleMaps,2024-01-21,4,"Bathroom ekdum saaf, safai badhiya. The room was spacious and comfortable with a warm heater.",hinglish
Property H,MakeMyTrip,2024-01-21,3,The room was spacious and comfortable with a warm heater.,en
Property L,TripAdvisor,2024-01-21,5,"Room service accha tha, towels clean the.",hinglish
Property F,GoogleMaps,2024-01-22,5,The location was great with a beautiful mountain view. The room was spacious and comfortable with a warm heater.,en
Property F,MakeMyTrip,2024-01-22,4,"Bathroom ekdum saaf, safai badhiya. Bahut mehenga tha, bilkul value nahi.",hinglish
Property F,MakeMyTrip,2024-01-22,3,"Bahut mehenga tha, bilkul value nahi. Staff ka vyavhaar accha tha, reception helpful.",hinglish
Property G,Booking,2024-01-22,4,Housekeeping was prompt and the towels were fresh. The room was spacious and comfortable with a warm heater.,en
Property G,GoogleMaps,2024-01-22,4,"Bathroom ekdum saaf, safai badhiya. Khaana badhiya tha aur nashta bhi tasty.",hinglish
Property H,TripAdvisor,2024-01-22,4,The room was spacious and comfortable with a warm heater. The location was great with a beautiful mountain view.,en
Property A,Booking,2024-01-23,4,"Staff ka vyavhaar accha tha, reception helpful. Housekeeping was prompt and the towels were fresh.",hinglish
Property D,MakeMyTrip,2024-01-23,2,"Mountain ka nazara shandar, location badhiya. Towels ganda the, room service bekaar.",hinglish
Property G,GoogleMaps,2024-01-23,5,"The location was great with a beautiful mountain view. Room service accha tha, towels clean the.",hinglish
Property J,MakeMyTrip,2024-01-23,2,"Housekeeping never changed the towels, poor service.",en
Property B,GoogleMaps,2024-01-24,5,"Bathroom ekdum saaf, safai badhiya. Staff ka vyavhaar accha tha, reception helpful.",hinglish
Property D,TripAdvisor,2024-01-24,2,Reception staff ka vyavhaar bekaar tha. Very clean and hygienic bathroom.,hinglish
Property E,TripAdvisor,2024-01-24,2,खाना बेकार और ठंडा था. The staff were rude and the manager was unhelpful.,hi
Property H,MakeMyTrip,2024-01-24,4,खाना बहुत बढ़िया था.,hi
Property H,GoogleMaps,2024-01-24,3,The food was delicious and the breakfast was fresh. The location was poor and far from the market.,en
Property H,GoogleMaps,2024-01-24,3,खाना बेकार और ठंडा था.,hi
Property K,TripAdvisor,2024-01-24,2,खाना बेकार और ठंडा था.,hi
Property K,Booking,2024-01-24,1,"The room heater was not working and it was freezing cold at night. Booking me check-in slow tha, bekaar process.",hinglish
Property B,Booking,2024-01-25,4,The room was spacious and comfortable with a warm heater. Reception staff ka vyavhaar bekaar tha.,hinglish
Property C,MakeMyTrip,2024-01-25,4,Khaana badhiya tha aur nashta bhi tasty.,hinglish
Property C,TripAdvisor,2024-01-25,4,"Staff ka vyavhaar accha tha, reception helpful.",hinglish
Property C,Booking,2024-01-25,4,"कमरे का हीटर खराब था. Bathroom ekdum saaf, safai badhiya.",hi
Property H,MakeMyTrip,2024-01-25,4,Housekeeping was prompt and the towels were fresh.,en
Property I,MakeMyTrip,2024-01-25,4,"Bathroom ekdum saaf, safai badhiya. Khaana badhiya tha aur nashta bhi tasty.",hinglish
Property J,MakeMyTrip,2024-01-25,3,"The bathroom was dirty and smelly, poor hygiene. The room heater was not working and it was freezing cold at night.",en
Property L,MakeMyTrip,2024-01-25,4,"Khaana badhiya tha aur nashta bhi tasty. Sasta aur accha, paisa vasool stay.",hinglish
Property A,Booking,2024-01-26,4,The staff were friendly and the reception was helpful.,en
Property B,TripAdvisor,2024-01-26,4,Khaana bekaar aur thanda tha. The room was spacious and comfortable with a warm heater.,hinglish
Property F,Booking,2024-01-26,2,The room heater was not working and it was freezing cold at night.,en
Property F,TripAdvisor,2024-01-26,5,खाना बहुत बढ़िया था.,hi
Property G,TripAdvisor,2024-01-26,5,Great value for money and worth the price.,en
Property G,MakeMyTrip,2024-01-26,4,खाना बहुत बढ़िया था. Housekeeping was prompt and the towels were fresh.,hi
Property H,GoogleMaps,2024-01-26,3,Great value for money and worth the price. खाना बहुत बढ़िया था.,hi
Property I,GoogleMaps,2024-01-26,4,Khaana bekaar aur thanda tha. Kamra badhiya aur comfortable tha.,hinglish
Property J,MakeMyTrip,2024-01-26,3,The staff were rude and the manager was unhelpful.,en
Property K,Booking,2024-01-26,4,"Sasta aur accha, paisa vasool stay.",hinglish
Property A,Booking,2024-01-27,2,Khaana bekaar aur thanda tha.,hinglish
Property B,Booking,2024-01-27,2,Overpriced and too expensive for what you get.,en
Property C,GoogleMaps,2024-01-27,4,"Room service accha tha, towels clean the.",hinglish
Property D,MakeMyTrip,2024-01-27,5,Very clean and hygienic bathroom. The room was spacious and comfortable with a warm heater.,en
Property D,TripAdvisor,2024-01-27,1,The location was poor and far from the market.,en
Property E,GoogleMaps,2024-01-27,4,The food was delicious and the breakfast was fresh.,en
Property F,TripAdvisor,2024-01-27,4,The room was spacious and comfortable with a warm heater. Khaana badhiya tha aur nashta bhi tasty.,hinglish
Property F,Booking,2024-01-27,4,Kamra badhiya aur comfortable tha. The staff were friendly and the reception was helpful.,hinglish
Property F,MakeMyTrip,2024-01-27,2,"Bathroom ganda tha, gandagi thi. Kamra badhiya aur comfortable tha.",hinglish
Property G,MakeMyTrip,2024-01-27,4,Kamra badhiya aur comfortable tha.,hinglish
Property I,GoogleMaps,2024-01-27,4,"Location bekaar thi, market se door. Kamra badhiya aur comfortable tha.",hinglish
Property J,GoogleMaps,2024-01-27,4,The room was spacious and comfortable with a warm heater.,en
Property L,GoogleMaps,2024-01-27,5,"Sasta aur accha, paisa vasool stay. Kamra badhiya aur comfortable tha.",hinglish
Property L,Booking,2024-01-27,3,"Kamra badhiya aur comfortable tha. Booking me check-in slow tha, bekaar process.",hinglish
Property A,MakeMyTrip,2024-02-01,5,"Mountain ka nazara shandar, location badhiya. Kamra badhiya aur comfortable tha.",hinglish
Property B,TripAdvisor,2024-02-01,4,"Mountain ka nazara shandar, location badhiya. Staff ka vyavhaar accha tha, reception helpful.",hinglish
Property D,GoogleMaps,2024-02-01,3,"Bathroom ganda tha, gandagi thi. Kamre ka heater band tha, bahut thanda kamra.",hinglish
Property E,Booking,2024-02-01,2,"The room heater was not working and it was freezing cold at night. Housekeeping never changed the towels, poor service.",en
Property F,GoogleMaps,2024-02-01,4,The location was great with a beautiful mountain view.,en
Property I,MakeMyTrip,2024-02-01,4,Very clean and hygienic bathroom.,en
Property I,MakeMyTrip,2024-02-01,5,"Mountain ka nazara shandar, location badhiya.",hinglish
Property J,MakeMyTrip,2024-02-01,2,"Kamre ka heater band tha, bahut thanda kamra. खाना बेकार और ठंडा था.",hi
Property L,TripAdvisor,2024-02-01,4,The food was delicious and the breakfast was fresh. Housekeeping was prompt and the towels were fresh.,en
Property B,MakeMyTrip,2024-02-02,4,"Mountain ka nazara shandar, location badhiya. Very clean and hygienic bathroom.",hinglish
Property C,GoogleMaps,2024-02-02,2,"The food was stale and cold, really disappointing.",en
Property C,Booking,2024-02-02,3,Housekeeping was prompt and the towels were fresh.,en
Property E,GoogleMaps,2024-02-02,3,Great value for money and worth the price.,en
Property F,TripAdvisor,2024-02-02,4,The staff were friendly and the reception was helpful. The location was great with a beautiful mountain view.,en
Property I,TripAdvisor,2024-02-02,5,"Kamra badhiya aur comfortable tha. Sasta aur accha, paisa vasool stay.",hinglish
Property I,TripAdvisor,2024-02-02,4,The room was spacious and comfortable with a warm heater. खाना बेकार और ठंडा था.,hi
Property I,Booking,2024-02-02,3,"Mountain ka nazara shandar, location badhiya.",hinglish
Property J,MakeMyTrip,2024-02-02,5,The room was spacious and comfortable with a warm heater. The food was delicious and the breakfast was fresh.,en
Property K,MakeMyTrip,2024-02-02,1,"The food was stale and cold, really disappointing.",en
Property K,TripAdvisor,2024-02-02,4,"The food was stale and cold, really disappointing. The location was great with a beautiful mountain view.",en
Property C,GoogleMaps,2024-02-03,4,The room was spacious and comfortable with a warm heater. खाना बहुत बढ़िया था.,hi
Property D,TripAdvisor,2024-02-03,2,"Khaana bekaar aur thanda tha. Staff ka vyavhaar accha tha, reception helpful.",hinglish
Property E,TripAdvisor,2024-02-03,4,"The check-in was quick and the booking was smooth, really good.",en
Property G,GoogleMaps,2024-02-03,5,Khaana badhiya tha aur nashta bhi tasty.,hinglish
Property I,MakeMyTrip,2024-02-03,5,The food was delicious and the breakfast was fresh.,en
Property J,Booking,2024-02-03,2,"Towels ganda the, room service bekaar.",hinglish
Property K,GoogleMaps,2024-02-03,4,"Staff ka vyavhaar accha tha, reception helpful. Kamra badhiya aur comfortable tha.",hinglish
Property A,MakeMyTrip,2024-02-04,4,The staff were rude and the manager was unhelpful. खाना बहुत बढ़िया था.,hi
Property C,Booking,2024-02-04,3,"Booking me check-in slow tha, bekaar process.",hinglish
Property C,TripAdvisor,2024-02-04,3,"Bathroom ekdum saaf, safai badhiya. Staff ka vyavhaar accha tha, reception helpful.",hinglish
Property D,TripAdvisor,2024-02-04,2,The room heater was not working and it was freezing cold at night. Overpriced and too expensive for what you get.,en
Property F,MakeMyTrip,2024-02-04,4,The food was delicious and the breakfast was fresh.,en
Property F,Booking,2024-02-04,3,The food was delicious and the breakfast was fresh.,en
Property A,GoogleMaps,2024-02-05,2,खाना बेकार और ठंडा था.,hi
Property B,MakeMyTrip,2024-02-05,1,कमरे का हीटर खराब था.,hi
Property E,GoogleMaps,2024-02-05,5,Kamra badhiya aur comfortable tha.,hinglish
Property E,TripAdvisor,2024-02-05,3,खाना बेकार और ठंडा था. The staff were friendly and the reception was helpful.,hi
Property F,GoogleMaps,2024-02-05,4,The staff were friendly and the reception was helpful.,en
Property F,Booking,2024-02-05,5,Very clean and hygienic bathroom.,en
Property K,MakeMyTrip,2024-02-05,3,"बाथरूम गंदा था. Towels ganda the, room service bekaar.",hi
Property C,GoogleMaps,2024-02-06,4,"Bathroom ekdum saaf, safai badhiya. The food was delicious and the breakfast was fresh.",hinglish
Property F,MakeMyTrip,2024-02-06,1,Overpriced and too expensive for what you get.,en
Property G,GoogleMaps,2024-02-06,3,The room was spacious and comfortable with a warm heater. Great value for money and worth the price.,en
Property G,GoogleMaps,2024-02-06,3,खाना बेकार और ठंडा था.,hi
Property G,TripAdvisor,2024-02-06,3,The location was poor and far from the market.,en
Property G,GoogleMaps,2024-02-06,5,Great value for money and worth the price.,en
Property L,TripAdvisor,2024-02-06,4,"Staff ka vyavhaar accha tha, reception helpful.",hinglish
Property B,TripAdvisor,2024-02-07,3,"Staff ka vyavhaar accha tha, reception helpful.",hinglish
Property D,TripAdvisor,2024-02-07,2,"Location bekaar thi, market se door.",hinglish
Property F,Booking,2024-02-07,2,The staff were rude and the manager was unhelpful.,en
Property H,TripAdvisor,2024-02-07,5,The location was great with a beautiful mountain view.,en
Property J,TripAdvisor,2024-02-07,3,"Housekeeping never changed the towels, poor service. The staff were rude and the manager was unhelpful.",en
Property A,MakeMyTrip,2024-02-08,4,"Bathroom ekdum saaf, safai badhiya.",hinglish
Property A,GoogleMaps,2024-02-08,3,"Check-in fast tha, booking process accha. The staff were friendly and the reception was helpful.",hinglish
Property A,MakeMyTrip,2024-02-08,3,"Location bekaar thi, market se door.",hinglish
Property A,TripAdvisor,2024-02-08,3,"Housekeeping was prompt and the towels were fresh. Kamre ka heater band tha, bahut thanda kamra.",hinglish
Property B,Booking,2024-02-08,4,"Staff ka vyavhaar accha tha, reception helpful.",hinglish
Property C,TripAdvisor,2024-02-08,4,"Check-in fast tha, booking process accha.",hinglish
Property E,Booking,2024-02-08,5,"Sasta aur accha, paisa vasool stay.",hinglish
Property G,TripAdvisor,2024-02-08,4,Khaana badhiya tha aur nashta bhi tasty.,hinglish
Property G,MakeMyTrip,2024-02-08,3,"Great value for money and worth the price. The check-in was quick and the booking was smooth, really good.",en
Property J,Booking,2024-02-08,5,The location was great with a beautiful mountain view.,en
Property K,MakeMyTrip,2024-02-08,4,"Staff ka vyavhaar accha tha, reception helpful.",hinglish
Property K,Booking,2024-02-08,2,"Bathroom ganda tha, gandagi thi.",hinglish
Property K,Booking,2024-02-08,3,"Mountain ka nazara shandar, location badhiya.",hinglish
Property B,MakeMyTrip,2024-02-09,3,Kamra badhiya aur comfortable tha. खाना बहुत बढ़िया था.,hi
Property C,GoogleMaps,2024-02-09,4,The room was spacious and comfortable with a warm heater.,en
Property C,TripAdvisor,2024-02-09,4,"Sasta aur accha, paisa vasool stay. Kamra badhiya aur comfortable tha.",hinglish
Property J,GoogleMaps,2024-02-09,2,The room heater was not working and it was freezing cold at night. Khaana bekaar aur thanda tha.,hinglish
Property D,TripAdvisor,2024-02-10,2,Overpriced and too expensive for what you get. The staff were rude and the manager was unhelpful.,en
Property D,MakeMyTrip,2024-02-10,3,The room heater was not working and it was freezing cold at night. The location was great with a beautiful mountain view.,en
Property E,Booking,2024-02-10,2,Khaana bekaar aur thanda tha.,hinglish
Property G,TripAdvisor,2024-02-10,4,"कमरे का हीटर खराब था. Room service accha tha, towels clean the.",hi
Property H,GoogleMaps,2024-02-10,4,Kamra badhiya aur comfortable tha.,hinglish
Property I,TripAdvisor,2024-02-10,5,Kamra badhiya aur comfortable tha. The staff were friendly and the reception was helpful.,hinglish
Property I,Booking,2024-02-10,5,The room was spacious and comfortable with a warm heater. खाना बहुत बढ़िया था.,hi
Property L,Booking,2024-02-10,1,"Housekeeping never changed the towels, poor service.",en
Property B,GoogleMaps,2024-02-11,3,"The room was spacious and comfortable with a warm heater. Location bekaar thi, market se door.",hinglish
Property C,TripAdvisor,2024-02-11,3,"Staff ka vyavhaar accha tha, reception helpful. The room was spacious and comfortable with a warm heater.",hinglish
Property D,MakeMyTrip,2024-02-11,3,"Reception staff ka vyavhaar bekaar tha. Bathroom ekdum saaf, safai badhiya.",hinglish
Property I,GoogleMaps,2024-02-11,3,"Kamre ka heater band tha, bahut thanda kamra. Housekeeping was prompt and the towels were fresh.",hinglish
Property I,Booking,2024-02-11,2,खाना बेकार और ठंडा था.,hi
Property I,TripAdvisor,2024-02-11,4,Khaana badhiya tha aur nashta bhi tasty.,hinglish
Property I,MakeMyTrip,2024-02-11,3,"Check-in fast tha, booking process accha. Reception staff ka vyavhaar bekaar tha.",hinglish
Property K,Booking,2024-02-11,3,Kamra badhiya aur comfortable tha. The staff were rude and the manager was unhelpful.,hinglish
Property K,MakeMyTrip,2024-02-11,3,"The check-in was quick and the booking was smooth, really good. Khaana bekaar aur thanda tha.",hinglish
Property K,GoogleMaps,2024-02-11,3,"Booking me check-in slow tha, bekaar process.",hinglish
Property L,GoogleMaps,2024-02-11,2,Khaana badhiya tha aur nashta bhi tasty. The staff were rude and the manager was unhelpful.,hinglish
Property E,MakeMyTrip,2024-02-12,3,खाना बेकार और ठंडा था.,hi
Property F,Booking,2024-02-12,2,Overpriced and too expensive for what you get. Reception staff ka vyavhaar bekaar tha.,hinglish
Property L,GoogleMaps,2024-02-12,4,"Housekeeping was prompt and the towels were fresh. Bathroom ekdum saaf, safai badhiya.",hinglish
Property L,TripAdvisor,2024-02-12,4,"Mountain ka nazara shandar, location badhiya.",hinglish
Property C,Booking,2024-02-13,2,"Kamre ka heater band tha, bahut thanda kamra. Check-in fast tha, booking process accha.",hinglish
Property D,MakeMyTrip,2024-02-13,4,"The check-in was slow and the booking was a problem. Mountain ka nazara shandar, location badhiya.",hinglish
Property D,TripAdvisor,2024-02-13,3,Very clean and hygienic bathroom.,en
Property H,TripAdvisor,2024-02-13,4,Great value for money and worth the price. Kamra badhiya aur comfortable tha.,hinglish
Property H,MakeMyTrip,2024-02-13,4,"Staff ka vyavhaar accha tha, reception helpful.",hinglish
Property H,TripAdvisor,2024-02-13,5,The room was spacious and comfortable with a warm heater.,en
Property H,MakeMyTrip,2024-02-13,2,"Bathroom ganda tha, gandagi thi. Kamra badhiya aur comfortable tha.",hinglish
Property H,GoogleMaps,2024-02-13,3,"Housekeeping never changed the towels, poor service. The food was stale and cold, really disappointing.",en
Property K,GoogleMaps,2024-02-13,2,"The food was stale and cold, really disappointing.",en
Property K,Booking,2024-02-13,1,"Reception staff ka vyavhaar bekaar tha. Booking me check-in slow tha, bekaar process.",hinglish
Property L,MakeMyTrip,2024-02-13,4,"Bathroom ekdum saaf, safai badhiya.",hinglish
Property B,MakeMyTrip,2024-02-14,4,Very clean and hygienic bathroom.,en
Property F,Booking,2024-02-14,5,Very clean and hygienic bathroom.,en
Property G,GoogleMaps,2024-02-14,3,"Kamra badhiya aur comfortable tha. Bathroom ekdum saaf, safai badhiya.",hinglish
Property J,GoogleMaps,2024-02-14,2,कमरे का हीटर खराब था. Khaana bekaar aur thanda tha.,hi
Property K,GoogleMaps,2024-02-14,4,"Sasta aur accha, paisa vasool stay.",hinglish
Property C,TripAdvisor,2024-02-15,4,"Staff ka vyavhaar accha tha, reception helpful.",hinglish
Property D,Booking,2024-02-15,3,The location was poor and far from the market.,en
Property D,Booking,2024-02-15,3,The check-in was slow and the booking was a problem.,en
Property E,Booking,2024-02-15,3,खाना बेकार और ठंडा था.,hi
Property H,GoogleMaps,2024-02-15,2,कमरे का हीटर खराब था. Khaana badhiya tha aur nashta bhi tasty.,hi
Property E,MakeMyTrip,2024-02-16,2,"Bathroom ganda tha, gandagi thi.",hinglish
Property E,GoogleMaps,2024-02-16,3,Kamra badhiya aur comfortable tha. Overpriced and too expensive for what you get.,hinglish
Property F,MakeMyTrip,2024-02-16,3,Kamra badhiya aur comfortable tha. खाना बहुत बढ़िया था.,hi
Property G,Booking,2024-02-16,4,"The check-in was quick and the booking was smooth, really good.",en
Property I,MakeMyTrip,2024-02-16,3,Great value for money and worth the price. कमरे का हीटर खराब था.,hi
Property K,TripAdvisor,2024-02-16,5,"Staff ka vyavhaar accha tha, reception helpful.",hinglish
Property K,GoogleMaps,2024-02-16,5,The room was spacious and comfortable with a warm heater. खाना बहुत बढ़िया था.,hi
Property K,MakeMyTrip,2024-02-16,2,Khaana bekaar aur thanda tha. Reception staff ka vyavhaar bekaar tha.,hinglish
Property A,MakeMyTrip,2024-02-17,1,"Housekeeping never changed the towels, poor service.",en
Property E,TripAdvisor,2024-02-17,2,"खाना बेकार और ठंडा था. Booking me check-in slow tha, bekaar process.",hi
Property F,MakeMyTrip,2024-02-17,3,खाना बहुत बढ़िया था. Kamra badhiya aur comfortable tha.,hi
Property G,GoogleMaps,2024-02-17,3,The staff were friendly and the reception was helpful. Great value for money and worth the price.,en
Property J,TripAdvisor,2024-02-17,3,"The check-in was quick and the booking was smooth, really good. Location bekaar thi, market se door.",hinglish
Property J,MakeMyTrip,2024-02-17,3,The check-in was slow and the booking was a problem. Kamra badhiya aur comfortable tha.,hinglish
Property L,GoogleMaps,2024-02-17,4,The food was delicious and the breakfast was fresh. The room was spacious and comfortable with a warm heater.,en
Property B,MakeMyTrip,2024-02-18,2,The room heater was not working and it was freezing cold at night. Overpriced and too expensive for what you get.,en
Property E,GoogleMaps,2024-02-18,3,"Bathroom ganda tha, gandagi thi. The staff were rude and the manager was unhelpful.",hinglish
Property F,TripAdvisor,2024-02-18,2,"The staff were friendly and the reception was helpful. Kamre ka heater band tha, bahut thanda kamra.",hinglish
Property G,MakeMyTrip,2024-02-18,4,"Sasta aur accha, paisa vasool stay.",hinglish
Property H,GoogleMaps,2024-02-18,2,"Bathroom ganda tha, gandagi thi. The food was stale and cold, really disappointing.",hinglish
Property I,TripAdvisor,2024-02-18,1,कमरे का हीटर खराब था.,hi
Property K,MakeMyTrip,2024-02-18,3,The food was delicious and the breakfast was fresh. Housekeeping was prompt and the towels were fresh.,en
Property L,TripAdvisor,2024-02-18,4,"Staff ka vyavhaar accha tha, reception helpful. Kamra badhiya aur comfortable tha.",hinglish
Property L,TripAdvisor,2024-02-18,3,"Room service accha tha, towels clean the.",hinglish
Property L,MakeMyTrip,2024-02-18,5,"Bathroom ekdum saaf, safai badhiya. The staff were friendly and the reception was helpful.",hinglish
Property B,TripAdvisor,2024-02-19,2,"खाना बेकार और ठंडा था. Bathroom ganda tha, gandagi thi.",hi
Property D,MakeMyTrip,2024-02-19,3,"Great value for money and worth the price. Bathroom ekdum saaf, safai badhiya.",hinglish
Property F,MakeMyTrip,2024-02-19,5,Kamra badhiya aur comfortable tha.,hinglish
Property G,Booking,2024-02-19,5,"Bathroom ekdum saaf, safai badhiya.",hinglish
Property G,GoogleMaps,2024-02-19,3,"खाना बहुत बढ़िया था. Sasta aur accha, paisa vasool stay.",hi
Property H,Booking,2024-02-19,2,The check-in was slow and the booking was a problem.,en
Property H,Booking,2024-02-19,4,"Mountain ka nazara shandar, location badhiya.",hinglish
Property I,MakeMyTrip,2024-02-19,4,"Khaana badhiya tha aur nashta bhi tasty. The bathroom was dirty and smelly, poor hygiene.",hinglish
Property I,MakeMyTrip,2024-02-19,3,"Mountain ka nazara shandar, location badhiya. Towels ganda the, room service bekaar.",hinglish
Property J,GoogleMaps,2024-02-19,5,"Bathroom ekdum saaf, safai badhiya.",hinglish
Property J,TripAdvisor,2024-02-19,3,Khaana badhiya tha aur nashta bhi tasty. कमरे का हीटर खराब था.,hi
Property J,MakeMyTrip,2024-02-19,2,"Overpriced and too expensive for what you get. Housekeeping never changed the towels, poor service.",en
Property F,MakeMyTrip,2024-02-20,5,"Check-in fast tha, booking process accha.",hinglish
Property G,GoogleMaps,2024-02-20,5,"The room was spacious and comfortable with a warm heater. Sasta aur accha, paisa vasool stay.",hinglish
Property H,GoogleMaps,2024-02-20,4,"Sasta aur accha, paisa vasool stay.",hinglish
Property J,MakeMyTrip,2024-02-20,4,The location was great with a beautiful mountain view.,en
Property K,Booking,2024-02-20,2,बाथरूम गंदा था. The staff were rude and the manager was unhelpful.,hi
Property B,MakeMyTrip,2024-02-21,5,Housekeeping was prompt and the towels were fresh.,en
Property D,Booking,2024-02-21,2,"Location bekaar thi, market se door. Housekeeping never changed the towels, poor service.",hinglish
Property E,Booking,2024-02-21,4,The food was delicious and the breakfast was fresh.,en
Property E,MakeMyTrip,2024-02-21,2,कमरे का हीटर खराब था.,hi
Property J,GoogleMaps,2024-02-21,3,Khaana bekaar aur thanda tha. The room heater was not working and it was freezing cold at night.,hinglish
Property K,Booking,2024-02-21,3,The location was poor and far from the market. The food was delicious and the breakfast was fresh.,en
Property B,TripAdvisor,2024-02-22,5,"Staff ka vyavhaar accha tha, reception helpful.",hinglish
Property B,MakeMyTrip,2024-02-22,2,The location was poor and far from the market. Very clean and hygienic bathroom.,en
Property E,TripAdvisor,2024-02-22,2,"Booking me check-in slow tha, bekaar process.",hinglish
Property I,TripAdvisor,2024-02-22,4,Great value for money and worth the price.,en
Property J,Booking,2024-02-22,2,"The bathroom was dirty and smelly, poor hygiene. खाना बहुत बढ़िया था.",hi
Property K,MakeMyTrip,2024-02-22,2,"The bathroom was dirty and smelly, poor hygiene.",en
Property K,MakeMyTrip,2024-02-22,3,The staff were rude and the manager was unhelpful. खाना बहुत बढ़िया था.,hi
Property A,TripAdvisor,2024-02-23,1,The staff were rude and the manager was unhelpful.,en
Property A,MakeMyTrip,2024-02-23,4,"Room service accha tha, towels clean the. Great value for money and worth the price.",hinglish
Property A,GoogleMaps,2024-02-23,5,Kamra badhiya aur comfortable tha.,hinglish
Property B,GoogleMaps,2024-02-23,4,The staff were friendly and the reception was helpful. The location was great with a beautiful mountain view.,en
Property H,Booking,2024-02-23,4,Kamra badhiya aur comfortable tha.,hinglish
Property H,TripAdvisor,2024-02-23,3,Great value for money and worth the price.,en
Property I,TripAdvisor,2024-02-23,3,"Towels ganda the, room service bekaar.",hinglish
Property I,GoogleMaps,2024-02-23,4,"Bathroom ekdum saaf, safai badhiya. The food was delicious and the breakfast was fresh.",hinglish
Property A,GoogleMaps,2024-02-24,5,"खाना बहुत बढ़िया था. Staff ka vyavhaar accha tha, reception helpful.",hi
Property C,GoogleMaps,2024-02-24,4,The location was great with a beautiful mountain view.,en
Property E,MakeMyTrip,2024-02-24,5,"Mountain ka nazara shandar, location badhiya.",hinglish
Property F,Booking,2024-02-24,4,The location was great with a beautiful mountain view.,en
Property G,Booking,2024-02-24,2,"The food was stale and cold, really disappointing. Booking me check-in slow tha, bekaar process.",hinglish
Property H,GoogleMaps,2024-02-24,2,"Bahut mehenga tha, bilkul value nahi.",hinglish
Property H,MakeMyTrip,2024-02-24,1,Reception staff ka vyavhaar bekaar tha. The location was poor and far from the market.,hinglish
Property L,Booking,2024-02-24,3,Khaana badhiya tha aur nashta bhi tasty.,hinglish
Property L,GoogleMaps,2024-02-24,4,Khaana badhiya tha aur nashta bhi tasty.,hinglish
Property B,Booking,2024-02-25,5,The staff were friendly and the reception was helpful.,en
Property B,TripAdvisor,2024-02-25,1,"Housekeeping never changed the towels, poor service.",en
Property C,Booking,2024-02-25,3,The room was spacious and comfortable with a warm heater.,en
Property D,GoogleMaps,2024-02-25,3,Khaana bekaar aur thanda tha.,hinglish
Property F,TripAdvisor,2024-02-25,5,Very clean and hygienic bathroom.,en
Property G,Booking,2024-02-25,4,The room was spacious and comfortable with a warm heater. The location was great with a beautiful mountain view.,en
Property G,TripAdvisor,2024-02-25,4,The staff were friendly and the reception was helpful.,en
Property H,TripAdvisor,2024-02-25,4,"Staff ka vyavhaar accha tha, reception helpful. Very clean and hygienic bathroom.",hinglish
Property I,GoogleMaps,2024-02-25,5,"Room service accha tha, towels clean the.",hinglish
Property J,TripAdvisor,2024-02-25,3,"Staff ka vyavhaar accha tha, reception helpful. The bathroom was dirty and smelly, poor hygiene.",hinglish
Property L,TripAdvisor,2024-02-25,3,खाना बहुत बढ़िया था.,hi
Property L,TripAdvisor,2024-02-25,4,"Sasta aur accha, paisa vasool stay.",hinglish
Property L,TripAdvisor,2024-02-25,2,"Towels ganda the, room service bekaar. The food was delicious and the breakfast was fresh.",hinglish
Property A,MakeMyTrip,2024-02-26,3,The staff were rude and the manager was unhelpful.,en
Property B,MakeMyTrip,2024-02-26,4,"Check-in fast tha, booking process accha. Bathroom ekdum saaf, safai badhiya.",hinglish
Property D,TripAdvisor,2024-02-26,3,Reception staff ka vyavhaar bekaar tha.,hinglish
Property F,GoogleMaps,2024-02-26,3,Very clean and hygienic bathroom. The location was poor and far from the market.,en
Property G,TripAdvisor,2024-02-26,4,The room was spacious and comfortable with a warm heater.,en
Property H,MakeMyTrip,2024-02-26,2,"Check-in fast tha, booking process accha. Overpriced and too expensive for what you get.",hinglish
Property H,GoogleMaps,2024-02-26,4,"Staff ka vyavhaar accha tha, reception helpful. Very clean and hygienic bathroom.",hinglish
Property J,MakeMyTrip,2024-02-26,3,"Bathroom ekdum saaf, safai badhiya.",hinglish
Property A,GoogleMaps,2024-02-27,4,"Sasta aur accha, paisa vasool stay. खाना बहुत बढ़िया था.",hi
Property E,TripAdvisor,2024-02-27,3,"Sasta aur accha, paisa vasool stay.",hinglish
Property F,GoogleMaps,2024-02-27,3,खाना बहुत बढ़िया था.,hi
Property G,Booking,2024-02-27,3,Khaana badhiya tha aur nashta bhi tasty. Reception staff ka vyavhaar bekaar tha.,hinglish
Property H,TripAdvisor,2024-02-27,5,The food was delicious and the breakfast was fresh.,en
Property J,GoogleMaps,2024-02-27,3,Khaana badhiya tha aur nashta bhi tasty.,hinglish
Property J,MakeMyTrip,2024-02-27,3,The food was delicious and the breakfast was fresh. The room heater was not working and it was freezing cold at night.,en
Property J,MakeMyTrip,2024-02-27,3,Overpriced and too expensive for what you get.,en
Property L,TripAdvisor,2024-02-27,3,The food was delicious and the breakfast was fresh.,en
Property B,TripAdvisor,2024-03-01,3,"The food was stale and cold, really disappointing. Very clean and hygienic bathroom.",en
Property D,Booking,2024-03-01,4,"Bathroom ekdum saaf, safai badhiya.",hinglish
Property E,MakeMyTrip,2024-03-01,2,"Housekeeping never changed the towels, poor service.",en
Property F,GoogleMaps,2024-03-01,2,Reception staff ka vyavhaar bekaar tha. कमरे का हीटर खराब था.,hi
Property G,TripAdvisor,2024-03-01,3,"Staff ka vyavhaar accha tha, reception helpful.",hinglish
Property G,Booking,2024-03-01,4,"Bathroom ekdum saaf, safai badhiya. Sasta aur accha, paisa vasool stay.",hinglish
Property L,MakeMyTrip,2024-03-01,3,"Mountain ka nazara shandar, location badhiya.",hinglish
Property E,GoogleMaps,2024-03-02,4,"Bathroom ekdum saaf, safai badhiya. The staff were friendly and the reception was helpful.",hinglish
Property G,TripAdvisor,2024-03-02,1,The room heater was not working and it was freezing cold at night.,en
Property G,Booking,2024-03-02,3,The staff were rude and the manager was unhelpful.,en
Property I,Booking,2024-03-02,4,Kamra badhiya aur comfortable tha.,hinglish
Property I,GoogleMaps,2024-03-02,3,"Kamre ka heater band tha, bahut thanda kamra.",hinglish
Property I,TripAdvisor,2024-03-02,1,"The food was stale and cold, really disappointing.",en
Property I,Booking,2024-03-02,3,"Very clean and hygienic bathroom. Mountain ka nazara shandar, location badhiya.",hinglish
Property J,Booking,2024-03-02,2,"Staff ka vyavhaar accha tha, reception helpful. Towels ganda the, room service bekaar.",hinglish
Property K,TripAdvisor,2024-03-02,4,"Kamra badhiya aur comfortable tha. The bathroom was dirty and smelly, poor hygiene.",hinglish
Property D,GoogleMaps,2024-03-03,3,कमरे का हीटर खराब था.,hi
Property E,GoogleMaps,2024-03-03,3,The food was delicious and the breakfast was fresh.,en
Property E,Booking,2024-03-03,2,कमरे का हीटर खराब था.,hi
Property E,Booking,2024-03-03,4,"The food was delicious and the breakfast was fresh. Kamre ka heater band tha, bahut thanda kamra.",hinglish
Property H,GoogleMaps,2024-03-03,2,"बाथरूम गंदा था. Housekeeping never changed the towels, poor service.",hi
Property L,TripAdvisor,2024-03-03,5,The room was spacious and comfortable with a warm heater. Khaana badhiya tha aur nashta bhi tasty.,hinglish
Property A,GoogleMaps,2024-03-04,4,The room was spacious and comfortable with a warm heater.,en
Property E,TripAdvisor,2024-03-04,5,The room was spacious and comfortable with a warm heater.,en
Property F,TripAdvisor,2024-03-04,3,"Kamra badhiya aur comfortable tha. Housekeeping never changed the towels, poor service.",hinglish
Property G,GoogleMaps,2024-03-04,3,"The food was delicious and the breakfast was fresh. Kamre ka heater band tha, bahut thanda kamra.",hinglish
Property I,MakeMyTrip,2024-03-04,4,Very clean and hygienic bathroom. The room was spacious and comfortable with a warm heater.,en
Property J,Booking,2024-03-04,4,"The check-in was quick and the booking was smooth, really good. Kamra badhiya aur comfortable tha.",hinglish
Property J,Booking,2024-03-04,4,Kamra badhiya aur comfortable tha. The location was poor and far from the market.,hinglish
Property K,Booking,2024-03-04,4,"Room service accha tha, towels clean the. Very clean and hygienic bathroom.",hinglish
Property K,TripAdvisor,2024-03-04,4,"The check-in was quick and the booking was smooth, really good. Khaana badhiya tha aur nashta bhi tasty.",hinglish
Property L,TripAdvisor,2024-03-04,5,"Bathroom ekdum saaf, safai badhiya.",hinglish
Property L,GoogleMaps,2024-03-04,5,Great value for money and worth the price. खाना बहुत बढ़िया था.,hi
Property A,TripAdvisor,2024-03-05,2,Kamra badhiya aur comfortable tha. The staff were rude and the manager was unhelpful.,hinglish
Property C,GoogleMaps,2024-03-05,4,"Sasta aur accha, paisa vasool stay.",hinglish
Property C,TripAdvisor,2024-03-05,5,"Kamra badhiya aur comfortable tha. The check-in was quick and the booking was smooth, really good.",hinglish
Property H,MakeMyTrip,2024-03-05,3,"Room service accha tha, towels clean the. Reception staff ka vyavhaar bekaar tha.",hinglish
Property J,GoogleMaps,2024-03-05,4,Very clean and hygienic bathroom. The staff were friendly and the reception was helpful.,en
Property K,MakeMyTrip,2024-03-05,2,The staff were rude and the manager was unhelpful. Overpriced and too expensive for what you get.,en
Property K,MakeMyTrip,2024-03-05,2,"Room service accha tha, towels clean the. Bahut mehenga tha, bilkul value nahi.",hinglish
Property A,TripAdvisor,2024-03-06,5,"Room service accha tha, towels clean the. Kamra badhiya aur comfortable tha.",hinglish
Property B,MakeMyTrip,2024-03-06,5,Housekeeping was prompt and the towels were fresh.,en
Property D,GoogleMaps,2024-03-06,1,"Kamre ka heater band tha, bahut thanda kamra.",hinglish
Property D,MakeMyTrip,2024-03-06,4,"Room service accha tha, towels clean the.",hinglish
Property F,Booking,2024-03-06,4,"Great value for money and worth the price. Mountain ka nazara shandar, location badhiya.",hinglish
Property H,MakeMyTrip,2024-03-06,2,"Staff ka vyavhaar accha tha, reception helpful. The room heater was not working and it was freezing cold at night.",hinglish
Property H,Booking,2024-03-06,5,खाना बहुत बढ़िया था. Kamra badhiya aur comfortable tha.,hi
Property I,TripAdvisor,2024-03-06,4,"Staff ka vyavhaar accha tha, reception helpful. Very clean and hygienic bathroom.",hinglish
Property I,GoogleMaps,2024-03-06,4,Great value for money and worth the price.,en
Property J,GoogleMaps,2024-03-06,4,"Mountain ka nazara shandar, location badhiya.",hinglish
Property K,MakeMyTrip,2024-03-06,3,"Staff ka vyavhaar accha tha, reception helpful.",hinglish
Property K,TripAdvisor,2024-03-06,3,The room was spacious and comfortable with a warm heater. The staff were rude and the manager was unhelpful.,en
Property L,Booking,2024-03-06,4,"Check-in fast tha, booking process accha.",hinglish
Property A,TripAdvisor,2024-03-07,4,"Bathroom ekdum saaf, safai badhiya. The food was delicious and the breakfast was fresh.",hinglish
Property C,Booking,2024-03-07,5,Kamra badhiya aur comfortable tha.,hinglish
Property D,GoogleMaps,2024-03-07,3,The room was spacious and comfortable with a warm heater. खाना बेकार और ठंडा था.,hi
Property D,MakeMyTrip,2024-03-07,3,"Mountain ka nazara shandar, location badhiya.",hinglish
Property F,GoogleMaps,2024-03-07,4,The staff were friendly and the reception was helpful.,en
Property F,MakeMyTrip,2024-03-07,4,The location was poor and far from the market. Great value for money and worth the price.,en
Property J,Booking,2024-03-07,2,कमरे का हीटर खराब था.,hi
Property J,GoogleMaps,2024-03-07,3,"Kamre ka heater band tha, bahut thanda kamra.",hinglish
Property C,Booking,2024-03-08,5,The staff were friendly and the reception was helpful. खाना बहुत बढ़िया था.,hi
Property D,MakeMyTrip,2024-03-08,3,"Bahut mehenga tha, bilkul value nahi. The staff were friendly and the reception was helpful.",hinglish
Property E,Booking,2024-03-08,3,The location was great with a beautiful mountain view. कमरे का हीटर खराब था.,hi
Property E,Booking,2024-03-08,4,"The check-in was quick and the booking was smooth, really good.",en
Property E,GoogleMaps,2024-03-08,3,"Mountain ka nazara shandar, location badhiya.",hinglish
Property F,GoogleMaps,2024-03-08,4,"Bathroom ekdum saaf, safai badhiya. Kamra badhiya aur comfortable tha.",hinglish
Property F,MakeMyTrip,2024-03-08,3,The staff were friendly and the reception was helpful.,en
Property F,TripAdvisor,2024-03-08,2,Khaana bekaar aur thanda tha.,hinglish
Property G,GoogleMaps,2024-03-08,5,"Bathroom ekdum saaf, safai badhiya.",hinglish
Property G,GoogleMaps,2024-03-08,3,"Check-in fast tha, booking process accha. Room service accha tha, towels clean the.",hinglish
Property K,GoogleMaps,2024-03-08,3,The room heater was not working and it was freezing cold at night.,en
Property K,MakeMyTrip,2024-03-08,5,"Khaana badhiya tha aur nashta bhi tasty. Staff ka vyavhaar accha tha, reception helpful.",hinglish
Property A,TripAdvisor,2024-03-09,5,"The food was delicious and the breakfast was fresh. Mountain ka nazara shandar, location badhiya.",hinglish
Property A,MakeMyTrip,2024-03-09,4,"Sasta aur accha, paisa vasool stay. The staff were friendly and the reception was helpful.",hinglish
Property E,Booking,2024-03-09,2,"Kamre ka heater band tha, bahut thanda kamra. Khaana badhiya tha aur nashta bhi tasty.",hinglish
Property F,TripAdvisor,2024-03-09,4,Khaana badhiya tha aur nashta bhi tasty.,hinglish
Property F,GoogleMaps,2024-03-09,4,"Room service accha tha, towels clean the.",hinglish
Property A,Booking,2024-03-10,4,Kamra badhiya aur comfortable tha.,hinglish
Property A,MakeMyTrip,2024-03-10,4,"Sasta aur accha, paisa vasool stay.",hinglish
Property C,Booking,2024-03-10,2,"Room service accha tha, towels clean the. Kamre ka heater band tha, bahut thanda kamra.",hinglish
Property E,GoogleMaps,2024-03-10,3,Reception staff ka vyavhaar bekaar tha. कमरे का हीटर खराब था.,hi
Property H,MakeMyTrip,2024-03-10,3,"The check-in was quick and the booking was smooth, really good. Kamre ka heater band tha, bahut thanda kamra.",hinglish
Property I,TripAdvisor,2024-03-10,5,"Mountain ka nazara shandar, location badhiya. Staff ka vyavhaar accha tha, reception helpful.",hinglish
Property B,TripAdvisor,2024-03-11,3,"Mountain ka nazara shandar, location badhiya. The room heater was not working and it was freezing cold at night.",hinglish
Property C,MakeMyTrip,2024-03-11,4,Kamra badhiya aur comfortable tha. The staff were friendly and the reception was helpful.,hinglish
Property D,MakeMyTrip,2024-03-11,5,The staff were friendly and the reception was helpful.,en
Property F,Booking,2024-03-11,4,"Very clean and hygienic bathroom. Sasta aur accha, paisa vasool stay.",hinglish
Property F,TripAdvisor,2024-03-11,4,Great value for money and worth the price.,en
Property H,Booking,2024-03-11,3,The location was poor and far from the market. Very clean and hygienic bathroom.,en
Property J,MakeMyTrip,2024-03-11,2,खाना बहुत बढ़िया था. कमरे का हीटर खराब था.,hi
Property A,GoogleMaps,2024-03-12,4,Housekeeping was prompt and the towels were fresh. The room was spacious and comfortable with a warm heater.,en
Property B,TripAdvisor,2024-03-12,4,Kamra badhiya aur comfortable tha. खाना बहुत बढ़िया था.,hi
Property D,GoogleMaps,2024-03-12,2,"Booking me check-in slow tha, bekaar process.",hinglish
Property F,MakeMyTrip,2024-03-12,4,Khaana badhiya tha aur nashta bhi tasty.,hinglish
Property G,Booking,2024-03-12,4,"Bathroom ekdum saaf, safai badhiya.",hinglish
Property H,GoogleMaps,2024-03-12,3,"The food was delicious and the breakfast was fresh. Location bekaar thi, market se door.",hinglish
Property J,Booking,2024-03-12,3,The room was spacious and comfortable with a warm heater.,en
Property B,TripAdvisor,2024-03-13,3,"Kamra badhiya aur comfortable tha. Bahut mehenga tha, bilkul value nahi.",hinglish
Property B,Booking,2024-03-13,4,"Check-in fast tha, booking process accha. The location was poor and far from the market.",hinglish
Property C,GoogleMaps,2024-03-13,4,"Staff ka vyavhaar accha tha, reception helpful. The room was spacious and comfortable with a warm heater.",hinglish
Property D,MakeMyTrip,2024-03-13,3,"Room service accha tha, towels clean the. खाना बेकार और ठंडा था.",hi
Property G,Booking,2024-03-13,4,Great value for money and worth the price.,en
Property G,Booking,2024-03-13,2,"Kamre ka heater band tha, bahut thanda kamra.",hinglish
Property K,GoogleMaps,2024-03-13,2,"The food was delicious and the breakfast was fresh. The bathroom was dirty and smelly, poor hygiene.",en
Property K,Booking,2024-03-13,4,The staff were friendly and the reception was helpful. Khaana bekaar aur thanda tha.,hinglish
Property A,MakeMyTrip,2024-03-14,5,The location was great with a beautiful mountain view. The room was spacious and comfortable with a warm heater.,en
Property A,TripAdvisor,2024-03-14,4,"Staff ka vyavhaar accha tha, reception helpful. The check-in was quick and the booking was smooth, really good.",hinglish
Property E,GoogleMaps,2024-03-14,2,"Towels ganda the, room service bekaar. The staff were rude and the manager was unhelpful.",hinglish
Property F,TripAdvisor,2024-03-14,5,"Staff ka vyavhaar accha tha, reception helpful.",hinglish
Property G,MakeMyTrip,2024-03-14,3,"Room service accha tha, towels clean the. Great value for money and worth the price.",hinglish
Property J,MakeMyTrip,2024-03-14,2,"Towels ganda the, room service bekaar.",hinglish
Property K,Booking,2024-03-14,3,"The staff were friendly and the reception was helpful. Kamre ka heater band tha, bahut thanda kamra.",hinglish
Property K,GoogleMaps,2024-03-14,4,"Room service accha tha, towels clean the.",hinglish
Property B,MakeMyTrip,2024-03-15,2,"खाना बेकार और ठंडा था. Bahut mehenga tha, bilkul value nahi.",hi
Property C,GoogleMaps,2024-03-15,3,Kamra badhiya aur comfortable tha.,hinglish
Property G,GoogleMaps,2024-03-15,3,Very clean and hygienic bathroom. Reception staff ka vyavhaar bekaar tha.,hinglish
Property H,MakeMyTrip,2024-03-15,2,"Housekeeping never changed the towels, poor service.",en
Property K,Booking,2024-03-15,2,Khaana bekaar aur thanda tha.,hinglish
Property K,MakeMyTrip,2024-03-15,1,The staff were rude and the manager was unhelpful.,en
Property B,GoogleMaps,2024-03-16,5,The room was spacious and comfortable with a warm heater.,en
Property C,MakeMyTrip,2024-03-16,5,Great value for money and worth the price.,en
Property C,MakeMyTrip,2024-03-16,4,"Kamra badhiya aur comfortable tha. Sasta aur accha, paisa vasool stay.",hinglish
Property C,MakeMyTrip,2024-03-16,3,"Great value for money and worth the price. Kamre ka heater band tha, bahut thanda kamra.",hinglish
Property D,MakeMyTrip,2024-03-16,4,Very clean and hygienic bathroom.,en
Property D,MakeMyTrip,2024-03-16,3,कमरे का हीटर खराब था.,hi
Property E,Booking,2024-03-16,4,Great value for money and worth the price.,en
Property E,TripAdvisor,2024-03-16,2,The room heater was not working and it was freezing cold at night. The food was delicious and the breakfast was fresh.,en
Property H,MakeMyTrip,2024-03-16,4,Khaana badhiya tha aur nashta bhi tasty.,hinglish
Property H,TripAdvisor,2024-03-16,2,"Bathroom ekdum saaf, safai badhiya. Towels ganda the, room service bekaar.",hinglish
Property L,Booking,2024-03-16,5,The room was spacious and comfortable with a warm heater.,en
Property L,MakeMyTrip,2024-03-16,5,The location was great with a beautiful mountain view. Kamra badhiya aur comfortable tha.,hinglish
Property C,MakeMyTrip,2024-03-17,3,The check-in was slow and the booking was a problem.,en
Property H,MakeMyTrip,2024-03-17,4,Housekeeping was prompt and the towels were fresh.,en
Property L,Booking,2024-03-17,3,"Towels ganda the, room service bekaar. The food was delicious and the breakfast was fresh.",hinglish
Property L,TripAdvisor,2024-03-17,4,The staff were friendly and the reception was helpful. Very clean and hygienic bathroom.,en
Property L,TripAdvisor,2024-03-17,4,The location was great with a beautiful mountain view. Khaana badhiya tha aur nashta bhi tasty.,hinglish
Property B,TripAdvisor,2024-03-18,4,"Sasta aur accha, paisa vasool stay.",hinglish
Property D,Booking,2024-03-18,3,Housekeeping was prompt and the towels were fresh.,en
Property G,Booking,2024-03-18,2,"Kamra badhiya aur comfortable tha. Bahut mehenga tha, bilkul value nahi.",hinglish
Property K,Booking,2024-03-18,2,"Kamre ka heater band tha, bahut thanda kamra.",hinglish
Property B,GoogleMaps,2024-03-19,3,"The staff were rude and the manager was unhelpful. Room service accha tha, towels clean the.",hinglish
Property I,MakeMyTrip,2024-03-19,1,कमरे का हीटर खराब था.,hi
Property J,TripAdvisor,2024-03-19,5,"Room service accha tha, towels clean the. Mountain ka nazara shandar, location badhiya.",hinglish
Property J,MakeMyTrip,2024-03-19,2,"Housekeeping never changed the towels, poor service. Khaana badhiya tha aur nashta bhi tasty.",hinglish
Property J,TripAdvisor,2024-03-19,3,कमरे का हीटर खराब था. The food was delicious and the breakfast was fresh.,hi
Property A,GoogleMaps,2024-03-20,4,"Mountain ka nazara shandar, location badhiya.",hinglish
Property A,MakeMyTrip,2024-03-20,5,"Room service accha tha, towels clean the.",hinglish
Property B,GoogleMaps,2024-03-20,5,The staff were friendly and the reception was helpful. Khaana badhiya tha aur nashta bhi tasty.,hinglish
Property C,GoogleMaps,2024-03-20,4,"The staff were friendly and the reception was helpful. The check-in was quick and the booking was smooth, really good.",en
Property D,Booking,2024-03-20,3,"Mountain ka nazara shandar, location badhiya.",hinglish
Property E,Booking,2024-03-20,4,"Mountain ka nazara shandar, location badhiya.",hinglish
Property F,GoogleMaps,2024-03-20,4,खाना बहुत बढ़िया था. The staff were rude and the manager was unhelpful.,hi
Property I,GoogleMaps,2024-03-20,2,Great value for money and worth the price. Khaana bekaar aur thanda tha.,hinglish
Property L,GoogleMaps,2024-03-20,4,Khaana badhiya tha aur nashta bhi tasty.,hinglish
Property L,TripAdvisor,2024-03-20,3,"The check-in was quick and the booking was smooth, really good.",en
Property D,GoogleMaps,2024-03-21,3,"खाना बेकार और ठंडा था. Staff ka vyavhaar accha tha, reception helpful.",hi
Property D,Booking,2024-03-21,2,Reception staff ka vyavhaar bekaar tha.,hinglish
Property D,TripAdvisor,2024-03-21,2,"Kamre ka heater band tha, bahut thanda kamra.",hinglish
Property F,GoogleMaps,2024-03-21,3,"Location bekaar thi, market se door. Very clean and hygienic bathroom.",hinglish
Property J,Booking,2024-03-21,1,"Booking me check-in slow tha, bekaar process.",hinglish
Property J,GoogleMaps,2024-03-21,3,Reception staff ka vyavhaar bekaar tha.,hinglish
Property L,GoogleMaps,2024-03-21,3,"Khaana badhiya tha aur nashta bhi tasty. Mountain ka nazara shandar, location badhiya.",hinglish
Property A,GoogleMaps,2024-03-22,3,खाना बेकार और ठंडा था.,hi
Property A,TripAdvisor,2024-03-22,5,The location was great with a beautiful mountain view.,en
Property A,MakeMyTrip,2024-03-22,3,खाना बेकार और ठंडा था. The check-in was slow and the booking was a problem.,hi
Property B,GoogleMaps,2024-03-22,3,The food was delicious and the breakfast was fresh.,en
Property B,TripAdvisor,2024-03-22,3,"Booking me check-in slow tha, bekaar process. Sasta aur accha, paisa vasool stay.",hinglish
Property D,MakeMyTrip,2024-03-22,4,"Room service accha tha, towels clean the. Khaana badhiya tha aur nashta bhi tasty.",hinglish
Property E,TripAdvisor,2024-03-22,3,"The bathroom was dirty and smelly, poor hygiene. The food was stale and cold, really disappointing.",en
Property H,GoogleMaps,2024-03-22,3,"Kamra badhiya aur comfortable tha. The food was stale and cold, really disappointing.",hinglish
Property I,TripAdvisor,2024-03-22,3,Kamra badhiya aur comfortable tha.,hinglish
Property I,MakeMyTrip,2024-03-22,4,"खाना बहुत बढ़िया था. Location bekaar thi, market se door.",hi
Property J,TripAdvisor,2024-03-22,4,"Sasta aur accha, paisa vasool stay. खाना बहुत बढ़िया था.",hi
Property K,TripAdvisor,2024-03-22,3,"Sasta aur accha, paisa vasool stay. Bathroom ganda tha, gandagi thi.",hinglish
Property A,GoogleMaps,2024-03-23,3,Khaana badhiya tha aur nashta bhi tasty. The room was spacious and comfortable with a warm heater.,hinglish
Property B,Booking,2024-03-23,4,Great value for money and worth the price. The room was spacious and comfortable with a warm heater.,en
Property D,Booking,2024-03-23,4,The room was spacious and comfortable with a warm heater.,en
Property E,TripAdvisor,2024-03-23,2,"Bahut mehenga tha, bilkul value nahi. Reception staff ka vyavhaar bekaar tha.",hinglish
Property F,GoogleMaps,2024-03-23,5,Kamra badhiya aur comfortable tha.,hinglish
Property F,MakeMyTrip,2024-03-23,4,"Staff ka vyavhaar accha tha, reception helpful.",hinglish
Property F,GoogleMaps,2024-03-23,5,Khaana badhiya tha aur nashta bhi tasty.,hinglish
Property H,GoogleMaps,2024-03-23,2,Overpriced and too expensive for what you get. खाना बहुत बढ़िया था.,hi
Property I,MakeMyTrip,2024-03-23,2,"Bahut mehenga tha, bilkul value nahi. Housekeeping never changed the towels, poor service.",hinglish
Property I,MakeMyTrip,2024-03-23,2,Overpriced and too expensive for what you get. कमरे का हीटर खराब था.,hi
Property J,GoogleMaps,2024-03-23,3,"Location bekaar thi, market se door. Housekeeping was prompt and the towels were fresh.",hinglish
Property J,Booking,2024-03-23,3,"Kamre ka heater band tha, bahut thanda kamra.",hinglish
Property K,MakeMyTrip,2024-03-23,2,"Overpriced and too expensive for what you get. Kamre ka heater band tha, bahut thanda kamra.",hinglish
Property K,TripAdvisor,2024-03-23,4,"Mountain ka nazara shandar, location badhiya.",hinglish
Property L,Booking,2024-03-23,3,"Mountain ka nazara shandar, location badhiya. Khaana badhiya tha aur nashta bhi tasty.",hinglish
Property C,MakeMyTrip,2024-03-24,5,Housekeeping was prompt and the towels were fresh. Khaana badhiya tha aur nashta bhi tasty.,hinglish
Property C,MakeMyTrip,2024-03-24,3,खाना बहुत बढ़िया था.,hi
Property E,GoogleMaps,2024-03-24,4,The room was spacious and comfortable with a warm heater.,en
Property K,TripAdvisor,2024-03-24,3,"The bathroom was dirty and smelly, poor hygiene.",en
Property L,Booking,2024-03-24,4,The food was delicious and the breakfast was fresh.,en
Property C,Booking,2024-03-25,5,The food was delicious and the breakfast was fresh.,en
Property E,GoogleMaps,2024-03-25,4,Very clean and hygienic bathroom. The room heater was not working and it was freezing cold at night.,en
Property E,GoogleMaps,2024-03-25,1,"Khaana bekaar aur thanda tha. Booking me check-in slow tha, bekaar process.",hinglish
Property F,MakeMyTrip,2024-03-25,3,The food was delicious and the breakfast was fresh. The location was poor and far from the market.,en
Property L,MakeMyTrip,2024-03-25,4,The room was spacious and comfortable with a warm heater. Housekeeping was prompt and the towels were fresh.,en
Property A,Booking,2024-03-26,4,Kamra badhiya aur comfortable tha. Housekeeping was prompt and the towels were fresh.,hinglish
Property F,TripAdvisor,2024-03-26,1,The staff were rude and the manager was unhelpful.,en
Property G,GoogleMaps,2024-03-26,3,"The check-in was quick and the booking was smooth, really good. Very clean and hygienic bathroom.",en
Property K,TripAdvisor,2024-03-26,5,Kamra badhiya aur comfortable tha.,hinglish
Property L,Booking,2024-03-26,4,"The room heater was not working and it was freezing cold at night. The check-in was quick and the booking was smooth, really good.",en
Property L,TripAdvisor,2024-03-26,5,"Kamra badhiya aur comfortable tha. Staff ka vyavhaar accha tha, reception helpful.",hinglish
Property B,Booking,2024-03-27,1,The location was poor and far from the market.,en
Property E,GoogleMaps,2024-03-27,1,"Kamre ka heater band tha, bahut thanda kamra.",hinglish
Property G,MakeMyTrip,2024-03-27,3,"Bathroom ganda tha, gandagi thi. Khaana bekaar aur thanda tha.",hinglish
Property H,TripAdvisor,2024-03-27,4,Housekeeping was prompt and the towels were fresh.,en
Property L,Booking,2024-03-27,5,खाना बहुत बढ़िया था.,hi
Property A,TripAdvisor,2024-04-01,4,Housekeeping was prompt and the towels were fresh.,en
Property A,GoogleMaps,2024-04-01,4,"Mountain ka nazara shandar, location badhiya. Bathroom ekdum saaf, safai badhiya.",hinglish
Property A,Booking,2024-04-01,4,Housekeeping was prompt and the towels were fresh. Kamra badhiya aur comfortable tha.,hinglish
Property C,TripAdvisor,2024-04-01,4,Great value for money and worth the price.,en
Property D,GoogleMaps,2024-04-01,4,"The food was stale and cold, really disappointing. The staff were friendly and the reception was helpful.",en
Property G,GoogleMaps,2024-04-01,3,Kamra badhiya aur comfortable tha. बाथरूम गंदा था.,hi
Property G,Booking,2024-04-01,2,"Kamre ka heater band tha, bahut thanda kamra. Very clean and hygienic bathroom.",hinglish
Property K,GoogleMaps,2024-04-01,4,Kamra badhiya aur comfortable tha.,hinglish
Property F,Booking,2024-04-02,2,बाथरूम गंदा था.,hi
Property G,TripAdvisor,2024-04-02,3,"Kamra badhiya aur comfortable tha. The check-in was quick and the booking was smooth, really good.",hinglish
Property G,GoogleMaps,2024-04-02,2,"खाना बहुत बढ़िया था. The bathroom was dirty and smelly, poor hygiene.",hi
Property H,MakeMyTrip,2024-04-02,4,The staff were friendly and the reception was helpful.,en
Property H,TripAdvisor,2024-04-02,4,"Khaana badhiya tha aur nashta bhi tasty. Room service accha tha, towels clean the.",hinglish
Property D,TripAdvisor,2024-04-03,4,"Mountain ka nazara shandar, location badhiya. खाना बहुत बढ़िया था.",hi
Property F,Booking,2024-04-03,5,"Room service accha tha, towels clean the.",hinglish
Property G,Booking,2024-04-03,5,The staff were friendly and the reception was helpful.,en
Property G,MakeMyTrip,2024-04-03,4,The staff were friendly and the reception was helpful.,en
Property H,TripAdvisor,2024-04-03,2,"The bathroom was dirty and smelly, poor hygiene. The room was spacious and comfortable with a warm heater.",en
Property J,GoogleMaps,2024-04-03,4,Very clean and hygienic bathroom.,en
Property J,Booking,2024-04-03,3,The food was delicious and the breakfast was fresh. The room heater was not working and it was freezing cold at night.,en
Property A,MakeMyTrip,2024-04-04,3,The room was spacious and comfortable with a warm heater. The check-in was slow and the booking was a problem.,en
Property B,TripAdvisor,2024-04-04,4,Kamra badhiya aur comfortable tha. Very clean and hygienic bathroom.,hinglish
Property B,TripAdvisor,2024-04-04,4,"The room was spacious and comfortable with a warm heater. The food was stale and cold, really disappointing.",en
Property D,MakeMyTrip,2024-04-04,3,Kamra badhiya aur comfortable tha. The check-in was slow and the booking was a problem.,hinglish
Property D,MakeMyTrip,2024-04-04,3,कमरे का हीटर खराब था. The food was delicious and the breakfast was fresh.,hi
Property E,Booking,2024-04-04,3,The staff were friendly and the reception was helpful. The room heater was not working and it was freezing cold at night.,en
Property G,GoogleMaps,2024-04-04,2,The location was poor and far from the market.,en
Property H,GoogleMaps,2024-04-04,3,"Room service accha tha, towels clean the. The location was poor and far from the market.",hinglish
Property I,MakeMyTrip,2024-04-04,2,"The bathroom was dirty and smelly, poor hygiene.",en
Property I,GoogleMaps,2024-04-04,2,"Very clean and hygienic bathroom. The food was stale and cold, really disappointing.",en
Property L,MakeMyTrip,2024-04-04,3,Khaana badhiya tha aur nashta bhi tasty.,hinglish
Property A,MakeMyTrip,2024-04-05,3,Khaana badhiya tha aur nashta bhi tasty.,hinglish
Property B,Booking,2024-04-05,4,"The check-in was quick and the booking was smooth, really good. खाना बहुत बढ़िया था.",hi
Property F,GoogleMaps,2024-04-05,2,"Kamra badhiya aur comfortable tha. Location bekaar thi, market se door.",hinglish
Property F,GoogleMaps,2024-04-05,5,"Room service accha tha, towels clean the.",hinglish
Property H,GoogleMaps,2024-04-05,1,The location was poor and far from the market. खाना बेकार और ठंडा था.,hi
Property J,Booking,2024-04-05,2,"Location bekaar thi, market se door.",hinglish
Property K,MakeMyTrip,2024-04-05,4,"Bathroom ekdum saaf, safai badhiya. The food was delicious and the breakfast was fresh.",hinglish
Property A,MakeMyTrip,2024-04-06,3,खाना बहुत बढ़िया था. Kamra badhiya aur comfortable tha.,hi
Property A,Booking,2024-04-06,5,"The check-in was quick and the booking was smooth, really good. Staff ka vyavhaar accha tha, reception helpful.",hinglish
Property B,MakeMyTrip,2024-04-06,2,"Kamre ka heater band tha, bahut thanda kamra. The food was delicious and the breakfast was fresh.",hinglish
Property C,TripAdvisor,2024-04-06,5,Kamra badhiya aur comfortable tha. Great value for money and worth the price.,hinglish
Property C,Booking,2024-04-06,4,खाना बहुत बढ़िया था. The room was spacious and comfortable with a warm heater.,hi
Property F,GoogleMaps,2024-04-06,3,"Bathroom ekdum saaf, safai badhiya.",hinglish
Property F,MakeMyTrip,2024-04-06,4,"Sasta aur accha, paisa vasool stay. The location was great with a beautiful mountain view.",hinglish
Property G,TripAdvisor,2024-04-06,4,Khaana badhiya tha aur nashta bhi tasty.,hinglish
Property I,GoogleMaps,2024-04-06,4,"Reception staff ka vyavhaar bekaar tha. The check-in was quick and the booking was smooth, really good.",hinglish
Property J,MakeMyTrip,2024-04-06,4,"Very clean and hygienic bathroom. Towels ganda the, room service bekaar.",hinglish
Property J,MakeMyTrip,2024-04-06,4,"Staff ka vyavhaar accha tha, reception helpful.",hinglish
Property K,GoogleMaps,2024-04-06,3,Kamra badhiya aur comfortable tha.,hinglish
Property A,MakeMyTrip,2024-04-07,3,Khaana bekaar aur thanda tha. The room was spacious and comfortable with a warm heater.,hinglish
Property A,Booking,2024-04-07,3,"Khaana badhiya tha aur nashta bhi tasty. Booking me check-in slow tha, bekaar process.",hinglish
Property C,GoogleMaps,2024-04-07,4,Great value for money and worth the price.,en
Property C,TripAdvisor,2024-04-07,3,खाना बहुत बढ़िया था.,hi
Property D,MakeMyTrip,2024-04-07,3,The location was poor and far from the market.,en
Property E,MakeMyTrip,2024-04-07,2,कमरे का हीटर खराब था.,hi
Property G,TripAdvisor,2024-04-07,4,"Kamra badhiya aur comfortable tha. Sasta aur accha, paisa vasool stay.",hinglish
Property I,MakeMyTrip,2024-04-07,2,Khaana bekaar aur thanda tha. कमरे का हीटर खराब था.,hi
Property J,MakeMyTrip,2024-04-07,2,खाना बेकार और ठंडा था. Reception staff ka vyavhaar bekaar tha.,hi
Property D,GoogleMaps,2024-04-08,2,The location was poor and far from the market. Overpriced and too expensive for what you get.,en
Property I,MakeMyTrip,2024-04-08,4,"Very clean and hygienic bathroom. Staff ka vyavhaar accha tha, reception helpful.",hinglish
Property I,GoogleMaps,2024-04-08,3,"Room service accha tha, towels clean the.",hinglish
Property I,MakeMyTrip,2024-04-08,2,"Towels ganda the, room service bekaar.",hinglish
Property J,Booking,2024-04-08,3,Kamra badhiya aur comfortable tha.,hinglish
Property K,Booking,2024-04-08,2,Kamra badhiya aur comfortable tha. Khaana bekaar aur thanda tha.,hinglish
Property L,TripAdvisor,2024-04-08,3,"Towels ganda the, room service bekaar. Bathroom ekdum saaf, safai badhiya.",hinglish
Property B,Booking,2024-04-09,4,The food was delicious and the breakfast was fresh.,en
Property C,Booking,2024-04-09,4,Housekeeping was prompt and the towels were fresh.,en
Property D,MakeMyTrip,2024-04-09,2,Overpriced and too expensive for what you get.,en
Property E,MakeMyTrip,2024-04-09,4,The room was spacious and comfortable with a warm heater.,en
Property G,GoogleMaps,2024-04-09,5,"Staff ka vyavhaar accha tha, reception helpful.",hinglish
Property G,GoogleMaps,2024-04-09,3,"Staff ka vyavhaar accha tha, reception helpful. Very clean and hygienic bathroom.",hinglish
Property G,Booking,2024-04-09,2,The staff were rude and the manager was unhelpful. The room was spacious and comfortable with a warm heater.,en
Property H,TripAdvisor,2024-04-09,3,Khaana badhiya tha aur nashta bhi tasty. Housekeeping was prompt and the towels were fresh.,hinglish
Property A,TripAdvisor,2024-04-10,4,The room was spacious and comfortable with a warm heater.,en
Property F,Booking,2024-04-10,2,Khaana bekaar aur thanda tha.,hinglish
Property F,GoogleMaps,2024-04-10,1,The staff were rude and the manager was unhelpful.,en
Property K,TripAdvisor,2024-04-10,2,"Bathroom ganda tha, gandagi thi.",hinglish
Property B,MakeMyTrip,2024-04-11,1,"Location bekaar thi, market se door. The staff were rude and the manager was unhelpful.",hinglish
Property C,TripAdvisor,2024-04-11,2,कमरे का हीटर खराब था. Khaana badhiya tha aur nashta bhi tasty.,hi
Property E,MakeMyTrip,2024-04-11,3,"The location was poor and far from the market. Kamre ka heater band tha, bahut thanda kamra.",hinglish
Property G,Booking,2024-04-11,2,"Towels ganda the, room service bekaar.",hinglish
Property H,TripAdvisor,2024-04-11,4,Housekeeping was prompt and the towels were fresh.,en
Property H,TripAdvisor,2024-04-11,5,"The food was delicious and the breakfast was fresh. Sasta aur accha, paisa vasool stay.",hinglish
Property I,MakeMyTrip,2024-04-11,4,Kamra badhiya aur comfortable tha. Khaana badhiya tha aur nashta bhi tasty.,hinglish
Property J,MakeMyTrip,2024-04-11,3,Overpriced and too expensive for what you get. Khaana badhiya tha aur nashta bhi tasty.,hinglish
Property K,GoogleMaps,2024-04-11,3,The staff were friendly and the reception was helpful. Khaana badhiya tha aur nashta bhi tasty.,hinglish
Property L,Booking,2024-04-11,4,"Very clean and hygienic bathroom. Sasta aur accha, paisa vasool stay.",hinglish
Property C,GoogleMaps,2024-04-12,4,"Bathroom ekdum saaf, safai badhiya. The staff were friendly and the reception was helpful.",hinglish
Property E,Booking,2024-04-12,3,"Check-in fast tha, booking process accha. खाना बहुत बढ़िया था.",hi
Property E,TripAdvisor,2024-04-12,2,"Location bekaar thi, market se door.",hinglish
Property J,GoogleMaps,2024-04-12,4,"Staff ka vyavhaar accha tha, reception helpful.",hinglish
Property A,MakeMyTrip,2024-04-13,4,Khaana badhiya tha aur nashta bhi tasty. The staff were friendly and the reception was helpful.,hinglish
Property B,MakeMyTrip,2024-04-13,5,"The check-in was quick and the booking was smooth, really good. Bathroom ekdum saaf, safai badhiya.",hinglish
Property D,TripAdvisor,2024-04-13,2,"Kamre ka heater band tha, bahut thanda kamra. Reception staff ka vyavhaar bekaar tha.",hinglish
Property G,Booking,2024-04-13,4,"Mountain ka nazara shandar, location badhiya.",hinglish
Property B,TripAdvisor,2024-04-14,2,"Housekeeping never changed the towels, poor service. The room heater was not working and it was freezing cold at night.",en
Property E,GoogleMaps,2024-04-14,2,"कमरे का हीटर खराब था. The food was stale and cold, really disappointing.",hi
Property G,MakeMyTrip,2024-04-14,2,"Bathroom ekdum saaf, safai badhiya. The staff were rude and the manager was unhelpful.",hinglish
Property G,MakeMyTrip,2024-04-14,4,The room was spacious and comfortable with a warm heater.,en
Property H,MakeMyTrip,2024-04-14,3,"The staff were friendly and the reception was helpful. Sasta aur accha, paisa vasool stay.",hinglish
Property H,GoogleMaps,2024-04-14,4,Very clean and hygienic bathroom. The staff were rude and the manager was unhelpful.,en
Property I,GoogleMaps,2024-04-14,5,खाना बहुत बढ़िया था.,hi
Property J,Booking,2024-04-14,3,"Reception staff ka vyavhaar bekaar tha. Mountain ka nazara shandar, location badhiya.",hinglish
Property K,TripAdvisor,2024-04-14,3,"Bathroom ganda tha, gandagi thi. खाना बेकार और ठंडा था.",hi
Property L,Booking,2024-04-14,4,"Bathroom ekdum saaf, safai badhiya.",hinglish
Property A,TripAdvisor,2024-04-15,4,The location was great with a beautiful mountain view. Kamra badhiya aur comfortable tha.,hinglish
Property B,GoogleMaps,2024-04-15,4,The room was spacious and comfortable with a warm heater.,en
Property C,TripAdvisor,2024-04-15,4,"Great value for money and worth the price. Mountain ka nazara shandar, location badhiya.",hinglish
Property D,MakeMyTrip,2024-04-15,2,The room heater was not working and it was freezing cold at night.,en
Property F,GoogleMaps,2024-04-15,5,Very clean and hygienic bathroom. The room was spacious and comfortable with a warm heater.,en
Property I,GoogleMaps,2024-04-15,3,"Booking me check-in slow tha, bekaar process. The food was delicious and the breakfast was fresh.",hinglish
Property J,GoogleMaps,2024-04-15,5,"Sasta aur accha, paisa vasool stay.",hinglish
Property J,Booking,2024-04-15,5,Kamra badhiya aur comfortable tha. खाना बहुत बढ़िया था.,hi
Property K,GoogleMaps,2024-04-15,2,खाना बहुत बढ़िया था. बाथरूम गंदा था.,hi
Property I,TripAdvisor,2024-04-16,4,"Staff ka vyavhaar accha tha, reception helpful.",hinglish
Property L,Booking,2024-04-16,4,"Staff ka vyavhaar accha tha, reception helpful. Kamra badhiya aur comfortable tha.",hinglish
Property L,Booking,2024-04-16,3,Great value for money and worth the price. खाना बहुत बढ़िया था.,hi
Property A,TripAdvisor,2024-04-17,4,Kamra badhiya aur comfortable tha.,hinglish
Property C,TripAdvisor,2024-04-17,3,"Check-in fast tha, booking process accha.",hinglish
Property D,Booking,2024-04-17,3,"The check-in was quick and the booking was smooth, really good. The location was poor and far from the market.",en
Property F,TripAdvisor,2024-04-17,4,"खाना बहुत बढ़िया था. Mountain ka nazara shandar, location badhiya.",hi
Property I,MakeMyTrip,2024-04-17,3,"Towels ganda the, room service bekaar. Bathroom ekdum saaf, safai badhiya.",hinglish
Property K,GoogleMaps,2024-04-17,2,"The food was stale and cold, really disappointing.",en
Property L,Booking,2024-04-17,4,"Mountain ka nazara shandar, location badhiya.",hinglish
Property A,GoogleMaps,2024-04-18,2,The check-in was slow and the booking was a problem.,en
Property B,GoogleMaps,2024-04-18,3,"Mountain ka nazara shandar, location badhiya. Housekeeping was prompt and the towels were fresh.",hinglish
Property D,MakeMyTrip,2024-04-18,5,The room was spacious and comfortable with a warm heater.,en
Property D,MakeMyTrip,2024-04-18,4,The location was great with a beautiful mountain view.,en
Property G,TripAdvisor,2024-04-18,4,The room was spacious and comfortable with a warm heater.,en
Property I,Booking,2024-04-18,4,खाना बहुत बढ़िया था.,hi
Property J,Booking,2024-04-18,2,"Bahut mehenga tha, bilkul value nahi.",hinglish
Property K,TripAdvisor,2024-04-18,5,The food was delicious and the breakfast was fresh.,en
Property K,GoogleMaps,2024-04-18,2,The staff were rude and the manager was unhelpful.,en
Property A,TripAdvisor,2024-04-19,4,The location was great with a beautiful mountain view. Very clean and hygienic bathroom.,en
Property D,MakeMyTrip,2024-04-19,4,"Room service accha tha, towels clean the.",hinglish
Property D,Booking,2024-04-19,3,"The check-in was quick and the booking was smooth, really good. खाना बेकार और ठंडा था.",hi
Property F,Booking,2024-04-19,4,खाना बहुत बढ़िया था. The location was great with a beautiful mountain view.,hi
Property G,TripAdvisor,2024-04-19,3,"Sasta aur accha, paisa vasool stay. The room was spacious and comfortable with a warm heater.",hinglish
Property H,MakeMyTrip,2024-04-19,2,"Towels ganda the, room service bekaar.",hinglish
Property J,Booking,2024-04-19,3,Reception staff ka vyavhaar bekaar tha.,hinglish
Property K,GoogleMaps,2024-04-19,3,The room was spacious and comfortable with a warm heater. खाना बहुत बढ़िया था.,hi
Property K,MakeMyTrip,2024-04-19,5,"Staff ka vyavhaar accha tha, reception helpful.",hinglish
Property L,GoogleMaps,2024-04-19,5,"Staff ka vyavhaar accha tha, reception helpful. The location was great with a beautiful mountain view.",hinglish
Property C,Booking,2024-04-20,4,Great value for money and worth the price.,en
Property C,Booking,2024-04-20,4,Khaana badhiya tha aur nashta bhi tasty.,hinglish
Property E,GoogleMaps,2024-04-20,4,Great value for money and worth the price.,en
Property F,MakeMyTrip,2024-04-20,4,"Bathroom ekdum saaf, safai badhiya.",hinglish
Property G,TripAdvisor,2024-04-20,4,"खाना बहुत बढ़िया था. Bahut mehenga tha, bilkul value nahi.",hi
Property I,MakeMyTrip,2024-04-20,2,खाना बहुत बढ़िया था. बाथरूम गंदा था.,hi
Property D,TripAdvisor,2024-04-21,3,The room heater was not working and it was freezing cold at night.,en
Property F,Booking,2024-04-21,5,The room was spacious and comfortable with a warm heater.,en
Property K,GoogleMaps,2024-04-21,4,Great value for money and worth the price. बाथरूम गंदा था.,hi
Property A,GoogleMaps,2024-04-22,4,Overpriced and too expensive for what you get. खाना बहुत बढ़िया था.,hi
Property D,Booking,2024-04-22,5,"Room service accha tha, towels clean the.",hinglish
Property F,GoogleMaps,2024-04-22,1,"Bahut mehenga tha, bilkul value nahi.",hinglish
Property G,GoogleMaps,2024-04-22,5,Great value for money and worth the price. The location was great with a beautiful mountain view.,en
Property H,GoogleMaps,2024-04-22,5,Khaana badhiya tha aur nashta bhi tasty.,hinglish
Property J,TripAdvisor,2024-04-22,4,Kamra badhiya aur comfortable tha.,hinglish
Property K,GoogleMaps,2024-04-22,1,"Kamre ka heater band tha, bahut thanda kamra.",hinglish
Property B,GoogleMaps,2024-04-23,4,"खाना बहुत बढ़िया था. Staff ka vyavhaar accha tha, reception helpful.",hi
Property C,GoogleMaps,2024-04-23,5,"Staff ka vyavhaar accha tha, reception helpful.",hinglish
Property E,Booking,2024-04-23,3,The check-in was slow and the booking was a problem.,en
Property H,GoogleMaps,2024-04-23,3,Overpriced and too expensive for what you get. The room was spacious and comfortable with a warm heater.,en
Property I,Booking,2024-04-23,5,"Staff ka vyavhaar accha tha, reception helpful. The check-in was quick and the booking was smooth, really good.",hinglish
Property I,GoogleMaps,2024-04-23,5,"Check-in fast tha, booking process accha.",hinglish
Property I,GoogleMaps,2024-04-23,4,The staff were friendly and the reception was helpful.,en
Property K,TripAdvisor,2024-04-23,5,Khaana badhiya tha aur nashta bhi tasty.,hinglish
Property B,TripAdvisor,2024-04-24,1,The check-in was slow and the booking was a problem. Khaana bekaar aur thanda tha.,hinglish
Property B,Booking,2024-04-24,2,"Mountain ka nazara shandar, location badhiya. Housekeeping never changed the towels, poor service.",hinglish
Property C,MakeMyTrip,2024-04-24,2,Khaana bekaar aur thanda tha.,hinglish
Property D,MakeMyTrip,2024-04-24,3,"Very clean and hygienic bathroom. Staff ka vyavhaar accha tha, reception helpful.",hinglish
Property E,MakeMyTrip,2024-04-24,2,Overpriced and too expensive for what you get.,en
Property E,TripAdvisor,2024-04-24,2,कमरे का हीटर खराब था. The staff were rude and the manager was unhelpful.,hi
Property F,Booking,2024-04-24,4,The food was delicious and the breakfast was fresh.,en
Property I,MakeMyTrip,2024-04-24,3,Khaana badhiya tha aur nashta bhi tasty.,hinglish
Property K,MakeMyTrip,2024-04-24,2,The check-in was slow and the booking was a problem.,en
Property K,TripAdvisor,2024-04-24,2,"Bahut mehenga tha, bilkul value nahi. The food was stale and cold, really disappointing.",hinglish
Property L,TripAdvisor,2024-04-24,3,"Room service accha tha, towels clean the.",hinglish
Property B,MakeMyTrip,2024-04-25,3,The food was delicious and the breakfast was fresh. The location was great with a beautiful mountain view.,en
Property B,TripAdvisor,2024-04-25,4,"Staff ka vyavhaar accha tha, reception helpful. Kamra badhiya aur comfortable tha.",hinglish
Property C,GoogleMaps,2024-04-25,4,The room was spacious and comfortable with a warm heater.,en
Property E,Booking,2024-04-25,3,The room heater was not working and it was freezing cold at night.,en
Property F,Booking,2024-04-25,5,The room was spacious and comfortable with a warm heater.,en
Property G,Booking,2024-04-25,4,"Kamre ka heater band tha, bahut thanda kamra. The check-in was quick and the booking was smooth, really good.",hinglish
Property J,TripAdvisor,2024-04-25,2,The location was poor and far from the market.,en
Property K,TripAdvisor,2024-04-25,3,"Sasta aur accha, paisa vasool stay. The food was stale and cold, really disappointing.",hinglish
Property L,Booking,2024-04-25,3,"The room was spacious and comfortable with a warm heater. Sasta aur accha, paisa vasool stay.",hinglish
Property L,GoogleMaps,2024-04-25,2,"The bathroom was dirty and smelly, poor hygiene. The food was delicious and the breakfast was fresh.",en
Property A,MakeMyTrip,2024-04-26,4,"Sasta aur accha, paisa vasool stay.",hinglish
Property B,Booking,2024-04-26,2,"The food was stale and cold, really disappointing. Housekeeping never changed the towels, poor service.",en
Property F,TripAdvisor,2024-04-26,3,Very clean and hygienic bathroom.,en
Property F,Booking,2024-04-26,3,Housekeeping was prompt and the towels were fresh. The room heater was not working and it was freezing cold at night.,en
Property H,GoogleMaps,2024-04-26,1,खाना बेकार और ठंडा था.,hi
Property H,Booking,2024-04-26,4,"Room service accha tha, towels clean the.",hinglish
Property J,GoogleMaps,2024-04-26,2,Khaana bekaar aur thanda tha. Reception staff ka vyavhaar bekaar tha.,hinglish
Property K,TripAdvisor,2024-04-26,5,The room was spacious and comfortable with a warm heater.,en
Property L,TripAdvisor,2024-04-26,5,"Kamra badhiya aur comfortable tha. Check-in fast tha, booking process accha.",hinglish
Property L,Booking,2024-04-26,4,Great value for money and worth the price.,en
Property A,GoogleMaps,2024-04-27,4,Overpriced and too expensive for what you get. The room was spacious and comfortable with a warm heater.,en
Property A,MakeMyTrip,2024-04-27,3,खाना बहुत बढ़िया था. The staff were friendly and the reception was helpful.,hi
Property E,Booking,2024-04-27,2,The room heater was not working and it was freezing cold at night.,en
Property E,MakeMyTrip,2024-04-27,2,"Housekeeping never changed the towels, poor service. The food was stale and cold, really disappointing.",en
Property K,TripAdvisor,2024-04-27,2,"The check-in was slow and the booking was a problem. Towels ganda the, room service bekaar.",hinglish
Property L,Booking,2024-04-27,5,"Sasta aur accha, paisa vasool stay. Staff ka vyavhaar accha tha, reception helpful.",hinglish
Property A,Booking,2024-05-01,3,"Khaana bekaar aur thanda tha. Room service accha tha, towels clean the.",hinglish
Property C,Booking,2024-05-01,3,"Housekeeping never changed the towels, poor service. The staff were friendly and the reception was helpful.",en
Property F,GoogleMaps,2024-05-01,3,"Khaana bekaar aur thanda tha. Towels ganda the, room service bekaar.",hinglish
Property F,MakeMyTrip,2024-05-01,4,"Staff ka vyavhaar accha tha, reception helpful.",hinglish
Property A,GoogleMaps,2024-05-02,3,Very clean and hygienic bathroom.,en
Property B,TripAdvisor,2024-05-02,3,Khaana bekaar aur thanda tha.,hinglish
Property C,MakeMyTrip,2024-05-02,5,Very clean and hygienic bathroom.,en
Property D,GoogleMaps,2024-05-02,4,Kamra badhiya aur comfortable tha. The staff were friendly and the reception was helpful.,hinglish
Property D,MakeMyTrip,2024-05-02,2,"The bathroom was dirty and smelly, poor hygiene. The location was poor and far from the market.",en
Property H,MakeMyTrip,2024-05-02,5,Kamra badhiya aur comfortable tha.,hinglish
Property H,MakeMyTrip,2024-05-02,3,The staff were friendly and the reception was helpful. The check-in was slow and the booking was a problem.,en
Property J,GoogleMaps,2024-05-02,4,The staff were friendly and the reception was helpful.,en
Property K,GoogleMaps,2024-05-02,3,The staff were rude and the manager was unhelpful.,en
Property K,MakeMyTrip,2024-05-02,2,खाना बेकार और ठंडा था. Overpriced and too expensive for what you get.,hi
Property L,TripAdvisor,2024-05-02,3,Kamra badhiya aur comfortable tha. The staff were friendly and the reception was helpful.,hinglish
Property D,Booking,2024-05-03,2,The location was poor and far from the market.,en
Property D,GoogleMaps,2024-05-03,2,खाना बेकार और ठंडा था. बाथरूम गंदा था.,hi
Property F,TripAdvisor,2024-05-03,3,Reception staff ka vyavhaar bekaar tha. The food was delicious and the breakfast was fresh.,hinglish
Property G,TripAdvisor,2024-05-03,2,The check-in was slow and the booking was a problem.,en
Property I,Booking,2024-05-03,3,"Bathroom ekdum saaf, safai badhiya. कमरे का हीटर खराब था.",hi
Property J,Booking,2024-05-03,5,"Mountain ka nazara shandar, location badhiya.",hinglish
Property L,GoogleMaps,2024-05-03,4,"The food was delicious and the breakfast was fresh. Check-in fast tha, booking process accha.",hinglish
Property L,TripAdvisor,2024-05-03,4,"The room was spacious and comfortable with a warm heater. Bathroom ekdum saaf, safai badhiya.",hinglish
Property D,Booking,2024-05-04,3,"Bathroom ganda tha, gandagi thi. The check-in was slow and the booking was a problem.",hinglish
Property G,GoogleMaps,2024-05-04,3,"Kamre ka heater band tha, bahut thanda kamra.",hinglish
Property J,Booking,2024-05-04,2,"Kamre ka heater band tha, bahut thanda kamra.",hinglish
Property J,MakeMyTrip,2024-05-04,3,"Mountain ka nazara shandar, location badhiya. Bathroom ganda tha, gandagi thi.",hinglish
Property J,MakeMyTrip,2024-05-04,4,"Room service accha tha, towels clean the.",hinglish
Property K,Booking,2024-05-04,5,"Sasta aur accha, paisa vasool stay. The staff were friendly and the reception was helpful.",hinglish
Property K,GoogleMaps,2024-05-04,5,The location was great with a beautiful mountain view.,en
Property L,MakeMyTrip,2024-05-04,5,Kamra badhiya aur comfortable tha.,hinglish
Property B,Booking,2024-05-05,5,"Room service accha tha, towels clean the.",hinglish
Property B,TripAdvisor,2024-05-05,3,"Room service accha tha, towels clean the.",hinglish
Property C,Booking,2024-05-05,2,"Housekeeping never changed the towels, poor service.",en
Property E,MakeMyTrip,2024-05-05,3,"Great value for money and worth the price. Bathroom ganda tha, gandagi thi.",hinglish
Property K,MakeMyTrip,2024-05-05,2,"Booking me check-in slow tha, bekaar process.",hinglish
Property K,MakeMyTrip,2024-05-05,4,The food was delicious and the breakfast was fresh. Kamra badhiya aur comfortable tha.,hinglish
Property B,Booking,2024-05-06,4,"Mountain ka nazara shandar, location badhiya.",hinglish
Property D,GoogleMaps,2024-05-06,3,The staff were friendly and the reception was helpful. Very clean and hygienic bathroom.,en
Property F,GoogleMaps,2024-05-06,3,"Bahut mehenga tha, bilkul value nahi. Housekeeping was prompt and the towels were fresh.",hinglish
Property J,TripAdvisor,2024-05-06,3,कमरे का हीटर खराब था.,hi
Property K,GoogleMaps,2024-05-06,2,बाथरूम गंदा था. Overpriced and too expensive for what you get.,hi
Property B,GoogleMaps,2024-05-07,3,Very clean and hygienic bathroom. Kamra badhiya aur comfortable tha.,hinglish
Property E,GoogleMaps,2024-05-07,3,Reception staff ka vyavhaar bekaar tha.,hinglish
Property E,TripAdvisor,2024-05-07,4,The room heater was not working and it was freezing cold at night. Great value for money and worth the price.,en
Property F,Booking,2024-05-07,5,Khaana badhiya tha aur nashta bhi tasty. The room was spacious and comfortable with a warm heater.,hinglish
Property G,TripAdvisor,2024-05-07,4,"The staff were friendly and the reception was helpful. Bathroom ekdum saaf, safai badhiya.",hinglish
Property H,GoogleMaps,2024-05-07,5,Khaana badhiya tha aur nashta bhi tasty.,hinglish
Property I,MakeMyTrip,2024-05-07,3,The food was delicious and the breakfast was fresh. कमरे का हीटर खराब था.,hi
Property J,Booking,2024-05-07,4,"Bathroom ekdum saaf, safai badhiya. Towels ganda the, room service bekaar.",hinglish
Property J,GoogleMaps,2024-05-07,2,"Staff ka vyavhaar accha tha, reception helpful. बाथरूम गंदा था.",hi
Property J,MakeMyTrip,2024-05-07,4,Khaana badhiya tha aur nashta bhi tasty.,hinglish
Property A,Booking,2024-05-08,4,Very clean and hygienic bathroom.,en
Property D,TripAdvisor,2024-05-08,3,कमरे का हीटर खराब था. The food was delicious and the breakfast was fresh.,hi
Property E,MakeMyTrip,2024-05-08,2,कमरे का हीटर खराब था.,hi
Property F,GoogleMaps,2024-05-08,3,The staff were rude and the manager was unhelpful.,en
Property G,MakeMyTrip,2024-05-08,2,कमरे का हीटर खराब था.,hi
Property I,TripAdvisor,2024-05-08,4,"Bathroom ganda tha, gandagi thi. Kamra badhiya aur comfortable tha.",hinglish
Property B,TripAdvisor,2024-05-09,2,"Booking me check-in slow tha, bekaar process.",hinglish
Property C,GoogleMaps,2024-05-09,2,"Kamra badhiya aur comfortable tha. The bathroom was dirty and smelly, poor hygiene.",hinglish
Property C,GoogleMaps,2024-05-09,4,"Staff ka vyavhaar accha tha, reception helpful.",hinglish
Property E,TripAdvisor,2024-05-09,2,Khaana bekaar aur thanda tha. The check-in was slow and the booking was a problem.,hinglish
Property E,TripAdvisor,2024-05-09,1,"The location was poor and far from the market. The food was stale and cold, really disappointing.",en
Property G,Booking,2024-05-09,5,Khaana badhiya tha aur nashta bhi tasty.,hinglish
Property H,GoogleMaps,2024-05-09,3,"The staff were rude and the manager was unhelpful. The bathroom was dirty and smelly, poor hygiene.",en
Property I,MakeMyTrip,2024-05-09,2,"Bahut mehenga tha, bilkul value nahi.",hinglish
Property L,Booking,2024-05-09,3,Khaana badhiya tha aur nashta bhi tasty.,hinglish
Property D,MakeMyTrip,2024-05-10,3,खाना बेकार और ठंडा था. The location was poor and far from the market.,hi
Property G,GoogleMaps,2024-05-10,5,"The check-in was quick and the booking was smooth, really good.",en
Property H,Booking,2024-05-10,2,"Housekeeping never changed the towels, poor service. The food was delicious and the breakfast was fresh.",en
Property I,MakeMyTrip,2024-05-10,3,"Housekeeping was prompt and the towels were fresh. The food was stale and cold, really disappointing.",en
Property K,MakeMyTrip,2024-05-10,1,"The bathroom was dirty and smelly, poor hygiene.",en
Property K,Booking,2024-05-10,3,"Very clean and hygienic bathroom. Kamre ka heater band tha, bahut thanda kamra.",hinglish
Property L,Booking,2024-05-10,2,बाथरूम गंदा था.,hi
Property B,TripAdvisor,2024-05-11,4,The room was spacious and comfortable with a warm heater.,en
Property C,TripAdvisor,2024-05-11,4,Kamra badhiya aur comfortable tha.,hinglish
Property C,TripAdvisor,2024-05-11,4,The staff were friendly and the reception was helpful.,en
Property E,MakeMyTrip,2024-05-11,1,कमरे का हीटर खराब था.,hi
Property H,Booking,2024-05-11,3,"Room service accha tha, towels clean the. Khaana bekaar aur thanda tha.",hinglish
Property J,TripAdvisor,2024-05-11,3,"Mountain ka nazara shandar, location badhiya.",hinglish
Property L,TripAdvisor,2024-05-11,4,The food was delicious and the breakfast was fresh. The staff were friendly and the reception was helpful.,en
Property A,MakeMyTrip,2024-05-12,5,Khaana badhiya tha aur nashta bhi tasty. The room was spacious and comfortable with a warm heater.,hinglish
Property C,TripAdvisor,2024-05-12,4,"Staff ka vyavhaar accha tha, reception helpful. The room was spacious and comfortable with a warm heater.",hinglish
Property C,TripAdvisor,2024-05-12,3,खाना बहुत बढ़िया था.,hi
Property G,MakeMyTrip,2024-05-12,3,"Room service accha tha, towels clean the. The food was delicious and the breakfast was fresh.",hinglish
Property A,GoogleMaps,2024-05-13,5,Great value for money and worth the price.,en
Property G,GoogleMaps,2024-05-13,5,"Kamra badhiya aur comfortable tha. The check-in was quick and the booking was smooth, really good.",hinglish
Property I,TripAdvisor,2024-05-13,3,"Bathroom ekdum saaf, safai badhiya.",hinglish
Property I,TripAdvisor,2024-05-13,4,"Bathroom ekdum saaf, safai badhiya.",hinglish
Property J,TripAdvisor,2024-05-13,4,"Mountain ka nazara shandar, location badhiya. Bathroom ekdum saaf, safai badhiya.",hinglish
Property A,TripAdvisor,2024-05-14,4,Very clean and hygienic bathroom. Kamra badhiya aur comfortable tha.,hinglish
Property A,GoogleMaps,2024-05-14,1,Reception staff ka vyavhaar bekaar tha.,hinglish
Property A,MakeMyTrip,2024-05-14,2,Overpriced and too expensive for what you get.,en
Property B,MakeMyTrip,2024-05-14,3,The room was spacious and comfortable with a warm heater. The food was delicious and the breakfast was fresh.,en
Property J,MakeMyTrip,2024-05-14,2,"कमरे का हीटर खराब था. The check-in was quick and the booking was smooth, really good.",hi
Property L,MakeMyTrip,2024-05-14,4,"Great value for money and worth the price. Staff ka vyavhaar accha tha, reception helpful.",hinglish
Property A,MakeMyTrip,2024-05-15,3,"Bahut mehenga tha, bilkul value nahi. Bathroom ekdum saaf, safai badhiya.",hinglish
Property B,Booking,2024-05-15,2,"The room was spacious and comfortable with a warm heater. Bahut mehenga tha, bilkul value nahi.",hinglish
Property H,MakeMyTrip,2024-05-15,4,Very clean and hygienic bathroom. The room heater was not working and it was freezing cold at night.,en
Property I,MakeMyTrip,2024-05-15,2,"Room service accha tha, towels clean the. Khaana bekaar aur thanda tha.",hinglish
Property J,MakeMyTrip,2024-05-15,2,खाना बहुत बढ़िया था. The location was poor and far from the market.,hi
Property L,Booking,2024-05-15,4,"Great value for money and worth the price. Staff ka vyavhaar accha tha, reception helpful.",hinglish
Property A,Booking,2024-05-16,4,Very clean and hygienic bathroom.,en
Property A,MakeMyTrip,2024-05-16,4,"Bathroom ekdum saaf, safai badhiya.",hinglish
Property E,Booking,2024-05-16,2,"The bathroom was dirty and smelly, poor hygiene.",en
Property E,TripAdvisor,2024-05-16,2,Khaana bekaar aur thanda tha. Overpriced and too expensive for what you get.,hinglish
Property H,GoogleMaps,2024-05-16,3,Housekeeping was prompt and the towels were fresh. Great value for money and worth the price.,en
Property K,Booking,2024-05-16,2,"Housekeeping never changed the towels, poor service.",en
Property L,TripAdvisor,2024-05-16,4,Housekeeping was prompt and the towels were fresh.,en
Property B,GoogleMaps,2024-05-17,3,"Bahut mehenga tha, bilkul value nahi.",hinglish
Property B,TripAdvisor,2024-05-17,5,"Room service accha tha, towels clean the. Mountain ka nazara shandar, location badhiya.",hinglish
Property B,MakeMyTrip,2024-05-17,3,"Kamra badhiya aur comfortable tha. Bathroom ganda tha, gandagi thi.",hinglish
Property D,GoogleMaps,2024-05-17,5,The room was spacious and comfortable with a warm heater.,en
Property E,TripAdvisor,2024-05-17,4,The food was delicious and the breakfast was fresh. The location was great with a beautiful mountain view.,en
Property F,GoogleMaps,2024-05-17,3,"Towels ganda the, room service bekaar. The location was great with a beautiful mountain view.",hinglish
Property F,MakeMyTrip,2024-05-17,3,Housekeeping was prompt and the towels were fresh. The location was poor and far from the market.,en
Property F,GoogleMaps,2024-05-17,3,"Location bekaar thi, market se door.",hinglish
Property A,GoogleMaps,2024-05-18,3,Very clean and hygienic bathroom.,en
Property C,GoogleMaps,2024-05-18,3,The food was delicious and the breakfast was fresh. The location was great with a beautiful mountain view.,en
Property H,Booking,2024-05-18,4,"Bathroom ganda tha, gandagi thi. Staff ka vyavhaar accha tha, reception helpful.",hinglish
Property L,TripAdvisor,2024-05-18,3,"The staff were rude and the manager was unhelpful. Room service accha tha, towels clean the.",hinglish
Property C,GoogleMaps,2024-05-19,3,"Check-in fast tha, booking process accha.",hinglish
Property D,MakeMyTrip,2024-05-19,2,"The bathroom was dirty and smelly, poor hygiene. Khaana bekaar aur thanda tha.",hinglish
Property G,TripAdvisor,2024-05-19,4,Kamra badhiya aur comfortable tha. Reception staff ka vyavhaar bekaar tha.,hinglish
Property H,Booking,2024-05-19,5,The staff were friendly and the reception was helpful. Khaana badhiya tha aur nashta bhi tasty.,hinglish
Property I,Booking,2024-05-19,5,"Sasta aur accha, paisa vasool stay. The check-in was quick and the booking was smooth, really good.",hinglish
Property J,Booking,2024-05-19,2,"Bathroom ganda tha, gandagi thi.",hinglish
Property J,Booking,2024-05-19,5,"Sasta aur accha, paisa vasool stay. Kamra badhiya aur comfortable tha.",hinglish
Property J,Booking,2024-05-19,5,Great value for money and worth the price. खाना बहुत बढ़िया था.,hi
Property K,TripAdvisor,2024-05-19,2,"Bahut mehenga tha, bilkul value nahi.",hinglish
Property L,MakeMyTrip,2024-05-19,4,Very clean and hygienic bathroom. खाना बहुत बढ़िया था.,hi
Property D,GoogleMaps,2024-05-20,1,Khaana bekaar aur thanda tha.,hinglish
Property E,Booking,2024-05-20,2,The staff were rude and the manager was unhelpful. The room was spacious and comfortable with a warm heater.,en
Property G,Booking,2024-05-20,3,Very clean and hygienic bathroom. Housekeeping was prompt and the towels were fresh.,en
Property G,Booking,2024-05-20,3,"Bathroom ganda tha, gandagi thi. Staff ka vyavhaar accha tha, reception helpful.",hinglish
Property K,MakeMyTrip,2024-05-20,5,Kamra badhiya aur comfortable tha. Great value for money and worth the price.,hinglish
Property K,Booking,2024-05-20,3,कमरे का हीटर खराब था. Housekeeping was prompt and the towels were fresh.,hi
Property A,MakeMyTrip,2024-05-21,4,"Check-in fast tha, booking process accha. Sasta aur accha, paisa vasool stay.",hinglish
Property B,GoogleMaps,2024-05-21,5,Kamra badhiya aur comfortable tha.,hinglish
Property B,Booking,2024-05-21,3,"Khaana badhiya tha aur nashta bhi tasty. Location bekaar thi, market se door.",hinglish
Property B,Booking,2024-05-21,2,"Location bekaar thi, market se door.",hinglish
Property C,GoogleMaps,2024-05-21,5,The room was spacious and comfortable with a warm heater.,en
Property C,Booking,2024-05-21,4,"Very clean and hygienic bathroom. Sasta aur accha, paisa vasool stay.",hinglish
Property D,MakeMyTrip,2024-05-21,4,"Khaana bekaar aur thanda tha. Staff ka vyavhaar accha tha, reception helpful.",hinglish
Property G,GoogleMaps,2024-05-21,4,"The room was spacious and comfortable with a warm heater. Staff ka vyavhaar accha tha, reception helpful.",hinglish
Property H,Booking,2024-05-21,4,The staff were friendly and the reception was helpful. Kamra badhiya aur comfortable tha.,hinglish
Property H,MakeMyTrip,2024-05-21,3,"Great value for money and worth the price. Booking me check-in slow tha, bekaar process.",hinglish
Property J,MakeMyTrip,2024-05-21,4,"Mountain ka nazara shandar, location badhiya.",hinglish
Property C,MakeMyTrip,2024-05-22,3,Great value for money and worth the price.,en
Property G,MakeMyTrip,2024-05-22,4,"Check-in fast tha, booking process accha.",hinglish
Property I,MakeMyTrip,2024-05-22,3,"Bathroom ekdum saaf, safai badhiya.",hinglish
Property K,GoogleMaps,2024-05-22,3,"Towels ganda the, room service bekaar.",hinglish
Property L,MakeMyTrip,2024-05-22,5,The food was delicious and the breakfast was fresh. Very clean and hygienic bathroom.,en
Property L,Booking,2024-05-22,4,"Bathroom ekdum saaf, safai badhiya. खाना बहुत बढ़िया था.",hi
Property A,Booking,2024-05-23,3,Reception staff ka vyavhaar bekaar tha. Very clean and hygienic bathroom.,hinglish
Property C,TripAdvisor,2024-05-23,1,"The food was stale and cold, really disappointing.",en
Property D,Booking,2024-05-23,3,"Check-in fast tha, booking process accha. Bahut mehenga tha, bilkul value nahi.",hinglish
Property F,GoogleMaps,2024-05-23,1,"Towels ganda the, room service bekaar.",hinglish
Property J,GoogleMaps,2024-05-23,2,The room heater was not working and it was freezing cold at night. Great value for money and worth the price.,en
Property B,TripAdvisor,2024-05-24,3,The staff were friendly and the reception was helpful. Kamra badhiya aur comfortable tha.,hinglish
Property C,Booking,2024-05-24,4,The food was delicious and the breakfast was fresh. The staff were friendly and the reception was helpful.,en
Property C,MakeMyTrip,2024-05-24,5,Housekeeping was prompt and the towels were fresh. Kamra badhiya aur comfortable tha.,hinglish
Property F,Booking,2024-05-24,3,Housekeeping was prompt and the towels were fresh. खाना बहुत बढ़िया था.,hi
Property G,GoogleMaps,2024-05-24,2,"The staff were rude and the manager was unhelpful. Location bekaar thi, market se door.",hinglish
Property H,TripAdvisor,2024-05-24,3,बाथरूम गंदा था. Great value for money and worth the price.,hi
Property H,Booking,2024-05-24,2,The location was poor and far from the market.,en
Property I,TripAdvisor,2024-05-24,5,Khaana badhiya tha aur nashta bhi tasty.,hinglish
Property K,GoogleMaps,2024-05-24,1,Reception staff ka vyavhaar bekaar tha.,hinglish
Property L,MakeMyTrip,2024-05-24,4,खाना बहुत बढ़िया था.,hi
Property A,Booking,2024-05-25,3,The room was spacious and comfortable with a warm heater.,en
Property B,MakeMyTrip,2024-05-25,3,"खाना बेकार और ठंडा था. Staff ka vyavhaar accha tha, reception helpful.",hi
Property B,MakeMyTrip,2024-05-25,4,Great value for money and worth the price.,en
Property B,MakeMyTrip,2024-05-25,1,"Housekeeping never changed the towels, poor service. The staff were rude and the manager was unhelpful.",en
Property D,MakeMyTrip,2024-05-25,3,"Housekeeping never changed the towels, poor service.",en
Property E,Booking,2024-05-25,3,"Housekeeping was prompt and the towels were fresh. Location bekaar thi, market se door.",hinglish
Property E,Booking,2024-05-25,4,Reception staff ka vyavhaar bekaar tha. The food was delicious and the breakfast was fresh.,hinglish
Property F,Booking,2024-05-25,4,The location was great with a beautiful mountain view. Housekeeping was prompt and the towels were fresh.,en
Property G,TripAdvisor,2024-05-25,4,The staff were friendly and the reception was helpful.,en
Property H,GoogleMaps,2024-05-25,3,"Bathroom ekdum saaf, safai badhiya. खाना बहुत बढ़िया था.",hi
Property I,MakeMyTrip,2024-05-25,2,Khaana badhiya tha aur nashta bhi tasty. कमरे का हीटर खराब था.,hi
Property I,MakeMyTrip,2024-05-25,4,"Towels ganda the, room service bekaar. खाना बहुत बढ़िया था.",hi
Property K,TripAdvisor,2024-05-25,3,Kamra badhiya aur comfortable tha. The location was poor and far from the market.,hinglish
Property A,Booking,2024-05-26,5,"Sasta aur accha, paisa vasool stay. Khaana badhiya tha aur nashta bhi tasty.",hinglish
Property C,GoogleMaps,2024-05-26,4,The food was delicious and the breakfast was fresh. Great value for money and worth the price.,en
Property C,MakeMyTrip,2024-05-26,2,बाथरूम गंदा था.,hi
Property C,TripAdvisor,2024-05-26,5,"Room service accha tha, towels clean the. खाना बहुत बढ़िया था.",hi
Property D,TripAdvisor,2024-05-26,2,कमरे का हीटर खराब था.,hi
Property D,Booking,2024-05-26,2,"The location was poor and far from the market. Staff ka vyavhaar accha tha, reception helpful.",hinglish
Property E,GoogleMaps,2024-05-26,3,"Khaana bekaar aur thanda tha. Towels ganda the, room service bekaar.",hinglish
Property F,TripAdvisor,2024-05-26,3,The room was spacious and comfortable with a warm heater.,en
Property F,MakeMyTrip,2024-05-26,3,"Check-in fast tha, booking process accha. Housekeeping was prompt and the towels were fresh.",hinglish
Property H,TripAdvisor,2024-05-26,4,"The food was stale and cold, really disappointing. Housekeeping was prompt and the towels were fresh.",en
Property I,Booking,2024-05-26,5,"Staff ka vyavhaar accha tha, reception helpful. The food was delicious and the breakfast was fresh.",hinglish
Property K,Booking,2024-05-26,1,Overpriced and too expensive for what you get.,en
Property K,GoogleMaps,2024-05-26,2,"Bahut mehenga tha, bilkul value nahi. Kamra badhiya aur comfortable tha.",hinglish
Property B,TripAdvisor,2024-05-27,3,Great value for money and worth the price. The food was delicious and the breakfast was fresh.,en
Property E,GoogleMaps,2024-05-27,5,"Check-in fast tha, booking process accha.",hinglish
Property G,Booking,2024-05-27,5,खाना बहुत बढ़िया था. Kamra badhiya aur comfortable tha.,hi
Property H,MakeMyTrip,2024-05-27,5,"The staff were friendly and the reception was helpful. Check-in fast tha, booking process accha.",hinglish
Property I,GoogleMaps,2024-05-27,2,"The food was stale and cold, really disappointing. Kamre ka heater band tha, bahut thanda kamra.",hinglish
Property C,TripAdvisor,2024-06-01,3,Khaana bekaar aur thanda tha. Kamra badhiya aur comfortable tha.,hinglish
Property C,GoogleMaps,2024-06-01,3,The staff were friendly and the reception was helpful. Khaana bekaar aur thanda tha.,hinglish
Property D,MakeMyTrip,2024-06-01,4,"Staff ka vyavhaar accha tha, reception helpful. The room was spacious and comfortable with a warm heater.",hinglish
Property E,MakeMyTrip,2024-06-01,3,"Kamre ka heater band tha, bahut thanda kamra. Check-in fast tha, booking process accha.",hinglish
Property F,TripAdvisor,2024-06-01,3,Kamra badhiya aur comfortable tha.,hinglish
Property F,GoogleMaps,2024-06-01,5,"Bathroom ekdum saaf, safai badhiya.",hinglish
Property G,TripAdvisor,2024-06-01,3,The room heater was not working and it was freezing cold at night. Khaana badhiya tha aur nashta bhi tasty.,hinglish
Property J,MakeMyTrip,2024-06-01,3,The staff were rude and the manager was unhelpful.,en
Property J,TripAdvisor,2024-06-01,1,"बाथरूम गंदा था. Bahut mehenga tha, bilkul value nahi.",hi
Property J,Booking,2024-06-01,4,The food was delicious and the breakfast was fresh.,en
Property K,Booking,2024-06-01,4,Khaana bekaar aur thanda tha. The room was spacious and comfortable with a warm heater.,hinglish
Property A,GoogleMaps,2024-06-02,5,"Sasta aur accha, paisa vasool stay. Very clean and hygienic bathroom.",hinglish
Property B,TripAdvisor,2024-06-02,4,"Bathroom ekdum saaf, safai badhiya.",hinglish
Property B,GoogleMaps,2024-06-02,5,The food was delicious and the breakfast was fresh.,en
Property C,TripAdvisor,2024-06-02,5,"Staff ka vyavhaar accha tha, reception helpful.",hinglish
Property E,Booking,2024-06-02,3,"The staff were rude and the manager was unhelpful. Sasta aur accha, paisa vasool stay.",hinglish
Property F,GoogleMaps,2024-06-02,4,The room was spacious and comfortable with a warm heater.,en
Property J,Booking,2024-06-02,2,"The bathroom was dirty and smelly, poor hygiene.",en
Property A,TripAdvisor,2024-06-03,5,The room was spacious and comfortable with a warm heater.,en
Property C,TripAdvisor,2024-06-03,5,Kamra badhiya aur comfortable tha.,hinglish
Property D,Booking,2024-06-03,3,Kamra badhiya aur comfortable tha. The location was poor and far from the market.,hinglish
Property D,GoogleMaps,2024-06-03,2,The location was poor and far from the market.,en
Property D,MakeMyTrip,2024-06-03,4,The food was delicious and the breakfast was fresh. Housekeeping was prompt and the towels were fresh.,en
Property E,GoogleMaps,2024-06-03,2,"The location was poor and far from the market. Bahut mehenga tha, bilkul value nahi.",hinglish
Property I,Booking,2024-06-03,2,"Bathroom ekdum saaf, safai badhiya. Overpriced and too expensive for what you get.",hinglish
Property K,Booking,2024-06-03,3,The location was great with a beautiful mountain view.,en
Property E,TripAdvisor,2024-06-04,4,The staff were friendly and the reception was helpful.,en
Property F,GoogleMaps,2024-06-04,1,Overpriced and too expensive for what you get.,en
Property G,MakeMyTrip,2024-06-04,4,"Sasta aur accha, paisa vasool stay. The room was spacious and comfortable with a warm heater.",hinglish
Property H,GoogleMaps,2024-06-04,3,Very clean and hygienic bathroom. The staff were rude and the manager was unhelpful.,en
Property H,Booking,2024-06-04,4,Khaana badhiya tha aur nashta bhi tasty. The room was spacious and comfortable with a warm heater.,hinglish
Property J,GoogleMaps,2024-06-04,4,The room was spacious and comfortable with a warm heater. The food was delicious and the breakfast was fresh.,en
Property K,Booking,2024-06-04,1,"Kamre ka heater band tha, bahut thanda kamra. Overpriced and too expensive for what you get.",hinglish
Property B,MakeMyTrip,2024-06-05,3,Housekeeping was prompt and the towels were fresh. Khaana badhiya tha aur nashta bhi tasty.,hinglish
Property D,Booking,2024-06-05,2,"Bathroom ganda tha, gandagi thi.",hinglish
Property E,Booking,2024-06-05,3,"Kamre ka heater band tha, bahut thanda kamra.",hinglish
Property G,TripAdvisor,2024-06-05,4,Khaana badhiya tha aur nashta bhi tasty.,hinglish
Property J,MakeMyTrip,2024-06-05,4,"Bathroom ekdum saaf, safai badhiya.",hinglish
Property K,Booking,2024-06-05,5,The staff were friendly and the reception was helpful.,en
Property L,TripAdvisor,2024-06-05,3,The food was delicious and the breakfast was fresh.,en
Property L,GoogleMaps,2024-06-05,4,"Staff ka vyavhaar accha tha, reception helpful. Kamre ka heater band tha, bahut thanda kamra.",hinglish
Property B,GoogleMaps,2024-06-06,4,The food was delicious and the breakfast was fresh. The room was spacious and comfortable with a warm heater.,en
Property C,Booking,2024-06-06,4,The staff were friendly and the reception was helpful. Kamra badhiya aur comfortable tha.,hinglish
Property E,Booking,2024-06-06,3,"Sasta aur accha, paisa vasool stay.",hinglish
Property E,MakeMyTrip,2024-06-06,4,The location was great with a beautiful mountain view.,en
Property F,GoogleMaps,2024-06-06,2,The staff were friendly and the reception was helpful. The check-in was slow and the booking was a problem.,en
Property F,TripAdvisor,2024-06-06,3,बाथरूम गंदा था.,hi
Property G,Booking,2024-06-06,2,The room heater was not working and it was freezing cold at night.,en
Property J,GoogleMaps,2024-06-06,4,खाना बहुत बढ़िया था.,hi
Property K,MakeMyTrip,2024-06-06,4,The location was great with a beautiful mountain view.,en
Property C,Booking,2024-06-07,5,Very clean and hygienic bathroom. Kamra badhiya aur comfortable tha.,hinglish
Property C,Booking,2024-06-07,3,"Mountain ka nazara shandar, location badhiya.",hinglish
Property D,MakeMyTrip,2024-06-07,5,"खाना बहुत बढ़िया था. Bathroom ekdum saaf, safai badhiya.",hi
Property E,MakeMyTrip,2024-06-07,2,"The food was stale and cold, really disappointing.",en
Property G,GoogleMaps,2024-06-07,3,"Location bekaar thi, market se door.",hinglish
Property H,GoogleMaps,2024-06-07,2,Overpriced and too expensive for what you get.,en
Property L,Booking,2024-06-07,4,The food was delicious and the breakfast was fresh.,en
Property D,GoogleMaps,2024-06-08,5,Housekeeping was prompt and the towels were fresh.,en
Property E,TripAdvisor,2024-06-08,3,"Bahut mehenga tha, bilkul value nahi.",hinglish
Property G,GoogleMaps,2024-06-08,2,The location was poor and far from the market.,en
Property H,MakeMyTrip,2024-06-08,4,The room was spacious and comfortable with a warm heater.,en
Property I,TripAdvisor,2024-06-08,5,Housekeeping was prompt and the towels were fresh. The staff were friendly and the reception was helpful.,en
Property K,TripAdvisor,2024-06-08,3,Reception staff ka vyavhaar bekaar tha.,hinglish
Property B,GoogleMaps,2024-06-09,3,बाथरूम गंदा था. The food was delicious and the breakfast was fresh.,hi
Property B,MakeMyTrip,2024-06-09,4,Great value for money and worth the price. Very clean and hygienic bathroom.,en
Property I,TripAdvisor,2024-06-09,4,"Housekeeping was prompt and the towels were fresh. Sasta aur accha, paisa vasool stay.",hinglish
Property J,TripAdvisor,2024-06-09,4,The room was spacious and comfortable with a warm heater.,en
Property K,Booking,2024-06-09,3,"कमरे का हीटर खराब था. Staff ka vyavhaar accha tha, reception helpful.",hi
Property B,GoogleMaps,2024-06-10,1,"Booking me check-in slow tha, bekaar process. Location bekaar thi, market se door.",hinglish
Property D,TripAdvisor,2024-06-10,5,"Check-in fast tha, booking process accha.",hinglish
Property E,GoogleMaps,2024-06-10,2,कमरे का हीटर खराब था. The location was poor and far from the market.,hi
Property F,TripAdvisor,2024-06-10,3,"Reception staff ka vyavhaar bekaar tha. The food was stale and cold, really disappointing.",hinglish
Property H,GoogleMaps,2024-06-10,2,"Bathroom ganda tha, gandagi thi. Sasta aur accha, paisa vasool stay.",hinglish
Property I,GoogleMaps,2024-06-10,4,"खाना बहुत बढ़िया था. Housekeeping never changed the towels, poor service.",hi
Property J,GoogleMaps,2024-06-10,4,"Mountain ka nazara shandar, location badhiya. Staff ka vyavhaar accha tha, reception helpful.",hinglish
Property L,MakeMyTrip,2024-06-10,4,The location was great with a beautiful mountain view. The room was spacious and comfortable with a warm heater.,en
Property L,TripAdvisor,2024-06-10,4,"Sasta aur accha, paisa vasool stay. Mountain ka nazara shandar, location badhiya.",hinglish
Property B,GoogleMaps,2024-06-11,2,खाना बेकार और ठंडा था.,hi
Property F,GoogleMaps,2024-06-11,3,Very clean and hygienic bathroom.,en
Property G,GoogleMaps,2024-06-11,3,"Bathroom ekdum saaf, safai badhiya. Great value for money and worth the price.",hinglish
Property J,Booking,2024-06-11,3,"Great value for money and worth the price. Housekeeping never changed the towels, poor service.",en
Property J,GoogleMaps,2024-06-11,4,"Khaana badhiya tha aur nashta bhi tasty. Bathroom ekdum saaf, safai badhiya.",hinglish
Property L,GoogleMaps,2024-06-11,3,"The bathroom was dirty and smelly, poor hygiene. The check-in was quick and the booking was smooth, really good.",en
Property A,GoogleMaps,2024-06-12,4,Very clean and hygienic bathroom.,en
Property A,TripAdvisor,2024-06-12,4,"Khaana bekaar aur thanda tha. Room service accha tha, towels clean the.",hinglish
Property C,TripAdvisor,2024-06-12,4,"Check-in fast tha, booking process accha. The staff were friendly and the reception was helpful.",hinglish
Property D,MakeMyTrip,2024-06-12,3,The staff were rude and the manager was unhelpful. The food was delicious and the breakfast was fresh.,en
Property E,TripAdvisor,2024-06-12,4,The location was great with a beautiful mountain view. The staff were rude and the manager was unhelpful.,en
Property E,MakeMyTrip,2024-06-12,3,Great value for money and worth the price.,en
Property E,MakeMyTrip,2024-06-12,3,"Towels ganda the, room service bekaar.",hinglish
Property F,TripAdvisor,2024-06-12,3,Great value for money and worth the price. Kamra badhiya aur comfortable tha.,hinglish
Property H,Booking,2024-06-12,3,"Housekeeping never changed the towels, poor service.",en
Property H,Booking,2024-06-12,1,The staff were rude and the manager was unhelpful.,en
Property K,Booking,2024-06-12,2,"Towels ganda the, room service bekaar.",hinglish
Property L,Booking,2024-06-12,5,Khaana badhiya tha aur nashta bhi tasty.,hinglish
Property A,GoogleMaps,2024-06-13,3,"Bahut mehenga tha, bilkul value nahi.",hinglish
Property C,MakeMyTrip,2024-06-13,4,"The food was delicious and the breakfast was fresh. Staff ka vyavhaar accha tha, reception helpful.",hinglish
Property D,GoogleMaps,2024-06-13,3,The room was spacious and comfortable with a warm heater.,en
Property D,MakeMyTrip,2024-06-13,5,The staff were friendly and the reception was helpful.,en
Property E,Booking,2024-06-13,4,Kamra badhiya aur comfortable tha. Very clean and hygienic bathroom.,hinglish
Property F,MakeMyTrip,2024-06-13,3,The room heater was not working and it was freezing cold at night. खाना बहुत बढ़िया था.,hi
Property F,GoogleMaps,2024-06-13,4,"Staff ka vyavhaar accha tha, reception helpful. Check-in fast tha, booking process accha.",hinglish
Property G,GoogleMaps,2024-06-13,5,The room was spacious and comfortable with a warm heater.,en
Property K,TripAdvisor,2024-06-13,3,The location was poor and far from the market. कमरे का हीटर खराब था.,hi
Property L,MakeMyTrip,2024-06-13,5,The room was spacious and comfortable with a warm heater. खाना बहुत बढ़िया था.,hi
Property D,GoogleMaps,2024-06-14,5,Great value for money and worth the price. The location was great with a beautiful mountain view.,en
Property D,TripAdvisor,2024-06-14,5,Khaana badhiya tha aur nashta bhi tasty.,hinglish
Property F,Booking,2024-06-14,2,Overpriced and too expensive for what you get.,en
Property F,Booking,2024-06-14,3,खाना बहुत बढ़िया था. Housekeeping was prompt and the towels were fresh.,hi
Property H,MakeMyTrip,2024-06-14,5,"Room service accha tha, towels clean the. Sasta aur accha, paisa vasool stay.",hinglish
Property H,TripAdvisor,2024-06-14,3,Housekeeping was prompt and the towels were fresh.,en
Property I,MakeMyTrip,2024-06-14,4,The food was delicious and the breakfast was fresh. The staff were rude and the manager was unhelpful.,en
Property K,GoogleMaps,2024-06-14,2,The room heater was not working and it was freezing cold at night.,en
Property L,TripAdvisor,2024-06-14,2,कमरे का हीटर खराब था.,hi
Property A,TripAdvisor,2024-06-15,5,"Bathroom ekdum saaf, safai badhiya. Khaana badhiya tha aur nashta bhi tasty.",hinglish
Property B,MakeMyTrip,2024-06-15,3,खाना बहुत बढ़िया था.,hi
Property C,TripAdvisor,2024-06-15,1,Khaana bekaar aur thanda tha.,hinglish
Property C,Booking,2024-06-15,3,Housekeeping was prompt and the towels were fresh. Reception staff ka vyavhaar bekaar tha.,hinglish
Property D,TripAdvisor,2024-06-15,2,"Bathroom ganda tha, gandagi thi. The room heater was not working and it was freezing cold at night.",hinglish
Property D,MakeMyTrip,2024-06-15,5,"Kamra badhiya aur comfortable tha. Mountain ka nazara shandar, location badhiya.",hinglish
Property F,GoogleMaps,2024-06-15,3,Great value for money and worth the price.,en
Property G,GoogleMaps,2024-06-15,5,"खाना बहुत बढ़िया था. Staff ka vyavhaar accha tha, reception helpful.",hi
Property G,Booking,2024-06-15,4,"Sasta aur accha, paisa vasool stay.",hinglish
Property I,MakeMyTrip,2024-06-15,3,Very clean and hygienic bathroom.,en
Property I,MakeMyTrip,2024-06-15,1,"Booking me check-in slow tha, bekaar process.",hinglish
Property J,GoogleMaps,2024-06-15,3,"Location bekaar thi, market se door. Bahut mehenga tha, bilkul value nahi.",hinglish
Property J,GoogleMaps,2024-06-15,3,"Kamre ka heater band tha, bahut thanda kamra. खाना बहुत बढ़िया था.",hi
Property L,Booking,2024-06-15,5,"Mountain ka nazara shandar, location badhiya.",hinglish
Property L,MakeMyTrip,2024-06-15,3,Kamra badhiya aur comfortable tha.,hinglish
Property A,Booking,2024-06-16,4,"Bathroom ekdum saaf, safai badhiya.",hinglish
Property B,TripAdvisor,2024-06-16,3,"The room was spacious and comfortable with a warm heater. Booking me check-in slow tha, bekaar process.",hinglish
Property D,TripAdvisor,2024-06-16,1,"Overpriced and too expensive for what you get. The bathroom was dirty and smelly, poor hygiene.",en
Property I,Booking,2024-06-16,2,"Housekeeping never changed the towels, poor service.",en
Property I,GoogleMaps,2024-06-16,5,The staff were friendly and the reception was helpful.,en
Property J,Booking,2024-06-16,2,The room heater was not working and it was freezing cold at night.,en
Property L,TripAdvisor,2024-06-16,4,Khaana badhiya tha aur nashta bhi tasty.,hinglish
Property L,MakeMyTrip,2024-06-16,4,"Sasta aur accha, paisa vasool stay.",hinglish
Property L,GoogleMaps,2024-06-16,4,"Staff ka vyavhaar accha tha, reception helpful. Great value for money and worth the price.",hinglish
Property B,GoogleMaps,2024-06-17,3,खाना बहुत बढ़िया था. The check-in was slow and the booking was a problem.,hi
Property B,GoogleMaps,2024-06-17,3,The room was spacious and comfortable with a warm heater.,en
Property C,GoogleMaps,2024-06-17,3,"Mountain ka nazara shandar, location badhiya. Housekeeping was prompt and the towels were fresh.",hinglish
Property G,GoogleMaps,2024-06-17,2,The staff were rude and the manager was unhelpful.,en
Property G,GoogleMaps,2024-06-17,4,"Sasta aur accha, paisa vasool stay. Very clean and hygienic bathroom.",hinglish
Property K,Booking,2024-06-17,5,The staff were friendly and the reception was helpful.,en
Property L,MakeMyTrip,2024-06-17,2,"The bathroom was dirty and smelly, poor hygiene.",en
Property C,Booking,2024-06-18,4,"Staff ka vyavhaar accha tha, reception helpful.",hinglish
Property E,GoogleMaps,2024-06-18,1,"Location bekaar thi, market se door.",hinglish
Property I,TripAdvisor,2024-06-18,2,Khaana bekaar aur thanda tha.,hinglish
Property J,Booking,2024-06-18,3,Kamra badhiya aur comfortable tha. Reception staff ka vyavhaar bekaar tha.,hinglish
Property A,TripAdvisor,2024-06-19,3,Very clean and hygienic bathroom.,en
Property B,Booking,2024-06-19,5,"Mountain ka nazara shandar, location badhiya.",hinglish
Property E,MakeMyTrip,2024-06-19,3,"The check-in was quick and the booking was smooth, really good.",en
Property H,MakeMyTrip,2024-06-19,2,"The check-in was quick and the booking was smooth, really good. Bathroom ganda tha, gandagi thi.",hinglish
Property H,TripAdvisor,2024-06-19,4,The location was great with a beautiful mountain view. The room was spacious and comfortable with a warm heater.,en
Property J,Booking,2024-06-19,3,"खाना बहुत बढ़िया था. Kamre ka heater band tha, bahut thanda kamra.",hi
Property A,MakeMyTrip,2024-06-20,2,"Bahut mehenga tha, bilkul value nahi.",hinglish
Property B,GoogleMaps,2024-06-20,3,Khaana bekaar aur thanda tha.,hinglish
Property B,TripAdvisor,2024-06-20,2,"कमरे का हीटर खराब था. The check-in was quick and the booking was smooth, really good.",hi
Property B,MakeMyTrip,2024-06-20,3,खाना बहुत बढ़िया था.,hi
Property C,Booking,2024-06-20,2,The check-in was slow and the booking was a problem.,en
Property D,MakeMyTrip,2024-06-20,4,"Staff ka vyavhaar accha tha, reception helpful.",hinglish
Property D,TripAdvisor,2024-06-20,1,"The food was stale and cold, really disappointing.",en
Property F,GoogleMaps,2024-06-20,5,"Mountain ka nazara shandar, location badhiya. The food was delicious and the breakfast was fresh.",hinglish
Property J,GoogleMaps,2024-06-20,3,The staff were friendly and the reception was helpful. The room heater was not working and it was freezing cold at night.,en
Property K,TripAdvisor,2024-06-20,3,Reception staff ka vyavhaar bekaar tha. Kamra badhiya aur comfortable tha.,hinglish
Property L,MakeMyTrip,2024-06-20,4,"Check-in fast tha, booking process accha.",hinglish
Property D,TripAdvisor,2024-06-21,3,"Staff ka vyavhaar accha tha, reception helpful. Bathroom ekdum saaf, safai badhiya.",hinglish
Property H,GoogleMaps,2024-06-21,3,"The food was stale and cold, really disappointing. The staff were rude and the manager was unhelpful.",en
Property H,TripAdvisor,2024-06-21,4,"The room was spacious and comfortable with a warm heater. Bathroom ekdum saaf, safai badhiya.",hinglish
Property I,GoogleMaps,2024-06-21,4,"Check-in fast tha, booking process accha.",hinglish
Property I,TripAdvisor,2024-06-21,2,The check-in was slow and the booking was a problem.,en
Property K,MakeMyTrip,2024-06-21,2,"The bathroom was dirty and smelly, poor hygiene.",en
Property K,MakeMyTrip,2024-06-21,4,Khaana badhiya tha aur nashta bhi tasty. The staff were rude and the manager was unhelpful.,hinglish
Property L,Booking,2024-06-21,4,Khaana badhiya tha aur nashta bhi tasty.,hinglish
Property A,MakeMyTrip,2024-06-22,2,"Khaana bekaar aur thanda tha. Kamre ka heater band tha, bahut thanda kamra.",hinglish
Property A,GoogleMaps,2024-06-22,4,"The check-in was quick and the booking was smooth, really good.",en
Property E,GoogleMaps,2024-06-22,3,The food was delicious and the breakfast was fresh. The room heater was not working and it was freezing cold at night.,en
Property G,TripAdvisor,2024-06-22,3,The location was great with a beautiful mountain view.,en
Property G,TripAdvisor,2024-06-22,3,The location was great with a beautiful mountain view.,en
Property I,Booking,2024-06-22,4,The room was spacious and comfortable with a warm heater.,en
Property J,TripAdvisor,2024-06-22,3,खाना बेकार और ठंडा था. The room was spacious and comfortable with a warm heater.,hi
Property A,MakeMyTrip,2024-06-23,4,"Check-in fast tha, booking process accha.",hinglish
Property B,MakeMyTrip,2024-06-23,4,Kamra badhiya aur comfortable tha. खाना बहुत बढ़िया था.,hi
Property A,MakeMyTrip,2024-06-24,5,Kamra badhiya aur comfortable tha. खाना बहुत बढ़िया था.,hi
Property H,TripAdvisor,2024-06-24,4,"Room service accha tha, towels clean the. Khaana badhiya tha aur nashta bhi tasty.",hinglish
Property I,Booking,2024-06-24,4,"Mountain ka nazara shandar, location badhiya.",hinglish
Property L,Booking,2024-06-24,5,"Room service accha tha, towels clean the.",hinglish
Property L,MakeMyTrip,2024-06-24,5,Great value for money and worth the price.,en
Property E,MakeMyTrip,2024-06-25,4,"The check-in was quick and the booking was smooth, really good.",en
Property J,MakeMyTrip,2024-06-25,2,"The bathroom was dirty and smelly, poor hygiene. The location was great with a beautiful mountain view.",en
Property K,GoogleMaps,2024-06-25,3,"Location bekaar thi, market se door. Bathroom ekdum saaf, safai badhiya.",hinglish
Property A,Booking,2024-06-26,4,"Bathroom ekdum saaf, safai badhiya.",hinglish
Property C,GoogleMaps,2024-06-26,5,खाना बहुत बढ़िया था.,hi
Property C,TripAdvisor,2024-06-26,3,"Bathroom ganda tha, gandagi thi. Great value for money and worth the price.",hinglish
Property D,GoogleMaps,2024-06-26,2,The staff were rude and the manager was unhelpful.,en
Property F,Booking,2024-06-26,4,The staff were rude and the manager was unhelpful. Kamra badhiya aur comfortable tha.,hinglish
Property G,GoogleMaps,2024-06-26,3,Reception staff ka vyavhaar bekaar tha.,hinglish
Property I,Booking,2024-06-26,3,खाना बहुत बढ़िया था. The staff were friendly and the reception was helpful.,hi
Property A,Booking,2024-06-27,4,"Sasta aur accha, paisa vasool stay.",hinglish
Property E,Booking,2024-06-27,3,The staff were friendly and the reception was helpful. कमरे का हीटर खराब था.,hi
Property F,Booking,2024-06-27,3,"Bahut mehenga tha, bilkul value nahi.",hinglish
Property H,GoogleMaps,2024-06-27,3,"Location bekaar thi, market se door. The staff were friendly and the reception was helpful.",hinglish
Property J,GoogleMaps,2024-06-27,2,"Housekeeping never changed the towels, poor service.",en
Property L,Booking,2024-06-27,4,"Staff ka vyavhaar accha tha, reception helpful. Khaana badhiya tha aur nashta bhi tasty.",hinglish
Property B,Booking,2024-07-01,3,Khaana badhiya tha aur nashta bhi tasty.,hinglish
Property F,GoogleMaps,2024-07-01,4,Very clean and hygienic bathroom.,en
Property H,MakeMyTrip,2024-07-01,3,"Bahut mehenga tha, bilkul value nahi. Check-in fast tha, booking process accha.",hinglish
Property H,Booking,2024-07-01,5,Kamra badhiya aur comfortable tha.,hinglish
Property I,TripAdvisor,2024-07-01,3,"Kamra badhiya aur comfortable tha. Bahut mehenga tha, bilkul value nahi.",hinglish
Property J,MakeMyTrip,2024-07-01,3,Overpriced and too expensive for what you get. Khaana badhiya tha aur nashta bhi tasty.,hinglish
Property L,GoogleMaps,2024-07-01,3,Khaana badhiya tha aur nashta bhi tasty.,hinglish
Property A,GoogleMaps,2024-07-02,4,"Sasta aur accha, paisa vasool stay.",hinglish
Property B,GoogleMaps,2024-07-02,3,"Mountain ka nazara shandar, location badhiya. Very clean and hygienic bathroom.",hinglish
Property H,Booking,2024-07-02,3,"Bathroom ekdum saaf, safai badhiya. Towels ganda the, room service bekaar.",hinglish
Property I,GoogleMaps,2024-07-02,4,The location was great with a beautiful mountain view. खाना बहुत बढ़िया था.,hi
Property K,GoogleMaps,2024-07-02,3,The staff were friendly and the reception was helpful.,en
Property L,MakeMyTrip,2024-07-02,5,"Sasta aur accha, paisa vasool stay.",hinglish
Property L,TripAdvisor,2024-07-02,4,The room was spacious and comfortable with a warm heater.,en
Property B,MakeMyTrip,2024-07-03,4,Khaana badhiya tha aur nashta bhi tasty.,hinglish
Property B,Booking,2024-07-03,3,"The food was stale and cold, really disappointing.",en
Property B,TripAdvisor,2024-07-03,4,"Bathroom ekdum saaf, safai badhiya. Room service accha tha, towels clean the.",hinglish
Property C,GoogleMaps,2024-07-03,3,खाना बेकार और ठंडा था. The room heater was not working and it was freezing cold at night.,hi
Property E,Booking,2024-07-03,1,"Kamre ka heater band tha, bahut thanda kamra.",hinglish
Property F,TripAdvisor,2024-07-03,4,खाना बहुत बढ़िया था.,hi
Property F,TripAdvisor,2024-07-03,2,"The room was spacious and comfortable with a warm heater. The food was stale and cold, really disappointing.",en
Property G,MakeMyTrip,2024-07-03,3,"Room service accha tha, towels clean the. Great value for money and worth the price.",hinglish
Property I,TripAdvisor,2024-07-03,5,"Sasta aur accha, paisa vasool stay.",hinglish
Property B,TripAdvisor,2024-07-04,3,"The room heater was not working and it was freezing cold at night. Location bekaar thi, market se door.",hinglish
Property C,TripAdvisor,2024-07-04,4,Housekeeping was prompt and the towels were fresh. खाना बहुत बढ़िया था.,hi
Property C,TripAdvisor,2024-07-04,3,"Kamre ka heater band tha, bahut thanda kamra. The food was stale and cold, really disappointing.",hinglish
Property G,Booking,2024-07-04,4,The food was delicious and the breakfast was fresh.,en
Property G,MakeMyTrip,2024-07-04,4,"Sasta aur accha, paisa vasool stay. The check-in was quick and the booking was smooth, really good.",hinglish
Property I,GoogleMaps,2024-07-04,5,The food was delicious and the breakfast was fresh.,en
Property J,GoogleMaps,2024-07-04,4,Great value for money and worth the price. Very clean and hygienic bathroom.,en
Property K,TripAdvisor,2024-07-04,3,"बाथरूम गंदा था. Room service accha tha, towels clean the.",hi
Property L,Booking,2024-07-04,4,"Staff ka vyavhaar accha tha, reception helpful. Khaana badhiya tha aur nashta bhi tasty.",hinglish
Property A,Booking,2024-07-05,3,"The location was poor and far from the market. Bathroom ekdum saaf, safai badhiya.",hinglish
Property B,Booking,2024-07-05,4,Khaana badhiya tha aur nashta bhi tasty.,hinglish
Property B,MakeMyTrip,2024-07-05,3,The room was spacious and comfortable with a warm heater.,en
Property D,GoogleMaps,2024-07-05,2,"कमरे का हीटर खराब था. Towels ganda the, room service bekaar.",hi
Property F,Booking,2024-07-05,2,"The food was delicious and the breakfast was fresh. Bahut mehenga tha, bilkul value nahi.",hinglish
Property G,GoogleMaps,2024-07-05,5,"Sasta aur accha, paisa vasool stay. The check-in was quick and the booking was smooth, really good.",hinglish
Property K,Booking,2024-07-05,2,"कमरे का हीटर खराब था. Bahut mehenga tha, bilkul value nahi.",hi
Property K,GoogleMaps,2024-07-05,3,"The room was spacious and comfortable with a warm heater. Housekeeping never changed the towels, poor service.",en
Property E,TripAdvisor,2024-07-06,3,The room was spacious and comfortable with a warm heater. बाथरूम गंदा था.,hi
Property G,GoogleMaps,2024-07-06,5,Kamra badhiya aur comfortable tha.,hinglish
Property K,Booking,2024-07-06,4,The location was great with a beautiful mountain view.,en
Property B,TripAdvisor,2024-07-07,4,"Mountain ka nazara shandar, location badhiya.",hinglish
Property B,GoogleMaps,2024-07-07,4,Housekeeping was prompt and the towels were fresh.,en
Property E,MakeMyTrip,2024-07-07,3,खाना बेकार और ठंडा था.,hi
Property F,MakeMyTrip,2024-07-07,5,Kamra badhiya aur comfortable tha.,hinglish
Property F,MakeMyTrip,2024-07-07,5,The staff were friendly and the reception was helpful.,en
Property F,MakeMyTrip,2024-07-07,2,"The bathroom was dirty and smelly, poor hygiene.",en
Property H,GoogleMaps,2024-07-07,3,"Bathroom ekdum saaf, safai badhiya.",hinglish
Property H,MakeMyTrip,2024-07-07,4,"Sasta aur accha, paisa vasool stay.",hinglish
Property K,MakeMyTrip,2024-07-07,3,"Check-in fast tha, booking process accha.",hinglish
Property A,TripAdvisor,2024-07-08,1,"The food was stale and cold, really disappointing.",en
Property A,GoogleMaps,2024-07-08,3,"The check-in was quick and the booking was smooth, really good.",en
Property E,MakeMyTrip,2024-07-08,2,खाना बेकार और ठंडा था.,hi
Property F,GoogleMaps,2024-07-08,4,Very clean and hygienic bathroom. The food was delicious and the breakfast was fresh.,en
Property G,Booking,2024-07-08,4,"Staff ka vyavhaar accha tha, reception helpful.",hinglish
Property H,MakeMyTrip,2024-07-08,5,"Staff ka vyavhaar accha tha, reception helpful. Check-in fast tha, booking process accha.",hinglish
Property J,MakeMyTrip,2024-07-08,2,The staff were rude and the manager was unhelpful.,en
Property K,MakeMyTrip,2024-07-08,4,Very clean and hygienic bathroom.,en
Property L,MakeMyTrip,2024-07-08,3,"The location was poor and far from the market. Room service accha tha, towels clean the.",hinglish
Property A,Booking,2024-07-09,4,The staff were friendly and the reception was helpful.,en
Property D,Booking,2024-07-09,4,Kamra badhiya aur comfortable tha.,hinglish
Property G,GoogleMaps,2024-07-09,1,Reception staff ka vyavhaar bekaar tha.,hinglish
Property L,Booking,2024-07-09,2,कमरे का हीटर खराब था.,hi
Property A,GoogleMaps,2024-07-10,3,"Room service accha tha, towels clean the. Very clean and hygienic bathroom.",hinglish
Property C,TripAdvisor,2024-07-10,3,"Mountain ka nazara shandar, location badhiya. बाथरूम गंदा था.",hi
Property C,GoogleMaps,2024-07-10,4,कमरे का हीटर खराब था. खाना बहुत बढ़िया था.,hi
Property E,TripAdvisor,2024-07-10,3,"Sasta aur accha, paisa vasool stay.",hinglish
Property E,TripAdvisor,2024-07-10,3,Overpriced and too expensive for what you get.,en
Property G,GoogleMaps,2024-07-10,3,Khaana badhiya tha aur nashta bhi tasty. बाथरूम गंदा था.,hi
Property I,MakeMyTrip,2024-07-10,5,The room was spacious and comfortable with a warm heater.,en
Property I,GoogleMaps,2024-07-10,4,The room was spacious and comfortable with a warm heater.,en
Property J,TripAdvisor,2024-07-10,5,The food was delicious and the breakfast was fresh.,en
Property K,GoogleMaps,2024-07-10,1,खाना बेकार और ठंडा था.,hi
Property L,MakeMyTrip,2024-07-10,4,Housekeeping was prompt and the towels were fresh.,en
Property D,Booking,2024-07-11,2,"Towels ganda the, room service bekaar.",hinglish
Property G,TripAdvisor,2024-07-11,3,"The location was great with a beautiful mountain view. Kamre ka heater band tha, bahut thanda kamra.",hinglish
Property I,Booking,2024-07-11,2,"The room heater was not working and it was freezing cold at night. Bathroom ekdum saaf, safai badhiya.",hinglish
Property K,TripAdvisor,2024-07-11,4,"Staff ka vyavhaar accha tha, reception helpful.",hinglish
Property L,Booking,2024-07-11,5,Housekeeping was prompt and the towels were fresh. खाना बहुत बढ़िया था.,hi
Property A,GoogleMaps,2024-07-12,5,The room was spacious and comfortable with a warm heater. The staff were friendly and the reception was helpful.,en
Property B,GoogleMaps,2024-07-12,2,"Location bekaar thi, market se door. The room was spacious and comfortable with a warm heater.",hinglish
Property B,MakeMyTrip,2024-07-12,2,The check-in was slow and the booking was a problem.,en
Property D,TripAdvisor,2024-07-12,3,"कमरे का हीटर खराब था. Towels ganda the, room service bekaar.",hi
Property E,Booking,2024-07-12,1,"Towels ganda the, room service bekaar. Bathroom ganda tha, gandagi thi.",hinglish
Property E,TripAdvisor,2024-07-12,4,Great value for money and worth the price. Housekeeping was prompt and the towels were fresh.,en
Property E,MakeMyTrip,2024-07-12,2,बाथरूम गंदा था.,hi
Property F,MakeMyTrip,2024-07-12,4,The staff were rude and the manager was unhelpful. Very clean and hygienic bathroom.,en
Property G,Booking,2024-07-12,5,"Mountain ka nazara shandar, location badhiya.",hinglish
Property G,MakeMyTrip,2024-07-12,3,"Kamra badhiya aur comfortable tha. Check-in fast tha, booking process accha.",hinglish
Property G,GoogleMaps,2024-07-12,1,The location was poor and far from the market.,en
Property H,Booking,2024-07-12,4,"The check-in was quick and the booking was smooth, really good.",en
Property H,GoogleMaps,2024-07-12,3,खाना बहुत बढ़िया था. The room was spacious and comfortable with a warm heater.,hi
Property A,TripAdvisor,2024-07-13,5,"Bathroom ekdum saaf, safai badhiya. Kamra badhiya aur comfortable tha.",hinglish
Property E,TripAdvisor,2024-07-13,2,The staff were friendly and the reception was helpful. Overpriced and too expensive for what you get.,en
Property F,GoogleMaps,2024-07-13,2,"Housekeeping never changed the towels, poor service. The food was delicious and the breakfast was fresh.",en
Property F,Booking,2024-07-13,2,"Overpriced and too expensive for what you get. Towels ganda the, room service bekaar.",hinglish
Property H,GoogleMaps,2024-07-13,4,"The check-in was quick and the booking was smooth, really good.",en
Property H,TripAdvisor,2024-07-13,5,Very clean and hygienic bathroom.,en
Property I,GoogleMaps,2024-07-13,3,Kamra badhiya aur comfortable tha.,hinglish
Property I,TripAdvisor,2024-07-13,4,"Very clean and hygienic bathroom. Staff ka vyavhaar accha tha, reception helpful.",hinglish
Property I,MakeMyTrip,2024-07-13,4,"Bathroom ekdum saaf, safai badhiya.",hinglish
Property K,MakeMyTrip,2024-07-13,4,"Staff ka vyavhaar accha tha, reception helpful.",hinglish
Property L,MakeMyTrip,2024-07-13,4,"Mountain ka nazara shandar, location badhiya. Housekeeping was prompt and the towels were fresh.",hinglish
Property A,Booking,2024-07-14,3,"Location bekaar thi, market se door.",hinglish
Property A,Booking,2024-07-14,5,The food was delicious and the breakfast was fresh.,en
Property A,Booking,2024-07-14,1,The room heater was not working and it was freezing cold at night.,en
Property E,MakeMyTrip,2024-07-14,3,"Bahut mehenga tha, bilkul value nahi. Very clean and hygienic bathroom.",hinglish
Property G,TripAdvisor,2024-07-14,4,"The check-in was quick and the booking was smooth, really good.",en
Property I,MakeMyTrip,2024-07-14,2,Reception staff ka vyavhaar bekaar tha.,hinglish
Property I,TripAdvisor,2024-07-14,3,"Mountain ka nazara shandar, location badhiya. बाथरूम गंदा था.",hi
Property I,Booking,2024-07-14,4,The location was great with a beautiful mountain view. The staff were rude and the manager was unhelpful.,en
Property I,MakeMyTrip,2024-07-14,3,The staff were rude and the manager was unhelpful.,en
Property J,TripAdvisor,2024-07-14,1,"Towels ganda the, room service bekaar.",hinglish
Property A,TripAdvisor,2024-07-15,4,Very clean and hygienic bathroom. The room heater was not working and it was freezing cold at night.,en
Property C,GoogleMaps,2024-07-15,5,Khaana badhiya tha aur nashta bhi tasty.,hinglish
Property C,Booking,2024-07-15,3,Khaana badhiya tha aur nashta bhi tasty.,hinglish
Property C,MakeMyTrip,2024-07-15,4,"Bathroom ekdum saaf, safai badhiya. खाना बहुत बढ़िया था.",hi
Property D,GoogleMaps,2024-07-15,3,"Sasta aur accha, paisa vasool stay. Very clean and hygienic bathroom.",hinglish
Property D,GoogleMaps,2024-07-15,3,Kamra badhiya aur comfortable tha.,hinglish
Property D,TripAdvisor,2024-07-15,2,"The bathroom was dirty and smelly, poor hygiene.",en
Property E,GoogleMaps,2024-07-15,3,Reception staff ka vyavhaar bekaar tha.,hinglish
Property E,TripAdvisor,2024-07-15,4,"Room service accha tha, towels clean the.",hinglish
Property F,GoogleMaps,2024-07-15,3,Very clean and hygienic bathroom.,en
Property F,MakeMyTrip,2024-07-15,2,"Housekeeping never changed the towels, poor service.",en
Property F,TripAdvisor,2024-07-15,4,"Sasta aur accha, paisa vasool stay.",hinglish
Property G,TripAdvisor,2024-07-15,3,"Sasta aur accha, paisa vasool stay. The staff were friendly and the reception was helpful.",hinglish
Property H,MakeMyTrip,2024-07-15,3,The room was spacious and comfortable with a warm heater.,en
Property I,MakeMyTrip,2024-07-15,5,"The room was spacious and comfortable with a warm heater. Check-in fast tha, booking process accha.",hinglish
Property J,MakeMyTrip,2024-07-15,2,The room heater was not working and it was freezing cold at night.,en
Property A,TripAdvisor,2024-07-16,3,The location was great with a beautiful mountain view.,en
Property D,Booking,2024-07-16,3,"Kamre ka heater band tha, bahut thanda kamra.",hinglish
Property D,MakeMyTrip,2024-07-16,2,"The bathroom was dirty and smelly, poor hygiene. खाना बेकार और ठंडा था.",hi
Property D,TripAdvisor,2024-07-16,2,"The bathroom was dirty and smelly, poor hygiene.",en
Property K,TripAdvisor,2024-07-16,4,The food was delicious and the breakfast was fresh. Great value for money and worth the price.,en
Property K,MakeMyTrip,2024-07-16,2,"The food was stale and cold, really disappointing.",en
Property L,Booking,2024-07-16,3,Great value for money and worth the price. The room was spacious and comfortable with a warm heater.,en
Property B,TripAdvisor,2024-07-17,4,The location was great with a beautiful mountain view. Housekeeping was prompt and the towels were fresh.,en
Property D,TripAdvisor,2024-07-17,2,The room heater was not working and it was freezing cold at night.,en
Property J,Booking,2024-07-17,4,"Sasta aur accha, paisa vasool stay.",hinglish
Property B,TripAdvisor,2024-07-18,2,"Booking me check-in slow tha, bekaar process. The food was stale and cold, really disappointing.",hinglish
Property D,MakeMyTrip,2024-07-18,1,"Booking me check-in slow tha, bekaar process.",hinglish
Property F,GoogleMaps,2024-07-18,4,Kamra badhiya aur comfortable tha.,hinglish
Property F,MakeMyTrip,2024-07-18,4,"Khaana badhiya tha aur nashta bhi tasty. Check-in fast tha, booking process accha.",hinglish
Property J,Booking,2024-07-18,2,कमरे का हीटर खराब था.,hi
Property L,MakeMyTrip,2024-07-18,5,Khaana badhiya tha aur nashta bhi tasty.,hinglish
Property L,TripAdvisor,2024-07-18,4,"The location was great with a beautiful mountain view. Bathroom ganda tha, gandagi thi.",hinglish
Property L,GoogleMaps,2024-07-18,3,"The bathroom was dirty and smelly, poor hygiene.",en
Property B,GoogleMaps,2024-07-19,1,"The bathroom was dirty and smelly, poor hygiene.",en
Property C,Booking,2024-07-19,5,"Khaana badhiya tha aur nashta bhi tasty. Staff ka vyavhaar accha tha, reception helpful.",hinglish
Property F,Booking,2024-07-19,3,"Sasta aur accha, paisa vasool stay.",hinglish
Property I,Booking,2024-07-19,3,"The food was stale and cold, really disappointing. Check-in fast tha, booking process accha.",hinglish
Property I,GoogleMaps,2024-07-19,3,"Bathroom ekdum saaf, safai badhiya.",hinglish
Property J,Booking,2024-07-19,3,"Khaana badhiya tha aur nashta bhi tasty. The check-in was quick and the booking was smooth, really good.",hinglish
Property K,TripAdvisor,2024-07-19,5,Khaana badhiya tha aur nashta bhi tasty.,hinglish
Property K,Booking,2024-07-19,4,Great value for money and worth the price. Kamra badhiya aur comfortable tha.,hinglish
Property D,GoogleMaps,2024-07-20,4,"Housekeeping was prompt and the towels were fresh. Bahut mehenga tha, bilkul value nahi.",hinglish
Property G,MakeMyTrip,2024-07-20,3,"Kamre ka heater band tha, bahut thanda kamra. The food was delicious and the breakfast was fresh.",hinglish
Property J,MakeMyTrip,2024-07-20,1,"Kamre ka heater band tha, bahut thanda kamra.",hinglish
Property A,TripAdvisor,2024-07-21,2,"Towels ganda the, room service bekaar.",hinglish
Property A,MakeMyTrip,2024-07-21,3,The food was delicious and the breakfast was fresh.,en
Property B,MakeMyTrip,2024-07-21,2,Khaana bekaar aur thanda tha.,hinglish
Property C,GoogleMaps,2024-07-21,3,"Mountain ka nazara shandar, location badhiya. Khaana badhiya tha aur nashta bhi tasty.",hinglish
Property C,MakeMyTrip,2024-07-21,4,The location was great with a beautiful mountain view.,en
Property C,MakeMyTrip,2024-07-21,3,खाना बहुत बढ़िया था.,hi
Property G,MakeMyTrip,2024-07-21,2,कमरे का हीटर खराब था.,hi
Property H,MakeMyTrip,2024-07-21,4,Khaana badhiya tha aur nashta bhi tasty.,hinglish
Property K,TripAdvisor,2024-07-21,4,"Check-in fast tha, booking process accha. The room was spacious and comfortable with a warm heater.",hinglish
Property L,TripAdvisor,2024-07-21,3,The food was delicious and the breakfast was fresh.,en
Property B,GoogleMaps,2024-07-22,2,"कमरे का हीटर खराब था. Towels ganda the, room service bekaar.",hi
Property B,MakeMyTrip,2024-07-22,4,The staff were friendly and the reception was helpful.,en
Property C,MakeMyTrip,2024-07-22,4,Great value for money and worth the price. The food was delicious and the breakfast was fresh.,en
Property D,TripAdvisor,2024-07-22,2,The room heater was not working and it was freezing cold at night.,en
Property F,Booking,2024-07-22,4,The staff were friendly and the reception was helpful.,en
Property J,TripAdvisor,2024-07-22,4,The location was great with a beautiful mountain view.,en
Property A,GoogleMaps,2024-07-23,3,खाना बहुत बढ़िया था.,hi
Property I,GoogleMaps,2024-07-23,3,Khaana badhiya tha aur nashta bhi tasty. कमरे का हीटर खराब था.,hi
Property I,MakeMyTrip,2024-07-23,4,"The room was spacious and comfortable with a warm heater. Towels ganda the, room service bekaar.",hinglish
Property K,TripAdvisor,2024-07-23,3,खाना बहुत बढ़िया था.,hi
Property L,GoogleMaps,2024-07-23,4,"Mountain ka nazara shandar, location badhiya. The food was delicious and the breakfast was fresh.",hinglish
Property A,Booking,2024-07-24,3,"Mountain ka nazara shandar, location badhiya.",hinglish
Property A,MakeMyTrip,2024-07-24,4,"Sasta aur accha, paisa vasool stay.",hinglish
Property C,Booking,2024-07-24,3,"Room service accha tha, towels clean the.",hinglish
Property C,MakeMyTrip,2024-07-24,4,Kamra badhiya aur comfortable tha. Very clean and hygienic bathroom.,hinglish
Property F,GoogleMaps,2024-07-24,4,The location was great with a beautiful mountain view. The room was spacious and comfortable with a warm heater.,en
Property G,Booking,2024-07-24,4,"The check-in was quick and the booking was smooth, really good. Kamra badhiya aur comfortable tha.",hinglish
Property I,Booking,2024-07-24,2,"Kamre ka heater band tha, bahut thanda kamra. Khaana badhiya tha aur nashta bhi tasty.",hinglish
Property J,Booking,2024-07-24,2,"Booking me check-in slow tha, bekaar process.",hinglish
Property D,GoogleMaps,2024-07-25,2,"Kamre ka heater band tha, bahut thanda kamra.",hinglish
Property G,MakeMyTrip,2024-07-25,4,"Room service accha tha, towels clean the. Reception staff ka vyavhaar bekaar tha.",hinglish
Property J,GoogleMaps,2024-07-25,3,"Bathroom ekdum saaf, safai badhiya.",hinglish
Property D,TripAdvisor,2024-07-26,2,"The room heater was not working and it was freezing cold at night. Check-in fast tha, booking process accha.",hinglish
Property E,MakeMyTrip,2024-07-26,4,The location was great with a beautiful mountain view.,en
Property E,TripAdvisor,2024-07-26,4,"खाना बेकार और ठंडा था. Room service accha tha, towels clean the.",hi
Property E,MakeMyTrip,2024-07-26,1,The staff were rude and the manager was unhelpful.,en
Property E,TripAdvisor,2024-07-26,4,Very clean and hygienic bathroom.,en
Property E,TripAdvisor,2024-07-26,4,"Check-in fast tha, booking process accha.",hinglish
Property H,MakeMyTrip,2024-07-26,3,"बाथरूम गंदा था. Bahut mehenga tha, bilkul value nahi.",hi
Property L,GoogleMaps,2024-07-26,5,The location was great with a beautiful mountain view. The staff were friendly and the reception was helpful.,en
Property A,TripAdvisor,2024-07-27,5,The food was delicious and the breakfast was fresh.,en
Property A,MakeMyTrip,2024-07-27,4,The food was delicious and the breakfast was fresh.,en
Property C,Booking,2024-07-27,4,"Bathroom ekdum saaf, safai badhiya.",hinglish
Property D,GoogleMaps,2024-07-27,3,"Bahut mehenga tha, bilkul value nahi.",hinglish
Property H,GoogleMaps,2024-07-27,4,खाना बहुत बढ़िया था.,hi
Property H,MakeMyTrip,2024-07-27,4,"Bathroom ekdum saaf, safai badhiya. The location was great with a beautiful mountain view.",hinglish
Property H,Booking,2024-07-27,2,Overpriced and too expensive for what you get.,en
Property J,Booking,2024-07-27,3,"Kamre ka heater band tha, bahut thanda kamra. खाना बहुत बढ़िया था.",hi
Property K,TripAdvisor,2024-07-27,5,"Sasta aur accha, paisa vasool stay.",hinglish
Property A,Booking,2024-08-01,2,"खाना बेकार और ठंडा था. Bathroom ekdum saaf, safai badhiya.",hi
Property B,MakeMyTrip,2024-08-01,4,Very clean and hygienic bathroom. Khaana badhiya tha aur nashta bhi tasty.,hinglish
Property D,MakeMyTrip,2024-08-01,3,Housekeeping was prompt and the towels were fresh.,en
Property D,Booking,2024-08-01,5,The location was great with a beautiful mountain view.,en
Property D,Booking,2024-08-01,2,"The location was poor and far from the market. Room service accha tha, towels clean the.",hinglish
Property F,MakeMyTrip,2024-08-01,4,"Check-in fast tha, booking process accha. The room was spacious and comfortable with a warm heater.",hinglish
Property H,GoogleMaps,2024-08-01,4,"The room heater was not working and it was freezing cold at night. The check-in was quick and the booking was smooth, really good.",en
Property J,Booking,2024-08-01,2,"Towels ganda the, room service bekaar. बाथरूम गंदा था.",hi
Property K,Booking,2024-08-01,2,"Housekeeping never changed the towels, poor service.",en
Property L,GoogleMaps,2024-08-01,3,खाना बेकार और ठंडा था. Kamra badhiya aur comfortable tha.,hi
Property A,TripAdvisor,2024-08-02,4,"Bathroom ekdum saaf, safai badhiya. Staff ka vyavhaar accha tha, reception helpful.",hinglish
Property C,GoogleMaps,2024-08-02,4,"Mountain ka nazara shandar, location badhiya. खाना बेकार और ठंडा था.",hi
Property C,MakeMyTrip,2024-08-02,4,"Staff ka vyavhaar accha tha, reception helpful. Great value for money and worth the price.",hinglish
Property G,MakeMyTrip,2024-08-02,3,"The check-in was quick and the booking was smooth, really good.",en
Property H,Booking,2024-08-02,3,खाना बहुत बढ़िया था.,hi
Property I,TripAdvisor,2024-08-02,2,"The location was great with a beautiful mountain view. Bahut mehenga tha, bilkul value nahi.",hinglish
Property J,Booking,2024-08-02,3,"Bahut mehenga tha, bilkul value nahi. Kamra badhiya aur comfortable tha.",hinglish
Property J,MakeMyTrip,2024-08-02,4,Khaana badhiya tha aur nashta bhi tasty. The room was spacious and comfortable with a warm heater.,hinglish
Property K,Booking,2024-08-02,3,Overpriced and too expensive for what you get.,en
Property B,MakeMyTrip,2024-08-03,3,The location was great with a beautiful mountain view. Kamra badhiya aur comfortable tha.,hinglish
Property G,MakeMyTrip,2024-08-03,2,बाथरूम गंदा था.,hi
Property H,GoogleMaps,2024-08-03,4,"Room service accha tha, towels clean the. Bathroom ekdum saaf, safai badhiya.",hinglish
Property I,Booking,2024-08-03,4,The location was great with a beautiful mountain view.,en
Property I,GoogleMaps,2024-08-03,4,Kamra badhiya aur comfortable tha. Very clean and hygienic bathroom.,hinglish
Property I,TripAdvisor,2024-08-03,4,"Bathroom ekdum saaf, safai badhiya. खाना बहुत बढ़िया था.",hi
Property A,GoogleMaps,2024-08-04,4,"Room service accha tha, towels clean the. Kamra badhiya aur comfortable tha.",hinglish
Property B,TripAdvisor,2024-08-04,4,"Staff ka vyavhaar accha tha, reception helpful. Check-in fast tha, booking process accha.",hinglish
Property C,TripAdvisor,2024-08-04,5,"Check-in fast tha, booking process accha.",hinglish
Property D,MakeMyTrip,2024-08-04,2,"The food was stale and cold, really disappointing. The room was spacious and comfortable with a warm heater.",en
Property D,TripAdvisor,2024-08-04,3,"Room service accha tha, towels clean the. कमरे का हीटर खराब था.",hi
Property E,TripAdvisor,2024-08-04,3,"Sasta aur accha, paisa vasool stay. The room heater was not working and it was freezing cold at night.",hinglish
Property F,GoogleMaps,2024-08-04,4,"Check-in fast tha, booking process accha.",hinglish
Property F,MakeMyTrip,2024-08-04,5,"Staff ka vyavhaar accha tha, reception helpful.",hinglish
Property I,TripAdvisor,2024-08-04,3,"Location bekaar thi, market se door. The staff were friendly and the reception was helpful.",hinglish
Property I,Booking,2024-08-04,3,"Bathroom ekdum saaf, safai badhiya.",hinglish
Property K,Booking,2024-08-04,2,"Booking me check-in slow tha, bekaar process. Kamra badhiya aur comfortable tha.",hinglish
Property A,GoogleMaps,2024-08-05,3,"Room service accha tha, towels clean the. The location was poor and far from the market.",hinglish
Property E,TripAdvisor,2024-08-05,3,"Reception staff ka vyavhaar bekaar tha. Room service accha tha, towels clean the.",hinglish
Property E,TripAdvisor,2024-08-05,3,"Mountain ka nazara shandar, location badhiya. बाथरूम गंदा था.",hi
Property E,Booking,2024-08-05,4,The staff were friendly and the reception was helpful. Great value for money and worth the price.,en
Property G,TripAdvisor,2024-08-05,4,"The check-in was quick and the booking was smooth, really good.",en
Property K,MakeMyTrip,2024-08-05,2,"Bathroom ganda tha, gandagi thi.",hinglish
Property K,TripAdvisor,2024-08-05,2,The room was spacious and comfortable with a warm heater. The location was poor and far from the market.,en
Property A,GoogleMaps,2024-08-06,3,The location was great with a beautiful mountain view.,en
Property B,TripAdvisor,2024-08-06,3,Very clean and hygienic bathroom.,en
Property D,TripAdvisor,2024-08-06,4,खाना बहुत बढ़िया था.,hi
Property F,GoogleMaps,2024-08-06,5,"The check-in was quick and the booking was smooth, really good.",en
Property F,GoogleMaps,2024-08-06,5,Great value for money and worth the price.,en
Property G,Booking,2024-08-06,3,"Staff ka vyavhaar accha tha, reception helpful.",hinglish
Property H,TripAdvisor,2024-08-06,4,Great value for money and worth the price.,en
Property J,MakeMyTrip,2024-08-06,2,Khaana bekaar aur thanda tha.,hinglish
Property L,GoogleMaps,2024-08-06,3,"Very clean and hygienic bathroom. Housekeeping never changed the towels, poor service.",en
Property L,Booking,2024-08-06,3,Housekeeping was prompt and the towels were fresh. Kamra badhiya aur comfortable tha.,hinglish
Property B,MakeMyTrip,2024-08-07,2,"Bathroom ganda tha, gandagi thi. Room service accha tha, towels clean the.",hinglish
Property F,TripAdvisor,2024-08-07,5,The room was spacious and comfortable with a warm heater.,en
Property G,TripAdvisor,2024-08-07,4,"Sasta aur accha, paisa vasool stay.",hinglish
Property H,Booking,2024-08-07,4,The room was spacious and comfortable with a warm heater.,en
Property I,GoogleMaps,2024-08-07,4,"Check-in fast tha, booking process accha. The food was delicious and the breakfast was fresh.",hinglish
Property J,Booking,2024-08-07,2,"Bahut mehenga tha, bilkul value nahi.",hinglish
Property L,TripAdvisor,2024-08-07,5,खाना बहुत बढ़िया था. Very clean and hygienic bathroom.,hi
Property B,TripAdvisor,2024-08-08,3,Reception staff ka vyavhaar bekaar tha.,hinglish
Property D,GoogleMaps,2024-08-08,3,The location was great with a beautiful mountain view. कमरे का हीटर खराब था.,hi
Property F,Booking,2024-08-08,2,"Reception staff ka vyavhaar bekaar tha. Check-in fast tha, booking process accha.",hinglish
Property F,MakeMyTrip,2024-08-08,2,"Location bekaar thi, market se door.",hinglish
Property J,GoogleMaps,2024-08-08,4,The location was great with a beautiful mountain view.,en
Property J,TripAdvisor,2024-08-08,3,Great value for money and worth the price.,en
Property K,MakeMyTrip,2024-08-08,3,Overpriced and too expensive for what you get.,en
Property K,GoogleMaps,2024-08-08,4,Khaana badhiya tha aur nashta bhi tasty. बाथरूम गंदा था.,hi
Property C,Booking,2024-08-09,3,Kamra badhiya aur comfortable tha.,hinglish
Property D,TripAdvisor,2024-08-09,5,Kamra badhiya aur comfortable tha. Great value for money and worth the price.,hinglish
Property E,GoogleMaps,2024-08-09,2,The staff were rude and the manager was unhelpful.,en
Property E,MakeMyTrip,2024-08-09,4,"Staff ka vyavhaar accha tha, reception helpful.",hinglish
Property F,GoogleMaps,2024-08-09,3,खाना बहुत बढ़िया था.,hi
Property G,Booking,2024-08-09,2,"The food was stale and cold, really disappointing.",en
Property H,Booking,2024-08-09,3,The food was delicious and the breakfast was fresh. The staff were rude and the manager was unhelpful.,en
Property J,TripAdvisor,2024-08-09,1,"Kamre ka heater band tha, bahut thanda kamra. खाना बेकार और ठंडा था.",hi
Property J,Booking,2024-08-09,3,The room was spacious and comfortable with a warm heater. The staff were rude and the manager was unhelpful.,en
Property L,TripAdvisor,2024-08-09,3,Housekeeping was prompt and the towels were fresh. Khaana badhiya tha aur nashta bhi tasty.,hinglish
Property B,TripAdvisor,2024-08-10,3,"Towels ganda the, room service bekaar. The location was great with a beautiful mountain view.",hinglish
Property D,TripAdvisor,2024-08-10,5,The staff were friendly and the reception was helpful. Kamra badhiya aur comfortable tha.,hinglish
Property G,MakeMyTrip,2024-08-10,2,Overpriced and too expensive for what you get. Very clean and hygienic bathroom.,en
Property L,MakeMyTrip,2024-08-10,5,"Bathroom ekdum saaf, safai badhiya. खाना बहुत बढ़िया था.",hi
Property D,GoogleMaps,2024-08-11,5,"Room service accha tha, towels clean the. The staff were friendly and the reception was helpful.",hinglish
Property F,GoogleMaps,2024-08-11,3,"Sasta aur accha, paisa vasool stay.",hinglish
Property G,MakeMyTrip,2024-08-11,3,"Mountain ka nazara shandar, location badhiya. खाना बहुत बढ़िया था.",hi
Property I,TripAdvisor,2024-08-11,2,"Kamre ka heater band tha, bahut thanda kamra.",hinglish
Property J,MakeMyTrip,2024-08-11,3,खाना बहुत बढ़िया था.,hi
Property K,Booking,2024-08-11,4,"Mountain ka nazara shandar, location badhiya. Khaana badhiya tha aur nashta bhi tasty.",hinglish
Property A,GoogleMaps,2024-08-12,5,Great value for money and worth the price.,en
Property A,TripAdvisor,2024-08-12,1,The staff were rude and the manager was unhelpful.,en
Property B,MakeMyTrip,2024-08-12,3,Kamra badhiya aur comfortable tha. Great value for money and worth the price.,hinglish
Property C,GoogleMaps,2024-08-12,3,Khaana badhiya tha aur nashta bhi tasty.,hinglish
Property E,MakeMyTrip,2024-08-12,1,"Booking me check-in slow tha, bekaar process.",hinglish
Property F,Booking,2024-08-12,3,The room was spacious and comfortable with a warm heater. खाना बहुत बढ़िया था.,hi
Property F,Booking,2024-08-12,4,Kamra badhiya aur comfortable tha. The food was delicious and the breakfast was fresh.,hinglish
Property G,Booking,2024-08-12,2,"Location bekaar thi, market se door. The room heater was not working and it was freezing cold at night.",hinglish
Property J,MakeMyTrip,2024-08-12,2,"Bahut mehenga tha, bilkul value nahi.",hinglish
Property J,GoogleMaps,2024-08-12,2,खाना बेकार और ठंडा था. कमरे का हीटर खराब था.,hi
Property K,GoogleMaps,2024-08-12,1,Reception staff ka vyavhaar bekaar tha. Khaana bekaar aur thanda tha.,hinglish
Property L,GoogleMaps,2024-08-12,5,The staff were friendly and the reception was helpful.,en
Property B,GoogleMaps,2024-08-13,1,"The staff were rude and the manager was unhelpful. Booking me check-in slow tha, bekaar process.",hinglish
Property B,GoogleMaps,2024-08-13,4,The food was delicious and the breakfast was fresh.,en
Property E,GoogleMaps,2024-08-13,3,"Kamre ka heater band tha, bahut thanda kamra.",hinglish
Property E,GoogleMaps,2024-08-13,3,"Kamre ka heater band tha, bahut thanda kamra. The location was great with a beautiful mountain view.",hinglish
Property G,MakeMyTrip,2024-08-13,4,The location was great with a beautiful mountain view.,en
Property G,TripAdvisor,2024-08-13,4,"Staff ka vyavhaar accha tha, reception helpful.",hinglish
Property J,Booking,2024-08-13,3,Overpriced and too expensive for what you get.,en
Property L,TripAdvisor,2024-08-13,4,Housekeeping was prompt and the towels were fresh.,en
Property B,Booking,2024-08-14,4,The food was delicious and the breakfast was fresh.,en
Property C,MakeMyTrip,2024-08-14,5,"Kamra badhiya aur comfortable tha. Bathroom ekdum saaf, safai badhiya.",hinglish
Property C,Booking,2024-08-14,4,The room was spacious and comfortable with a warm heater.,en
Property I,GoogleMaps,2024-08-14,2,The location was poor and far from the market. Khaana bekaar aur thanda tha.,hinglish
Property I,Booking,2024-08-14,4,Great value for money and worth the price.,en
Property J,MakeMyTrip,2024-08-14,2,"Kamre ka heater band tha, bahut thanda kamra.",hinglish
Property A,GoogleMaps,2024-08-15,5,Very clean and hygienic bathroom.,en
Property A,MakeMyTrip,2024-08-15,4,"Kamra badhiya aur comfortable tha. Bathroom ekdum saaf, safai badhiya.",hinglish
Property A,MakeMyTrip,2024-08-15,5,"Sasta aur accha, paisa vasool stay.",hinglish
Property D,GoogleMaps,2024-08-15,3,"कमरे का हीटर खराब था. Staff ka vyavhaar accha tha, reception helpful.",hi
Property H,MakeMyTrip,2024-08-15,3,Khaana badhiya tha aur nashta bhi tasty. The room heater was not working and it was freezing cold at night.,hinglish
Property A,GoogleMaps,2024-08-16,3,"Check-in fast tha, booking process accha. Khaana bekaar aur thanda tha.",hinglish
Property B,GoogleMaps,2024-08-16,2,"The check-in was slow and the booking was a problem. Kamre ka heater band tha, bahut thanda kamra.",hinglish
Property D,TripAdvisor,2024-08-16,3,"Kamre ka heater band tha, bahut thanda kamra. खाना बेकार और ठंडा था.",hi
Property E,Booking,2024-08-16,1,Overpriced and too expensive for what you get.,en
Property F,MakeMyTrip,2024-08-16,3,"Location bekaar thi, market se door. The room was spacious and comfortable with a warm heater.",hinglish
Property H,TripAdvisor,2024-08-16,4,Kamra badhiya aur comfortable tha.,hinglish
Property I,TripAdvisor,2024-08-16,2,"बाथरूम गंदा था. Bahut mehenga tha, bilkul value nahi.",hi
Property I,MakeMyTrip,2024-08-16,4,The location was great with a beautiful mountain view. Very clean and hygienic bathroom.,en
Property L,Booking,2024-08-16,5,"Check-in fast tha, booking process accha. Kamra badhiya aur comfortable tha.",hinglish
Property A,MakeMyTrip,2024-08-17,5,"Bathroom ekdum saaf, safai badhiya.",hinglish
Property A,TripAdvisor,2024-08-17,3,"खाना बहुत बढ़िया था. Booking me check-in slow tha, bekaar process.",hi
Property C,MakeMyTrip,2024-08-17,4,"Bathroom ekdum saaf, safai badhiya. Mountain ka nazara shandar, location badhiya.",hinglish
Property C,GoogleMaps,2024-08-17,4,"Sasta aur accha, paisa vasool stay. The location was great with a beautiful mountain view.",hinglish
Property E,GoogleMaps,2024-08-17,2,Khaana bekaar aur thanda tha.,hinglish
Property E,Booking,2024-08-17,2,"Bathroom ekdum saaf, safai badhiya. The staff were rude and the manager was unhelpful.",hinglish
Property E,MakeMyTrip,2024-08-17,2,"The food was stale and cold, really disappointing. The check-in was slow and the booking was a problem.",en
Property F,MakeMyTrip,2024-08-17,4,कमरे का हीटर खराब था. The location was great with a beautiful mountain view.,hi
Property I,GoogleMaps,2024-08-17,3,"Location bekaar thi, market se door. Bathroom ekdum saaf, safai badhiya.",hinglish
Property I,Booking,2024-08-17,5,The location was great with a beautiful mountain view. Housekeeping was prompt and the towels were fresh.,en
Property K,TripAdvisor,2024-08-17,5,"Mountain ka nazara shandar, location badhiya. The food was delicious and the breakfast was fresh.",hinglish
Property B,GoogleMaps,2024-08-18,3,Khaana bekaar aur thanda tha.,hinglish
Property D,GoogleMaps,2024-08-18,5,"Bathroom ekdum saaf, safai badhiya. Mountain ka nazara shandar, location badhiya.",hinglish
Property H,MakeMyTrip,2024-08-18,2,"Location bekaar thi, market se door.",hinglish
Property I,GoogleMaps,2024-08-18,2,The check-in was slow and the booking was a problem.,en
Property J,GoogleMaps,2024-08-18,2,"The bathroom was dirty and smelly, poor hygiene.",en
Property L,Booking,2024-08-18,3,"Location bekaar thi, market se door.",hinglish
Property A,GoogleMaps,2024-08-19,3,"Very clean and hygienic bathroom. Staff ka vyavhaar accha tha, reception helpful.",hinglish
Property E,MakeMyTrip,2024-08-19,5,Kamra badhiya aur comfortable tha. The food was delicious and the breakfast was fresh.,hinglish
Property E,Booking,2024-08-19,4,खाना बहुत बढ़िया था.,hi
Property E,Booking,2024-08-19,2,"The bathroom was dirty and smelly, poor hygiene. Reception staff ka vyavhaar bekaar tha.",hinglish
Property G,MakeMyTrip,2024-08-19,2,The check-in was slow and the booking was a problem.,en
Property I,Booking,2024-08-19,3,"Housekeeping was prompt and the towels were fresh. Bahut mehenga tha, bilkul value nahi.",hinglish
Property J,TripAdvisor,2024-08-19,2,"Kamre ka heater band tha, bahut thanda kamra. Bathroom ganda tha, gandagi thi.",hinglish
Property K,MakeMyTrip,2024-08-19,3,"Location bekaar thi, market se door.",hinglish
Property L,GoogleMaps,2024-08-19,4,"Mountain ka nazara shandar, location badhiya. The food was delicious and the breakfast was fresh.",hinglish
Property A,Booking,2024-08-20,4,Kamra badhiya aur comfortable tha. Housekeeping was prompt and the towels were fresh.,hinglish
Property A,TripAdvisor,2024-08-20,2,खाना बेकार और ठंडा था.,hi
Property B,MakeMyTrip,2024-08-20,3,खाना बहुत बढ़िया था.,hi
Property C,GoogleMaps,2024-08-20,5,The location was great with a beautiful mountain view.,en
Property C,Booking,2024-08-20,3,Great value for money and worth the price. The food was delicious and the breakfast was fresh.,en
Property G,MakeMyTrip,2024-08-20,3,"The check-in was quick and the booking was smooth, really good. The room heater was not working and it was freezing cold at night.",en
Property G,GoogleMaps,2024-08-20,3,खाना बहुत बढ़िया था. Housekeeping was prompt and the towels were fresh.,hi
Property H,Booking,2024-08-20,4,"Staff ka vyavhaar accha tha, reception helpful. Room service accha tha, towels clean the.",hinglish
Property C,GoogleMaps,2024-08-21,3,The room was spacious and comfortable with a warm heater.,en
Property C,MakeMyTrip,2024-08-21,2,Khaana bekaar aur thanda tha.,hinglish
Property C,MakeMyTrip,2024-08-21,5,Housekeeping was prompt and the towels were fresh. Kamra badhiya aur comfortable tha.,hinglish
Property C,TripAdvisor,2024-08-21,3,"Very clean and hygienic bathroom. Mountain ka nazara shandar, location badhiya.",hinglish
Property D,MakeMyTrip,2024-08-21,2,"Towels ganda the, room service bekaar.",hinglish
Property D,MakeMyTrip,2024-08-21,4,"Bathroom ekdum saaf, safai badhiya.",hinglish
Property F,MakeMyTrip,2024-08-21,3,The location was poor and far from the market. The food was delicious and the breakfast was fresh.,en
Property G,Booking,2024-08-21,4,The food was delicious and the breakfast was fresh.,en
Property G,GoogleMaps,2024-08-21,3,"The food was stale and cold, really disappointing. Bathroom ekdum saaf, safai badhiya.",hinglish
Property I,TripAdvisor,2024-08-21,4,"Mountain ka nazara shandar, location badhiya.",hinglish
Property J,GoogleMaps,2024-08-21,4,The location was great with a beautiful mountain view.,en
Property B,TripAdvisor,2024-08-22,3,"The food was stale and cold, really disappointing. The room heater was not working and it was freezing cold at night.",en
Property C,MakeMyTrip,2024-08-22,3,"Bahut mehenga tha, bilkul value nahi.",hinglish
Property C,Booking,2024-08-22,3,"Khaana badhiya tha aur nashta bhi tasty. Mountain ka nazara shandar, location badhiya.",hinglish
Property D,MakeMyTrip,2024-08-22,3,The room heater was not working and it was freezing cold at night. Khaana bekaar aur thanda tha.,hinglish
Property H,GoogleMaps,2024-08-22,5,Very clean and hygienic bathroom.,en
Property H,TripAdvisor,2024-08-22,4,Khaana badhiya tha aur nashta bhi tasty. Great value for money and worth the price.,hinglish
Property L,TripAdvisor,2024-08-22,4,The room was spacious and comfortable with a warm heater.,en
Property D,Booking,2024-08-23,3,कमरे का हीटर खराब था.,hi
Property E,GoogleMaps,2024-08-23,4,Great value for money and worth the price.,en
Property E,MakeMyTrip,2024-08-23,1,The staff were rude and the manager was unhelpful.,en
Property F,MakeMyTrip,2024-08-23,4,खाना बहुत बढ़िया था.,hi
Property H,TripAdvisor,2024-08-23,5,"Mountain ka nazara shandar, location badhiya. The food was delicious and the breakfast was fresh.",hinglish
Property J,MakeMyTrip,2024-08-23,2,"The food was stale and cold, really disappointing.",en
Property K,Booking,2024-08-23,4,The room was spacious and comfortable with a warm heater. Great value for money and worth the price.,en
Property L,Booking,2024-08-23,3,"Kamra badhiya aur comfortable tha. Housekeeping never changed the towels, poor service.",hinglish
Property A,Booking,2024-08-24,4,"Bathroom ekdum saaf, safai badhiya. Kamra badhiya aur comfortable tha.",hinglish
Property B,GoogleMaps,2024-08-24,5,Kamra badhiya aur comfortable tha.,hinglish
Property B,MakeMyTrip,2024-08-24,3,खाना बेकार और ठंडा था.,hi
Property C,Booking,2024-08-24,4,The location was great with a beautiful mountain view. बाथरूम गंदा था.,hi
Property G,Booking,2024-08-24,2,खाना बेकार और ठंडा था. The location was great with a beautiful mountain view.,hi
Property J,GoogleMaps,2024-08-24,3,Khaana bekaar aur thanda tha.,hinglish
Property L,Booking,2024-08-24,3,The staff were friendly and the reception was helpful. खाना बेकार और ठंडा था.,hi
Property A,MakeMyTrip,2024-08-25,4,"Sasta aur accha, paisa vasool stay. Staff ka vyavhaar accha tha, reception helpful.",hinglish
Property B,TripAdvisor,2024-08-25,2,"Location bekaar thi, market se door. Sasta aur accha, paisa vasool stay.",hinglish
Property D,Booking,2024-08-25,3,Great value for money and worth the price.,en
Property F,Booking,2024-08-25,2,"खाना बेकार और ठंडा था. Room service accha tha, towels clean the.",hi
Property F,GoogleMaps,2024-08-25,3,"Location bekaar thi, market se door.",hinglish
Property H,Booking,2024-08-25,3,"Khaana badhiya tha aur nashta bhi tasty. Sasta aur accha, paisa vasool stay.",hinglish
Property J,GoogleMaps,2024-08-25,3,The staff were rude and the manager was unhelpful.,en
Property K,Booking,2024-08-25,3,खाना बेकार और ठंडा था.,hi
Property D,Booking,2024-08-26,1,कमरे का हीटर खराब था.,hi
Property I,GoogleMaps,2024-08-26,1,कमरे का हीटर खराब था.,hi
Property A,Booking,2024-08-27,5,Khaana badhiya tha aur nashta bhi tasty. Very clean and hygienic bathroom.,hinglish
Property C,Booking,2024-08-27,2,खाना बेकार और ठंडा था. बाथरूम गंदा था.,hi
Property D,Booking,2024-08-27,4,"कमरे का हीटर खराब था. Check-in fast tha, booking process accha.",hi
Property E,MakeMyTrip,2024-08-27,2,"The check-in was slow and the booking was a problem. Mountain ka nazara shandar, location badhiya.",hinglish
Property E,TripAdvisor,2024-08-27,2,"Kamre ka heater band tha, bahut thanda kamra. Location bekaar thi, market se door.",hinglish
Property E,TripAdvisor,2024-08-27,5,"Khaana badhiya tha aur nashta bhi tasty. Mountain ka nazara shandar, location badhiya.",hinglish
Property G,MakeMyTrip,2024-08-27,4,"Sasta aur accha, paisa vasool stay.",hinglish
Property H,GoogleMaps,2024-08-27,3,The location was great with a beautiful mountain view.,en
Property I,GoogleMaps,2024-08-27,3,Khaana badhiya tha aur nashta bhi tasty.,hinglish
Property I,GoogleMaps,2024-08-27,4,"The check-in was quick and the booking was smooth, really good.",en
Property K,MakeMyTrip,2024-08-27,1,"Towels ganda the, room service bekaar.",hinglish
Property K,MakeMyTrip,2024-08-27,2,"Towels ganda the, room service bekaar.",hinglish
Property B,GoogleMaps,2024-09-01,3,"Kamra badhiya aur comfortable tha. Bathroom ekdum saaf, safai badhiya.",hinglish
Property E,Booking,2024-09-01,5,The food was delicious and the breakfast was fresh.,en
Property E,TripAdvisor,2024-09-01,1,"Kamre ka heater band tha, bahut thanda kamra.",hinglish
Property F,GoogleMaps,2024-09-01,3,The staff were friendly and the reception was helpful.,en
Property G,Booking,2024-09-01,4,"Bathroom ekdum saaf, safai badhiya. The check-in was slow and the booking was a problem.",hinglish
Property G,TripAdvisor,2024-09-01,4,Housekeeping was prompt and the towels were fresh.,en
Property J,Booking,2024-09-01,2,"Bahut mehenga tha, bilkul value nahi. The staff were rude and the manager was unhelpful.",hinglish
Property J,MakeMyTrip,2024-09-01,4,"Bathroom ekdum saaf, safai badhiya.",hinglish
Property B,MakeMyTrip,2024-09-02,1,"Location bekaar thi, market se door.",hinglish
Property B,Booking,2024-09-02,2,Overpriced and too expensive for what you get.,en
Property C,Booking,2024-09-02,3,The room heater was not working and it was freezing cold at night. Very clean and hygienic bathroom.,en
Property F,GoogleMaps,2024-09-02,3,"Location bekaar thi, market se door.",hinglish
Property H,TripAdvisor,2024-09-02,4,"Staff ka vyavhaar accha tha, reception helpful.",hinglish
Property H,Booking,2024-09-02,4,Kamra badhiya aur comfortable tha. The location was great with a beautiful mountain view.,hinglish
Property K,Booking,2024-09-02,3,"The bathroom was dirty and smelly, poor hygiene. Booking me check-in slow tha, bekaar process.",hinglish
Property A,GoogleMaps,2024-09-03,5,The food was delicious and the breakfast was fresh.,en
Property B,Booking,2024-09-03,4,Kamra badhiya aur comfortable tha.,hinglish
Property B,MakeMyTrip,2024-09-03,3,"Towels ganda the, room service bekaar.",hinglish
Property C,MakeMyTrip,2024-09-03,4,"Towels ganda the, room service bekaar. Bathroom ekdum saaf, safai badhiya.",hinglish
Property D,Booking,2024-09-03,1,The location was poor and far from the market.,en
Property D,GoogleMaps,2024-09-03,2,"Towels ganda the, room service bekaar.",hinglish
Property F,Booking,2024-09-03,1,"Kamre ka heater band tha, bahut thanda kamra.",hinglish
Property G,MakeMyTrip,2024-09-03,3,Very clean and hygienic bathroom. The location was poor and far from the market.,en
Property G,MakeMyTrip,2024-09-03,3,"Location bekaar thi, market se door.",hinglish
Property C,MakeMyTrip,2024-09-04,5,Very clean and hygienic bathroom.,en
Property C,Booking,2024-09-04,5,"Staff ka vyavhaar accha tha, reception helpful. Bathroom ekdum saaf, safai badhiya.",hinglish
Property E,TripAdvisor,2024-09-04,2,"The bathroom was dirty and smelly, poor hygiene.",en
Property F,Booking,2024-09-04,4,The food was delicious and the breakfast was fresh. Great value for money and worth the price.,en
Property J,GoogleMaps,2024-09-04,1,बाथरूम गंदा था.,hi
Property K,MakeMyTrip,2024-09-04,4,"Sasta aur accha, paisa vasool stay.",hinglish
Property K,MakeMyTrip,2024-09-04,5,खाना बहुत बढ़िया था. The room was spacious and comfortable with a warm heater.,hi
Property L,GoogleMaps,2024-09-04,5,The staff were friendly and the reception was helpful.,en
Property L,TripAdvisor,2024-09-04,5,"Kamra badhiya aur comfortable tha. Mountain ka nazara shandar, location badhiya.",hinglish
Property L,MakeMyTrip,2024-09-04,4,"Mountain ka nazara shandar, location badhiya.",hinglish
Property A,MakeMyTrip,2024-09-05,4,The staff were friendly and the reception was helpful.,en
Property C,TripAdvisor,2024-09-05,3,The food was delicious and the breakfast was fresh. The room was spacious and comfortable with a warm heater.,en
Property E,TripAdvisor,2024-09-05,4,"Khaana badhiya tha aur nashta bhi tasty. Kamre ka heater band tha, bahut thanda kamra.",hinglish
Property J,MakeMyTrip,2024-09-05,2,"The food was stale and cold, really disappointing.",en
Property J,TripAdvisor,2024-09-05,3,The room heater was not working and it was freezing cold at night. Housekeeping was prompt and the towels were fresh.,en
Property L,Booking,2024-09-05,5,"Bathroom ekdum saaf, safai badhiya.",hinglish
Property B,GoogleMaps,2024-09-06,3,"Bahut mehenga tha, bilkul value nahi.",hinglish
Property C,TripAdvisor,2024-09-06,4,Kamra badhiya aur comfortable tha. Very clean and hygienic bathroom.,hinglish
Property E,TripAdvisor,2024-09-06,3,"Bathroom ganda tha, gandagi thi. Reception staff ka vyavhaar bekaar tha.",hinglish
Property E,Booking,2024-09-06,4,"The staff were friendly and the reception was helpful. Check-in fast tha, booking process accha.",hinglish
Property G,Booking,2024-09-06,4,The staff were friendly and the reception was helpful.,en
Property G,GoogleMaps,2024-09-06,4,The room was spacious and comfortable with a warm heater. The food was delicious and the breakfast was fresh.,en
Property H,GoogleMaps,2024-09-06,4,खाना बहुत बढ़िया था.,hi
Property K,MakeMyTrip,2024-09-06,4,Very clean and hygienic bathroom.,en
Property A,Booking,2024-09-07,4,"The check-in was quick and the booking was smooth, really good. Very clean and hygienic bathroom.",en
Property B,TripAdvisor,2024-09-07,2,"Khaana bekaar aur thanda tha. The bathroom was dirty and smelly, poor hygiene.",hinglish
Property E,GoogleMaps,2024-09-07,3,The location was poor and far from the market. Khaana badhiya tha aur nashta bhi tasty.,hinglish
Property F,Booking,2024-09-07,4,"The food was stale and cold, really disappointing. Kamra badhiya aur comfortable tha.",hinglish
Property F,TripAdvisor,2024-09-07,2,"The staff were friendly and the reception was helpful. The food was stale and cold, really disappointing.",en
Property I,GoogleMaps,2024-09-07,3,"Bathroom ganda tha, gandagi thi. Mountain ka nazara shandar, location badhiya.",hinglish
Property I,GoogleMaps,2024-09-07,5,"Mountain ka nazara shandar, location badhiya.",hinglish
Property J,Booking,2024-09-07,3,The food was delicious and the breakfast was fresh. कमरे का हीटर खराब था.,hi
Property A,MakeMyTrip,2024-09-08,3,Very clean and hygienic bathroom.,en
Property E,TripAdvisor,2024-09-08,3,खाना बहुत बढ़िया था.,hi
Property G,GoogleMaps,2024-09-08,4,The food was delicious and the breakfast was fresh.,en
Property G,TripAdvisor,2024-09-08,4,"Check-in fast tha, booking process accha.",hinglish
Property I,MakeMyTrip,2024-09-08,5,The food was delicious and the breakfast was fresh. The room was spacious and comfortable with a warm heater.,en
Property J,GoogleMaps,2024-09-08,2,"Bathroom ganda tha, gandagi thi.",hinglish
Property J,Booking,2024-09-08,5,"Staff ka vyavhaar accha tha, reception helpful. The check-in was quick and the booking was smooth, really good.",hinglish
Property J,TripAdvisor,2024-09-08,3,"The room heater was not working and it was freezing cold at night. Housekeeping never changed the towels, poor service.",en
Property K,Booking,2024-09-08,3,"खाना बेकार और ठंडा था. Room service accha tha, towels clean the.",hi
Property A,MakeMyTrip,2024-09-09,4,"The staff were friendly and the reception was helpful. The food was stale and cold, really disappointing.",en
Property A,TripAdvisor,2024-09-09,3,"The food was stale and cold, really disappointing.",en
Property B,Booking,2024-09-09,2,खाना बेकार और ठंडा था.,hi
Property C,Booking,2024-09-09,4,"Staff ka vyavhaar accha tha, reception helpful. Room service accha tha, towels clean the.",hinglish
Property C,TripAdvisor,2024-09-09,3,"Kamra badhiya aur comfortable tha. Towels ganda the, room service bekaar.",hinglish
Property D,TripAdvisor,2024-09-09,5,"Check-in fast tha, booking process accha.",hinglish
Property E,TripAdvisor,2024-09-09,2,Reception staff ka vyavhaar bekaar tha. The room was spacious and comfortable with a warm heater.,hinglish
Property E,GoogleMaps,2024-09-09,2,"Towels ganda the, room service bekaar.",hinglish
Property F,Booking,2024-09-09,4,"Bathroom ekdum saaf, safai badhiya. The room was spacious and comfortable with a warm heater.",hinglish
Property F,MakeMyTrip,2024-09-09,3,The food was delicious and the breakfast was fresh. Housekeeping was prompt and the towels were fresh.,en
Property B,MakeMyTrip,2024-09-10,3,"Reception staff ka vyavhaar bekaar tha. Bathroom ekdum saaf, safai badhiya.",hinglish
Property B,TripAdvisor,2024-09-10,1,The room heater was not working and it was freezing cold at night.,en
Property D,MakeMyTrip,2024-09-10,2,खाना बेकार और ठंडा था.,hi
Property F,TripAdvisor,2024-09-10,4,The staff were friendly and the reception was helpful.,en
Property J,Booking,2024-09-10,4,"Check-in fast tha, booking process accha.",hinglish
Property K,TripAdvisor,2024-09-10,4,"Mountain ka nazara shandar, location badhiya. The staff were friendly and the reception was helpful.",hinglish
Property A,TripAdvisor,2024-09-11,2,"The food was stale and cold, really disappointing.",en
Property D,MakeMyTrip,2024-09-11,3,The staff were friendly and the reception was helpful. Khaana badhiya tha aur nashta bhi tasty.,hinglish
Property E,MakeMyTrip,2024-09-11,3,"Housekeeping was prompt and the towels were fresh. Kamre ka heater band tha, bahut thanda kamra.",hinglish
Property E,TripAdvisor,2024-09-11,4,Very clean and hygienic bathroom. Khaana badhiya tha aur nashta bhi tasty.,hinglish
Property F,MakeMyTrip,2024-09-11,2,The room heater was not working and it was freezing cold at night. The food was delicious and the breakfast was fresh.,en
Property G,MakeMyTrip,2024-09-11,1,खाना बेकार और ठंडा था.,hi
Property I,MakeMyTrip,2024-09-11,4,The room was spacious and comfortable with a warm heater. The staff were friendly and the reception was helpful.,en
Property I,Booking,2024-09-11,2,"खाना बहुत बढ़िया था. Bahut mehenga tha, bilkul value nahi.",hi
Property B,Booking,2024-09-12,2,कमरे का हीटर खराब था.,hi
Property D,TripAdvisor,2024-09-12,3,"The food was stale and cold, really disappointing.",en
Property D,GoogleMaps,2024-09-12,4,"The room heater was not working and it was freezing cold at night. Staff ka vyavhaar accha tha, reception helpful.",hinglish
Property D,Booking,2024-09-12,2,The location was poor and far from the market. The staff were rude and the manager was unhelpful.,en
Property F,GoogleMaps,2024-09-12,4,"Sasta aur accha, paisa vasool stay. The staff were friendly and the reception was helpful.",hinglish
Property G,MakeMyTrip,2024-09-12,3,The staff were friendly and the reception was helpful.,en
Property H,TripAdvisor,2024-09-12,2,The room heater was not working and it was freezing cold at night. Khaana bekaar aur thanda tha.,hinglish
Property L,MakeMyTrip,2024-09-12,2,The staff were rude and the manager was unhelpful. The room was spacious and comfortable with a warm heater.,en
Property L,Booking,2024-09-12,3,Housekeeping was prompt and the towels were fresh.,en
Property B,TripAdvisor,2024-09-13,4,"Khaana badhiya tha aur nashta bhi tasty. Mountain ka nazara shandar, location badhiya.",hinglish
Property H,MakeMyTrip,2024-09-13,3,Reception staff ka vyavhaar bekaar tha.,hinglish
Property I,GoogleMaps,2024-09-13,2,"Bahut mehenga tha, bilkul value nahi. The staff were rude and the manager was unhelpful.",hinglish
Property I,MakeMyTrip,2024-09-13,4,Kamra badhiya aur comfortable tha.,hinglish
Property L,MakeMyTrip,2024-09-13,4,The food was delicious and the breakfast was fresh.,en
Property A,MakeMyTrip,2024-09-14,3,"The food was stale and cold, really disappointing.",en
Property D,MakeMyTrip,2024-09-14,3,Khaana bekaar aur thanda tha.,hinglish
Property D,Booking,2024-09-14,2,Khaana bekaar aur thanda tha.,hinglish
Property E,MakeMyTrip,2024-09-14,2,"खाना बेकार और ठंडा था. The bathroom was dirty and smelly, poor hygiene.",hi
Property F,MakeMyTrip,2024-09-14,2,कमरे का हीटर खराब था.,hi
Property F,Booking,2024-09-14,2,The location was poor and far from the market.,en
Property I,GoogleMaps,2024-09-14,4,खाना बहुत बढ़िया था.,hi
Property J,MakeMyTrip,2024-09-14,1,खाना बेकार और ठंडा था. The staff were rude and the manager was unhelpful.,hi
Property K,TripAdvisor,2024-09-14,3,"Khaana badhiya tha aur nashta bhi tasty. Bahut mehenga tha, bilkul value nahi.",hinglish
Property A,Booking,2024-09-15,3,The room was spacious and comfortable with a warm heater.,en
Property A,GoogleMaps,2024-09-15,4,Very clean and hygienic bathroom.,en
Property C,TripAdvisor,2024-09-15,4,"Mountain ka nazara shandar, location badhiya. Kamra badhiya aur comfortable tha.",hinglish
Property D,GoogleMaps,2024-09-15,2,Khaana bekaar aur thanda tha.,hinglish
Property F,Booking,2024-09-15,4,The room was spacious and comfortable with a warm heater. Very clean and hygienic bathroom.,en
Property F,MakeMyTrip,2024-09-15,2,Kamra badhiya aur comfortable tha. The location was poor and far from the market.,hinglish
Property H,GoogleMaps,2024-09-15,3,The staff were rude and the manager was unhelpful. The room heater was not working and it was freezing cold at night.,en
Property L,TripAdvisor,2024-09-15,3,The location was great with a beautiful mountain view. The food was delicious and the breakfast was fresh.,en
Property A,Booking,2024-09-16,4,The room was spacious and comfortable with a warm heater. The check-in was slow and the booking was a problem.,en
Property G,TripAdvisor,2024-09-16,3,"The food was stale and cold, really disappointing.",en
Property I,Booking,2024-09-16,4,"खाना बहुत बढ़िया था. Staff ka vyavhaar accha tha, reception helpful.",hi
Property K,GoogleMaps,2024-09-16,4,"Khaana badhiya tha aur nashta bhi tasty. Check-in fast tha, booking process accha.",hinglish
Property A,Booking,2024-09-17,5,"The room was spacious and comfortable with a warm heater. Staff ka vyavhaar accha tha, reception helpful.",hinglish
Property B,Booking,2024-09-17,3,"The location was poor and far from the market. Sasta aur accha, paisa vasool stay.",hinglish
Property D,GoogleMaps,2024-09-17,2,"The bathroom was dirty and smelly, poor hygiene.",en
Property H,GoogleMaps,2024-09-17,5,Khaana badhiya tha aur nashta bhi tasty.,hinglish
Property I,GoogleMaps,2024-09-17,2,"The location was great with a beautiful mountain view. Towels ganda the, room service bekaar.",hinglish
Property I,GoogleMaps,2024-09-17,4,"Staff ka vyavhaar accha tha, reception helpful. Mountain ka nazara shandar, location badhiya.",hinglish
Property J,GoogleMaps,2024-09-17,4,"Check-in fast tha, booking process accha.",hinglish
Property K,GoogleMaps,2024-09-17,5,"The food was delicious and the breakfast was fresh. Room service accha tha, towels clean the.",hinglish
Property K,Booking,2024-09-17,2,The check-in was slow and the booking was a problem.,en
Property A,MakeMyTrip,2024-09-18,3,Housekeeping was prompt and the towels were fresh.,en
Property C,TripAdvisor,2024-09-18,4,"Staff ka vyavhaar accha tha, reception helpful. The room was spacious and comfortable with a warm heater.",hinglish
Property C,GoogleMaps,2024-09-18,3,"The bathroom was dirty and smelly, poor hygiene.",en
Property F,MakeMyTrip,2024-09-18,1,The location was poor and far from the market.,en
Property G,MakeMyTrip,2024-09-18,5,"Check-in fast tha, booking process accha.",hinglish
Property H,Booking,2024-09-18,5,Khaana badhiya tha aur nashta bhi tasty.,hinglish
Property H,MakeMyTrip,2024-09-18,3,The food was delicious and the breakfast was fresh. The room heater was not working and it was freezing cold at night.,en
Property I,TripAdvisor,2024-09-18,4,"Staff ka vyavhaar accha tha, reception helpful.",hinglish
Property D,GoogleMaps,2024-09-19,4,The location was great with a beautiful mountain view.,en
Property H,Booking,2024-09-19,4,Great value for money and worth the price.,en
Property I,TripAdvisor,2024-09-19,2,"The room heater was not working and it was freezing cold at night. Bathroom ekdum saaf, safai badhiya.",hinglish
Property L,GoogleMaps,2024-09-19,3,Very clean and hygienic bathroom.,en
Property L,Booking,2024-09-19,4,"Room service accha tha, towels clean the.",hinglish
Property E,GoogleMaps,2024-09-20,1,"Housekeeping never changed the towels, poor service.",en
Property E,GoogleMaps,2024-09-20,2,"Kamre ka heater band tha, bahut thanda kamra. Khaana bekaar aur thanda tha.",hinglish
Property E,MakeMyTrip,2024-09-20,3,"The food was stale and cold, really disappointing. Kamra badhiya aur comfortable tha.",hinglish
Property J,MakeMyTrip,2024-09-20,4,"Room service accha tha, towels clean the. Overpriced and too expensive for what you get.",hinglish
Property J,Booking,2024-09-20,4,"The room heater was not working and it was freezing cold at night. Bathroom ekdum saaf, safai badhiya.",hinglish
Property L,Booking,2024-09-20,5,Kamra badhiya aur comfortable tha.,hinglish
Property A,TripAdvisor,2024-09-21,2,"Kamre ka heater band tha, bahut thanda kamra. The food was stale and cold, really disappointing.",hinglish
Property B,GoogleMaps,2024-09-21,3,The staff were friendly and the reception was helpful.,en
Property E,Booking,2024-09-21,1,"Bathroom ganda tha, gandagi thi.",hinglish
Property G,MakeMyTrip,2024-09-21,2,The room was spacious and comfortable with a warm heater. The location was poor and far from the market.,en
Property G,GoogleMaps,2024-09-21,5,Very clean and hygienic bathroom.,en
Property K,TripAdvisor,2024-09-21,2,"Bahut mehenga tha, bilkul value nahi.",hinglish
Property K,Booking,2024-09-21,5,The food was delicious and the breakfast was fresh.,en
Property K,GoogleMaps,2024-09-21,3,खाना बहुत बढ़िया था. कमरे का हीटर खराब था.,hi
Property B,GoogleMaps,2024-09-22,4,Great value for money and worth the price.,en
Property C,MakeMyTrip,2024-09-22,5,Kamra badhiya aur comfortable tha.,hinglish
Property D,Booking,2024-09-22,3,"Location bekaar thi, market se door.",hinglish
Property E,GoogleMaps,2024-09-22,1,"Housekeeping never changed the towels, poor service.",en
Property H,Booking,2024-09-22,3,"The staff were friendly and the reception was helpful. Bathroom ganda tha, gandagi thi.",hinglish
Property H,Booking,2024-09-22,4,Kamra badhiya aur comfortable tha.,hinglish
Property I,Booking,2024-09-22,4,Reception staff ka vyavhaar bekaar tha. Kamra badhiya aur comfortable tha.,hinglish
Property I,GoogleMaps,2024-09-22,4,The room was spacious and comfortable with a warm heater. Khaana badhiya tha aur nashta bhi tasty.,hinglish
Property I,GoogleMaps,2024-09-22,4,"Sasta aur accha, paisa vasool stay. Kamra badhiya aur comfortable tha.",hinglish
Property J,TripAdvisor,2024-09-22,3,कमरे का हीटर खराब था. Very clean and hygienic bathroom.,hi
Property L,GoogleMaps,2024-09-22,4,Very clean and hygienic bathroom. The room was spacious and comfortable with a warm heater.,en
Property A,Booking,2024-09-23,4,The staff were friendly and the reception was helpful.,en
Property C,TripAdvisor,2024-09-23,5,"Bathroom ekdum saaf, safai badhiya. Khaana badhiya tha aur nashta bhi tasty.",hinglish
Property C,Booking,2024-09-23,3,"खाना बहुत बढ़िया था. The bathroom was dirty and smelly, poor hygiene.",hi
Property E,GoogleMaps,2024-09-23,3,"Great value for money and worth the price. Bathroom ganda tha, gandagi thi.",hinglish
Property F,MakeMyTrip,2024-09-23,2,The check-in was slow and the booking was a problem.,en
Property J,Booking,2024-09-23,3,The room was spacious and comfortable with a warm heater.,en
Property K,Booking,2024-09-23,4,The room was spacious and comfortable with a warm heater. खाना बहुत बढ़िया था.,hi
Property L,Booking,2024-09-23,4,Very clean and hygienic bathroom.,en
Property A,Booking,2024-09-24,4,Housekeeping was prompt and the towels were fresh. Kamra badhiya aur comfortable tha.,hinglish
Property B,MakeMyTrip,2024-09-24,4,"Staff ka vyavhaar accha tha, reception helpful.",hinglish
Property E,TripAdvisor,2024-09-24,3,"The location was great with a beautiful mountain view. Kamre ka heater band tha, bahut thanda kamra.",hinglish
Property G,GoogleMaps,2024-09-24,5,Kamra badhiya aur comfortable tha. Khaana badhiya tha aur nashta bhi tasty.,hinglish
Property H,GoogleMaps,2024-09-24,3,"The check-in was quick and the booking was smooth, really good.",en
Property I,GoogleMaps,2024-09-24,2,Khaana bekaar aur thanda tha.,hinglish
Property B,Booking,2024-09-25,5,"Staff ka vyavhaar accha tha, reception helpful.",hinglish
Property B,MakeMyTrip,2024-09-25,2,"Room service accha tha, towels clean the. The staff were rude and the manager was unhelpful.",hinglish
Property F,GoogleMaps,2024-09-25,3,"Bathroom ekdum saaf, safai badhiya. Sasta aur accha, paisa vasool stay.",hinglish
Property H,Booking,2024-09-25,5,The room was spacious and comfortable with a warm heater.,en
Property K,Booking,2024-09-25,3,"Bathroom ganda tha, gandagi thi. The room was spacious and comfortable with a warm heater.",hinglish
Property F,GoogleMaps,2024-09-26,1,"Kamre ka heater band tha, bahut thanda kamra.",hinglish
Property G,MakeMyTrip,2024-09-26,2,The room heater was not working and it was freezing cold at night.,en
Property K,GoogleMaps,2024-09-26,2,The staff were rude and the manager was unhelpful.,en
Property K,MakeMyTrip,2024-09-26,4,The room was spacious and comfortable with a warm heater.,en
Property L,TripAdvisor,2024-09-26,1,"Kamre ka heater band tha, bahut thanda kamra.",hinglish
Property E,MakeMyTrip,2024-09-27,4,"The food was stale and cold, really disappointing. Great value for money and worth the price.",en
Property F,GoogleMaps,2024-09-27,3,"Khaana bekaar aur thanda tha. Mountain ka nazara shandar, location badhiya.",hinglish
Property F,Booking,2024-09-27,3,"Check-in fast tha, booking process accha. The staff were friendly and the reception was helpful.",hinglish
Property H,GoogleMaps,2024-09-27,4,"Sasta aur accha, paisa vasool stay. The staff were friendly and the reception was helpful.",hinglish
Property H,MakeMyTrip,2024-09-27,3,The staff were friendly and the reception was helpful. Housekeeping was prompt and the towels were fresh.,en
Property K,Booking,2024-09-27,3,"Housekeeping never changed the towels, poor service. Great value for money and worth the price.",en
Property D,TripAdvisor,2024-10-01,4,The location was great with a beautiful mountain view.,en
Property H,GoogleMaps,2024-10-01,2,The location was poor and far from the market. Overpriced and too expensive for what you get.,en
Property H,TripAdvisor,2024-10-01,5,"Sasta aur accha, paisa vasool stay.",hinglish
Property I,TripAdvisor,2024-10-01,3,Khaana bekaar aur thanda tha. The room was spacious and comfortable with a warm heater.,hinglish
Property L,Booking,2024-10-01,4,"Check-in fast tha, booking process accha. Great value for money and worth the price.",hinglish
Property A,TripAdvisor,2024-10-02,5,The room was spacious and comfortable with a warm heater. खाना बहुत बढ़िया था.,hi
Property B,MakeMyTrip,2024-10-02,3,"Booking me check-in slow tha, bekaar process. Bathroom ekdum saaf, safai badhiya.",hinglish
Property B,MakeMyTrip,2024-10-02,5,The staff were friendly and the reception was helpful.,en
Property C,Booking,2024-10-02,4,"Mountain ka nazara shandar, location badhiya. Staff ka vyavhaar accha tha, reception helpful.",hinglish
Property C,Booking,2024-10-02,4,"Room service accha tha, towels clean the.",hinglish
Property F,Booking,2024-10-02,1,"The food was stale and cold, really disappointing.",en
Property G,TripAdvisor,2024-10-02,4,Kamra badhiya aur comfortable tha. Great value for money and worth the price.,hinglish
Property G,TripAdvisor,2024-10-02,4,"Sasta aur accha, paisa vasool stay. Kamra badhiya aur comfortable tha.",hinglish
Property H,MakeMyTrip,2024-10-02,3,"Room service accha tha, towels clean the. Bathroom ekdum saaf, safai badhiya.",hinglish
Property H,Booking,2024-10-02,1,The staff were rude and the manager was unhelpful.,en
Property J,TripAdvisor,2024-10-02,3,The food was delicious and the breakfast was fresh.,en
Property D,MakeMyTrip,2024-10-03,1,"Kamre ka heater band tha, bahut thanda kamra.",hinglish
Property H,MakeMyTrip,2024-10-03,2,"Kamra badhiya aur comfortable tha. The bathroom was dirty and smelly, poor hygiene.",hinglish
Property H,GoogleMaps,2024-10-03,4,Very clean and hygienic bathroom.,en
Property I,TripAdvisor,2024-10-03,3,"Check-in fast tha, booking process accha.",hinglish
Property I,TripAdvisor,2024-10-03,2,Overpriced and too expensive for what you get.,en
Property J,MakeMyTrip,2024-10-03,1,Reception staff ka vyavhaar bekaar tha. The check-in was slow and the booking was a problem.,hinglish
Property L,Booking,2024-10-03,3,"Mountain ka nazara shandar, location badhiya.",hinglish
Property A,GoogleMaps,2024-10-04,4,खाना बहुत बढ़िया था.,hi
Property E,MakeMyTrip,2024-10-04,5,The staff were friendly and the reception was helpful.,en
Property G,Booking,2024-10-04,5,"Mountain ka nazara shandar, location badhiya.",hinglish
Property I,MakeMyTrip,2024-10-04,1,The room heater was not working and it was freezing cold at night.,en
Property J,GoogleMaps,2024-10-04,4,"Very clean and hygienic bathroom. Room service accha tha, towels clean the.",hinglish
Property J,MakeMyTrip,2024-10-04,3,Khaana bekaar aur thanda tha.,hinglish
Property L,MakeMyTrip,2024-10-04,4,The room was spacious and comfortable with a warm heater. Very clean and hygienic bathroom.,en
Property C,TripAdvisor,2024-10-05,3,The staff were rude and the manager was unhelpful.,en
Property C,TripAdvisor,2024-10-05,3,"Sasta aur accha, paisa vasool stay.",hinglish
Property F,TripAdvisor,2024-10-05,5,"Check-in fast tha, booking process accha.",hinglish
Property F,GoogleMaps,2024-10-05,4,"Bathroom ekdum saaf, safai badhiya. The room was spacious and comfortable with a warm heater.",hinglish
Property F,GoogleMaps,2024-10-05,3,"The food was stale and cold, really disappointing. Kamra badhiya aur comfortable tha.",hinglish
Property F,TripAdvisor,2024-10-05,4,"Kamra badhiya aur comfortable tha. Bathroom ekdum saaf, safai badhiya.",hinglish
Property J,GoogleMaps,2024-10-05,4,"Great value for money and worth the price. Towels ganda the, room service bekaar.",hinglish
Property J,Booking,2024-10-05,3,"खाना बेकार और ठंडा था. Sasta aur accha, paisa vasool stay.",hi
Property L,MakeMyTrip,2024-10-05,4,"Mountain ka nazara shandar, location badhiya.",hinglish
Property E,Booking,2024-10-06,1,"The check-in was slow and the booking was a problem. The bathroom was dirty and smelly, poor hygiene.",en
Property G,MakeMyTrip,2024-10-06,5,"खाना बहुत बढ़िया था. The check-in was quick and the booking was smooth, really good.",hi
Property I,MakeMyTrip,2024-10-06,4,The staff were friendly and the reception was helpful. Kamra badhiya aur comfortable tha.,hinglish
Property K,Booking,2024-10-06,2,"The food was stale and cold, really disappointing. The location was great with a beautiful mountain view.",en
Property K,GoogleMaps,2024-10-06,2,The staff were rude and the manager was unhelpful.,en
Property L,Booking,2024-10-06,4,"Check-in fast tha, booking process accha. The staff were friendly and the reception was helpful.",hinglish
Property L,MakeMyTrip,2024-10-06,4,Great value for money and worth the price.,en
Property A,TripAdvisor,2024-10-07,3,"The staff were rude and the manager was unhelpful. Mountain ka nazara shandar, location badhiya.",hinglish
Property A,MakeMyTrip,2024-10-07,4,"Mountain ka nazara shandar, location badhiya.",hinglish
Property B,TripAdvisor,2024-10-07,2,"Housekeeping never changed the towels, poor service. Khaana bekaar aur thanda tha.",hinglish
Property B,Booking,2024-10-07,2,"The room was spacious and comfortable with a warm heater. Bathroom ganda tha, gandagi thi.",hinglish
Property B,Booking,2024-10-07,5,Great value for money and worth the price.,en
Property D,TripAdvisor,2024-10-07,2,"Reception staff ka vyavhaar bekaar tha. Bathroom ganda tha, gandagi thi.",hinglish
Property D,MakeMyTrip,2024-10-07,5,"Room service accha tha, towels clean the. The staff were friendly and the reception was helpful.",hinglish
Property D,MakeMyTrip,2024-10-07,4,Khaana badhiya tha aur nashta bhi tasty.,hinglish
Property E,GoogleMaps,2024-10-07,2,The food was delicious and the breakfast was fresh. कमरे का हीटर खराब था.,hi
Property F,GoogleMaps,2024-10-07,3,Very clean and hygienic bathroom. खाना बेकार और ठंडा था.,hi
Property B,GoogleMaps,2024-10-08,3,"Room service accha tha, towels clean the.",hinglish
Property E,GoogleMaps,2024-10-08,3,"The staff were friendly and the reception was helpful. Bathroom ekdum saaf, safai badhiya.",hinglish
Property F,Booking,2024-10-08,1,The check-in was slow and the booking was a problem.,en
Property G,TripAdvisor,2024-10-08,4,Khaana badhiya tha aur nashta bhi tasty. Kamra badhiya aur comfortable tha.,hinglish
Property H,GoogleMaps,2024-10-08,3,"Kamre ka heater band tha, bahut thanda kamra. Room service accha tha, towels clean the.",hinglish
Property H,MakeMyTrip,2024-10-08,4,"Staff ka vyavhaar accha tha, reception helpful.",hinglish
Property I,TripAdvisor,2024-10-08,4,The staff were friendly and the reception was helpful. Overpriced and too expensive for what you get.,en
Property I,GoogleMaps,2024-10-08,3,"Staff ka vyavhaar accha tha, reception helpful. The room heater was not working and it was freezing cold at night.",hinglish
Property I,Booking,2024-10-08,4,The location was great with a beautiful mountain view. Very clean and hygienic bathroom.,en
Property J,GoogleMaps,2024-10-08,2,Khaana bekaar aur thanda tha.,hinglish
Property J,MakeMyTrip,2024-10-08,4,"Staff ka vyavhaar accha tha, reception helpful.",hinglish
Property J,Booking,2024-10-08,3,"Housekeeping was prompt and the towels were fresh. The bathroom was dirty and smelly, poor hygiene.",en
Property D,MakeMyTrip,2024-10-09,5,The location was great with a beautiful mountain view.,en
Property D,TripAdvisor,2024-10-09,4,Khaana badhiya tha aur nashta bhi tasty. The check-in was slow and the booking was a problem.,hinglish
Property F,Booking,2024-10-09,1,"Bahut mehenga tha, bilkul value nahi.",hinglish
Property F,GoogleMaps,2024-10-09,2,"Room service accha tha, towels clean the. The food was stale and cold, really disappointing.",hinglish
Property G,TripAdvisor,2024-10-09,2,"Towels ganda the, room service bekaar. कमरे का हीटर खराब था.",hi
Property K,MakeMyTrip,2024-10-09,3,"Kamre ka heater band tha, bahut thanda kamra. Bathroom ekdum saaf, safai badhiya.",hinglish
Property C,GoogleMaps,2024-10-10,3,"Staff ka vyavhaar accha tha, reception helpful. बाथरूम गंदा था.",hi
Property F,GoogleMaps,2024-10-10,3,"Housekeeping never changed the towels, poor service.",en
Property F,GoogleMaps,2024-10-10,3,Great value for money and worth the price. The staff were rude and the manager was unhelpful.,en
Property G,MakeMyTrip,2024-10-10,1,"Towels ganda the, room service bekaar.",hinglish
Property G,Booking,2024-10-10,2,"Staff ka vyavhaar accha tha, reception helpful. The food was stale and cold, really disappointing.",hinglish
Property H,GoogleMaps,2024-10-10,5,Kamra badhiya aur comfortable tha.,hinglish
Property H,Booking,2024-10-10,4,"Staff ka vyavhaar accha tha, reception helpful. Great value for money and worth the price.",hinglish
Property C,TripAdvisor,2024-10-11,4,"Staff ka vyavhaar accha tha, reception helpful.",hinglish
Property E,GoogleMaps,2024-10-11,4,"Kamre ka heater band tha, bahut thanda kamra. Sasta aur accha, paisa vasool stay.",hinglish
Property F,TripAdvisor,2024-10-11,2,Khaana bekaar aur thanda tha.,hinglish
Property H,Booking,2024-10-11,5,Kamra badhiya aur comfortable tha.,hinglish
Property I,Booking,2024-10-11,5,"Bathroom ekdum saaf, safai badhiya. Housekeeping was prompt and the towels were fresh.",hinglish
Property J,MakeMyTrip,2024-10-11,2,"Towels ganda the, room service bekaar.",hinglish
Property K,MakeMyTrip,2024-10-11,5,"Check-in fast tha, booking process accha.",hinglish
Property K,Booking,2024-10-11,4,खाना बहुत बढ़िया था.,hi
Property L,MakeMyTrip,2024-10-11,5,"Bathroom ekdum saaf, safai badhiya.",hinglish
Property A,TripAdvisor,2024-10-12,4,"The check-in was quick and the booking was smooth, really good.",en
Property C,Booking,2024-10-12,4,"Staff ka vyavhaar accha tha, reception helpful.",hinglish
Property A,TripAdvisor,2024-10-13,4,"Room service accha tha, towels clean the. Bathroom ekdum saaf, safai badhiya.",hinglish
Property B,Booking,2024-10-13,4,"Kamra badhiya aur comfortable tha. Sasta aur accha, paisa vasool stay.",hinglish
Property D,MakeMyTrip,2024-10-13,2,"The food was stale and cold, really disappointing.",en
Property E,MakeMyTrip,2024-10-13,2,"Location bekaar thi, market se door.",hinglish
Property F,MakeMyTrip,2024-10-13,3,Housekeeping was prompt and the towels were fresh. The location was great with a beautiful mountain view.,en
Property G,TripAdvisor,2024-10-13,2,"Location bekaar thi, market se door.",hinglish
Property G,MakeMyTrip,2024-10-13,3,Kamra badhiya aur comfortable tha. खाना बहुत बढ़िया था.,hi
Property A,MakeMyTrip,2024-10-14,2,Reception staff ka vyavhaar bekaar tha.,hinglish
Property B,GoogleMaps,2024-10-14,2,खाना बेकार और ठंडा था.,hi
Property B,TripAdvisor,2024-10-14,4,Very clean and hygienic bathroom.,en
Property B,MakeMyTrip,2024-10-14,3,Overpriced and too expensive for what you get. Very clean and hygienic bathroom.,en
Property C,Booking,2024-10-14,3,खाना बहुत बढ़िया था.,hi
Property C,GoogleMaps,2024-10-14,3,"Bathroom ekdum saaf, safai badhiya. Room service accha tha, towels clean the.",hinglish
Property G,MakeMyTrip,2024-10-14,3,"Overpriced and too expensive for what you get. Towels ganda the, room service bekaar.",hinglish
Property H,GoogleMaps,2024-10-14,4,"Sasta aur accha, paisa vasool stay. Kamra badhiya aur comfortable tha.",hinglish
Property H,TripAdvisor,2024-10-14,2,"Kamre ka heater band tha, bahut thanda kamra. Towels ganda the, room service bekaar.",hinglish
Property A,Booking,2024-10-15,5,"The room was spacious and comfortable with a warm heater. Bathroom ekdum saaf, safai badhiya.",hinglish
Property A,TripAdvisor,2024-10-15,4,"Housekeeping was prompt and the towels were fresh. Bathroom ganda tha, gandagi thi.",hinglish
Property B,TripAdvisor,2024-10-15,5,"Mountain ka nazara shandar, location badhiya.",hinglish
Property E,MakeMyTrip,2024-10-15,3,The room was spacious and comfortable with a warm heater. खाना बेकार और ठंडा था.,hi
Property G,TripAdvisor,2024-10-15,2,"Towels ganda the, room service bekaar. The staff were rude and the manager was unhelpful.",hinglish
Property H,Booking,2024-10-15,2,"Bathroom ekdum saaf, safai badhiya. Bahut mehenga tha, bilkul value nahi.",hinglish
Property H,Booking,2024-10-15,2,The location was poor and far from the market.,en
Property K,MakeMyTrip,2024-10-15,2,The location was poor and far from the market.,en
Property A,Booking,2024-10-16,4,The room was spacious and comfortable with a warm heater. The location was great with a beautiful mountain view.,en
Property A,Booking,2024-10-16,1,"The bathroom was dirty and smelly, poor hygiene.",en
Property B,Booking,2024-10-16,2,The location was poor and far from the market.,en
Property F,TripAdvisor,2024-10-16,4,"Housekeeping was prompt and the towels were fresh. Sasta aur accha, paisa vasool stay.",hinglish
Property K,TripAdvisor,2024-10-16,3,"The bathroom was dirty and smelly, poor hygiene.",en
Property A,Booking,2024-10-17,2,"Towels ganda the, room service bekaar.",hinglish
Property B,Booking,2024-10-17,3,"Kamra badhiya aur comfortable tha. The check-in was quick and the booking was smooth, really good.",hinglish
Property B,MakeMyTrip,2024-10-17,3,"Mountain ka nazara shandar, location badhiya.",hinglish
Property C,GoogleMaps,2024-10-17,3,Kamra badhiya aur comfortable tha.,hinglish
Property E,TripAdvisor,2024-10-17,2,"खाना बेकार और ठंडा था. Bathroom ganda tha, gandagi thi.",hi
Property H,Booking,2024-10-17,3,खाना बेकार और ठंडा था.,hi
Property I,Booking,2024-10-17,4,"Kamre ka heater band tha, bahut thanda kamra. Sasta aur accha, paisa vasool stay.",hinglish
Property J,GoogleMaps,2024-10-17,4,"Kamre ka heater band tha, bahut thanda kamra. Khaana badhiya tha aur nashta bhi tasty.",hinglish
Property J,TripAdvisor,2024-10-17,3,"The room heater was not working and it was freezing cold at night. Booking me check-in slow tha, bekaar process.",hinglish
Property K,TripAdvisor,2024-10-17,3,Khaana bekaar aur thanda tha.,hinglish
Property C,Booking,2024-10-18,3,"The check-in was quick and the booking was smooth, really good.",en
Property G,TripAdvisor,2024-10-18,4,The location was great with a beautiful mountain view. Kamra badhiya aur comfortable tha.,hinglish
Property H,MakeMyTrip,2024-10-18,3,"Housekeeping was prompt and the towels were fresh. Kamre ka heater band tha, bahut thanda kamra.",hinglish
Property H,GoogleMaps,2024-10-18,3,"Towels ganda the, room service bekaar. Great value for money and worth the price.",hinglish
Property J,MakeMyTrip,2024-10-18,4,"Staff ka vyavhaar accha tha, reception helpful.",hinglish
Property L,TripAdvisor,2024-10-18,2,The room heater was not working and it was freezing cold at night.,en
Property A,MakeMyTrip,2024-10-19,5,"Room service accha tha, towels clean the. The check-in was quick and the booking was smooth, really good.",hinglish
Property A,Booking,2024-10-19,4,The location was great with a beautiful mountain view.,en
Property A,TripAdvisor,2024-10-19,3,The food was delicious and the breakfast was fresh.,en
Property A,MakeMyTrip,2024-10-19,5,खाना बहुत बढ़िया था. The room was spacious and comfortable with a warm heater.,hi
Property D,TripAdvisor,2024-10-19,3,"Overpriced and too expensive for what you get. Check-in fast tha, booking process accha.",hinglish
Property H,Booking,2024-10-19,4,Very clean and hygienic bathroom.,en
Property J,MakeMyTrip,2024-10-19,5,Khaana badhiya tha aur nashta bhi tasty.,hinglish
Property K,MakeMyTrip,2024-10-19,4,Khaana badhiya tha aur nashta bhi tasty.,hinglish
Property A,Booking,2024-10-20,4,"The check-in was quick and the booking was smooth, really good.",en
Property D,TripAdvisor,2024-10-20,4,"Overpriced and too expensive for what you get. Room service accha tha, towels clean the.",hinglish
Property F,MakeMyTrip,2024-10-20,2,The location was poor and far from the market.,en
Property G,MakeMyTrip,2024-10-20,4,खाना बहुत बढ़िया था.,hi
Property K,Booking,2024-10-20,2,"Overpriced and too expensive for what you get. Bathroom ganda tha, gandagi thi.",hinglish
Property K,TripAdvisor,2024-10-20,2,"Towels ganda the, room service bekaar. कमरे का हीटर खराब था.",hi
Property A,Booking,2024-10-21,2,"Bathroom ekdum saaf, safai badhiya. The check-in was slow and the booking was a problem.",hinglish
Property B,MakeMyTrip,2024-10-21,3,"Bathroom ganda tha, gandagi thi. The room was spacious and comfortable with a warm heater.",hinglish
Property C,MakeMyTrip,2024-10-21,4,The location was great with a beautiful mountain view.,en
Property D,MakeMyTrip,2024-10-21,2,"Bathroom ganda tha, gandagi thi.",hinglish
Property E,GoogleMaps,2024-10-21,3,"Towels ganda the, room service bekaar. The location was great with a beautiful mountain view.",hinglish
Property J,GoogleMaps,2024-10-21,3,"Khaana badhiya tha aur nashta bhi tasty. Bathroom ekdum saaf, safai badhiya.",hinglish
Property K,GoogleMaps,2024-10-21,2,बाथरूम गंदा था.,hi
Property C,Booking,2024-10-22,4,"Kamra badhiya aur comfortable tha. Sasta aur accha, paisa vasool stay.",hinglish
Property E,GoogleMaps,2024-10-22,2,"Bathroom ganda tha, gandagi thi. Check-in fast tha, booking process accha.",hinglish
Property F,MakeMyTrip,2024-10-22,4,Kamra badhiya aur comfortable tha.,hinglish
Property H,GoogleMaps,2024-10-22,4,"Sasta aur accha, paisa vasool stay.",hinglish
Property A,MakeMyTrip,2024-10-23,3,"Sasta aur accha, paisa vasool stay.",hinglish
Property D,TripAdvisor,2024-10-23,4,The food was delicious and the breakfast was fresh.,en
Property E,Booking,2024-10-23,3,"Mountain ka nazara shandar, location badhiya. Reception staff ka vyavhaar bekaar tha.",hinglish
Property F,Booking,2024-10-23,4,Great value for money and worth the price.,en
Property I,MakeMyTrip,2024-10-23,4,Housekeeping was prompt and the towels were fresh. Kamra badhiya aur comfortable tha.,hinglish
Property K,Booking,2024-10-23,2,"Housekeeping never changed the towels, poor service. Kamra badhiya aur comfortable tha.",hinglish
Property K,MakeMyTrip,2024-10-23,3,"Bathroom ganda tha, gandagi thi. खाना बेकार और ठंडा था.",hi
Property L,TripAdvisor,2024-10-23,4,"The room was spacious and comfortable with a warm heater. The bathroom was dirty and smelly, poor hygiene.",en
Property A,GoogleMaps,2024-10-24,5,Khaana badhiya tha aur nashta bhi tasty. Kamra badhiya aur comfortable tha.,hinglish
Property A,TripAdvisor,2024-10-24,4,"Bathroom ekdum saaf, safai badhiya.",hinglish
Property B,TripAdvisor,2024-10-24,3,Housekeeping was prompt and the towels were fresh. The check-in was slow and the booking was a problem.,en
Property B,Booking,2024-10-24,1,"Bathroom ganda tha, gandagi thi. खाना बेकार और ठंडा था.",hi
Property B,MakeMyTrip,2024-10-24,2,Khaana bekaar aur thanda tha.,hinglish
Property D,GoogleMaps,2024-10-24,5,Kamra badhiya aur comfortable tha.,hinglish
Property E,MakeMyTrip,2024-10-24,2,बाथरूम गंदा था.,hi
Property F,GoogleMaps,2024-10-24,3,The staff were rude and the manager was unhelpful.,en
Property F,GoogleMaps,2024-10-24,3,"Kamre ka heater band tha, bahut thanda kamra. The food was delicious and the breakfast was fresh.",hinglish
Property F,MakeMyTrip,2024-10-24,5,"Mountain ka nazara shandar, location badhiya.",hinglish
Property G,MakeMyTrip,2024-10-24,3,The food was delicious and the breakfast was fresh. The room was spacious and comfortable with a warm heater.,en
Property H,MakeMyTrip,2024-10-24,4,"The staff were friendly and the reception was helpful. Location bekaar thi, market se door.",hinglish
Property I,Booking,2024-10-24,3,"Reception staff ka vyavhaar bekaar tha. Bathroom ekdum saaf, safai badhiya.",hinglish
Property J,GoogleMaps,2024-10-24,5,The food was delicious and the breakfast was fresh.,en
Property L,Booking,2024-10-24,4,"Sasta aur accha, paisa vasool stay.",hinglish
Property L,MakeMyTrip,2024-10-24,4,The staff were friendly and the reception was helpful. The food was delicious and the breakfast was fresh.,en
Property E,MakeMyTrip,2024-10-25,2,Khaana bekaar aur thanda tha.,hinglish
Property J,TripAdvisor,2024-10-25,1,"Towels ganda the, room service bekaar.",hinglish
Property C,GoogleMaps,2024-10-26,5,"The check-in was quick and the booking was smooth, really good. Very clean and hygienic bathroom.",en
Property D,GoogleMaps,2024-10-26,2,बाथरूम गंदा था. खाना बेकार और ठंडा था.,hi
Property D,GoogleMaps,2024-10-26,4,The location was great with a beautiful mountain view. कमरे का हीटर खराब था.,hi
Property D,Booking,2024-10-26,4,"खाना बेकार और ठंडा था. Sasta aur accha, paisa vasool stay.",hi
Property E,Booking,2024-10-26,3,"Location bekaar thi, market se door. The room heater was not working and it was freezing cold at night.",hinglish
Property E,TripAdvisor,2024-10-26,2,कमरे का हीटर खराब था. Overpriced and too expensive for what you get.,hi
Property E,MakeMyTrip,2024-10-26,3,"The check-in was quick and the booking was smooth, really good.",en
Property I,MakeMyTrip,2024-10-26,5,"Very clean and hygienic bathroom. Check-in fast tha, booking process accha.",hinglish
Property I,TripAdvisor,2024-10-26,3,"Sasta aur accha, paisa vasool stay. Mountain ka nazara shandar, location badhiya.",hinglish
Property K,MakeMyTrip,2024-10-26,3,कमरे का हीटर खराब था.,hi
Property B,Booking,2024-10-27,4,Very clean and hygienic bathroom.,en
Property B,TripAdvisor,2024-10-27,4,"Staff ka vyavhaar accha tha, reception helpful. Very clean and hygienic bathroom.",hinglish
Property D,TripAdvisor,2024-10-27,3,"कमरे का हीटर खराब था. Staff ka vyavhaar accha tha, reception helpful.",hi
Property E,TripAdvisor,2024-10-27,3,"Bathroom ekdum saaf, safai badhiya.",hinglish
Property G,MakeMyTrip,2024-10-27,3,"Great value for money and worth the price. Booking me check-in slow tha, bekaar process.",hinglish
Property J,Booking,2024-10-27,2,Khaana bekaar aur thanda tha. The room heater was not working and it was freezing cold at night.,hinglish
Property K,TripAdvisor,2024-10-27,2,बाथरूम गंदा था. खाना बहुत बढ़िया था.,hi
Property K,TripAdvisor,2024-10-27,3,"Very clean and hygienic bathroom. Mountain ka nazara shandar, location badhiya.",hinglish
Property L,Booking,2024-10-27,3,"Kamra badhiya aur comfortable tha. Room service accha tha, towels clean the.",hinglish
Property L,MakeMyTrip,2024-10-27,4,"The room was spacious and comfortable with a warm heater. Bathroom ekdum saaf, safai badhiya.",hinglish
Property L,GoogleMaps,2024-10-27,4,खाना बहुत बढ़िया था. The room was spacious and comfortable with a warm heater.,hi
Property L,MakeMyTrip,2024-10-27,3,खाना बहुत बढ़िया था.,hi
Property A,Booking,2024-11-01,3,"The food was stale and cold, really disappointing. Housekeeping was prompt and the towels were fresh.",en
Property A,GoogleMaps,2024-11-01,3,"Bathroom ekdum saaf, safai badhiya.",hinglish
Property D,Booking,2024-11-01,4,Kamra badhiya aur comfortable tha.,hinglish
Property F,TripAdvisor,2024-11-01,4,The staff were friendly and the reception was helpful. The food was delicious and the breakfast was fresh.,en
Property G,Booking,2024-11-01,3,बाथरूम गंदा था. The staff were rude and the manager was unhelpful.,hi
Property G,MakeMyTrip,2024-11-01,4,"Bathroom ekdum saaf, safai badhiya. The room was spacious and comfortable with a warm heater.",hinglish
Property H,GoogleMaps,2024-11-01,5,The location was great with a beautiful mountain view.,en
Property H,TripAdvisor,2024-11-01,4,The staff were friendly and the reception was helpful. Great value for money and worth the price.,en
Property L,MakeMyTrip,2024-11-01,5,"Mountain ka nazara shandar, location badhiya.",hinglish
Property B,Booking,2024-11-02,1,Khaana bekaar aur thanda tha.,hinglish
Property B,TripAdvisor,2024-11-02,4,"Sasta aur accha, paisa vasool stay. Housekeeping was prompt and the towels were fresh.",hinglish
Property E,MakeMyTrip,2024-11-02,3,"The room was spacious and comfortable with a warm heater. Towels ganda the, room service bekaar.",hinglish
Property E,Booking,2024-11-02,4,The room was spacious and comfortable with a warm heater.,en
Property H,GoogleMaps,2024-11-02,5,"Kamra badhiya aur comfortable tha. Sasta aur accha, paisa vasool stay.",hinglish
Property K,GoogleMaps,2024-11-02,2,"The room heater was not working and it was freezing cold at night. Booking me check-in slow tha, bekaar process.",hinglish
Property L,GoogleMaps,2024-11-02,2,The location was great with a beautiful mountain view. Reception staff ka vyavhaar bekaar tha.,hinglish
Property B,GoogleMaps,2024-11-03,4,Kamra badhiya aur comfortable tha.,hinglish
Property C,Booking,2024-11-03,1,"The food was stale and cold, really disappointing.",en
Property I,TripAdvisor,2024-11-03,3,"Bathroom ekdum saaf, safai badhiya. खाना बेकार और ठंडा था.",hi
Property I,GoogleMaps,2024-11-03,4,"Bathroom ekdum saaf, safai badhiya. The food was stale and cold, really disappointing.",hinglish
Property F,TripAdvisor,2024-11-04,5,"Khaana badhiya tha aur nashta bhi tasty. The check-in was quick and the booking was smooth, really good.",hinglish
Property J,GoogleMaps,2024-11-04,2,"The location was poor and far from the market. Staff ka vyavhaar accha tha, reception helpful.",hinglish
Property K,GoogleMaps,2024-11-04,1,खाना बेकार और ठंडा था.,hi
Property L,MakeMyTrip,2024-11-04,3,"Staff ka vyavhaar accha tha, reception helpful. कमरे का हीटर खराब था.",hi
Property A,GoogleMaps,2024-11-05,4,Very clean and hygienic bathroom. Kamra badhiya aur comfortable tha.,hinglish
Property A,MakeMyTrip,2024-11-05,3,The food was delicious and the breakfast was fresh.,en
Property B,TripAdvisor,2024-11-05,3,"बाथरूम गंदा था. Sasta aur accha, paisa vasool stay.",hi
Property C,TripAdvisor,2024-11-05,5,The location was great with a beautiful mountain view.,en
Property E,GoogleMaps,2024-11-05,1,"Kamre ka heater band tha, bahut thanda kamra.",hinglish
Property F,GoogleMaps,2024-11-05,3,Great value for money and worth the price.,en
Property F,Booking,2024-11-05,3,Great value for money and worth the price.,en
Property G,TripAdvisor,2024-11-05,3,The check-in was slow and the booking was a problem.,en
Property H,TripAdvisor,2024-11-05,3,The food was delicious and the breakfast was fresh. बाथरूम गंदा था.,hi
Property H,TripAdvisor,2024-11-05,5,Very clean and hygienic bathroom.,en
Property H,MakeMyTrip,2024-11-05,2,"Booking me check-in slow tha, bekaar process. The staff were rude and the manager was unhelpful.",hinglish
Property I,GoogleMaps,2024-11-05,4,The staff were rude and the manager was unhelpful. Kamra badhiya aur comfortable tha.,hinglish
Property J,MakeMyTrip,2024-11-05,1,"The bathroom was dirty and smelly, poor hygiene. Housekeeping never changed the towels, poor service.",en
Property K,Booking,2024-11-05,2,Overpriced and too expensive for what you get.,en
Property K,Booking,2024-11-05,3,"Housekeeping never changed the towels, poor service. खाना बहुत बढ़िया था.",hi
Property K,GoogleMaps,2024-11-05,3,"The food was stale and cold, really disappointing. The bathroom was dirty and smelly, poor hygiene.",en
Property L,MakeMyTrip,2024-11-05,4,"खाना बहुत बढ़िया था. Bathroom ekdum saaf, safai badhiya.",hi
Property D,MakeMyTrip,2024-11-06,5,"Mountain ka nazara shandar, location badhiya.",hinglish
Property E,MakeMyTrip,2024-11-06,3,"Reception staff ka vyavhaar bekaar tha. The bathroom was dirty and smelly, poor hygiene.",hinglish
Property G,TripAdvisor,2024-11-06,3,"Check-in fast tha, booking process accha.",hinglish
Property G,GoogleMaps,2024-11-06,2,"Kamre ka heater band tha, bahut thanda kamra. Towels ganda the, room service bekaar.",hinglish
Property K,TripAdvisor,2024-11-06,2,बाथरूम गंदा था.,hi
Property L,Booking,2024-11-06,5,"Check-in fast tha, booking process accha. Room service accha tha, towels clean the.",hinglish
Property A,TripAdvisor,2024-11-07,1,Overpriced and too expensive for what you get.,en
Property A,Booking,2024-11-07,3,"Bathroom ekdum saaf, safai badhiya. The check-in was slow and the booking was a problem.",hinglish
Property D,TripAdvisor,2024-11-07,2,"The bathroom was dirty and smelly, poor hygiene. The food was stale and cold, really disappointing.",en
Property D,TripAdvisor,2024-11-07,5,Kamra badhiya aur comfortable tha.,hinglish
Property F,GoogleMaps,2024-11-07,3,The food was delicious and the breakfast was fresh. Kamra badhiya aur comfortable tha.,hinglish
Property G,MakeMyTrip,2024-11-07,5,Kamra badhiya aur comfortable tha. Khaana badhiya tha aur nashta bhi tasty.,hinglish
Property H,GoogleMaps,2024-11-07,4,"The food was delicious and the breakfast was fresh. Room service accha tha, towels clean the.",hinglish
Property I,MakeMyTrip,2024-11-07,4,The staff were friendly and the reception was helpful. खाना बहुत बढ़िया था.,hi
Property L,GoogleMaps,2024-11-07,3,"Sasta aur accha, paisa vasool stay.",hinglish
Property A,TripAdvisor,2024-11-08,3,The food was delicious and the breakfast was fresh. Very clean and hygienic bathroom.,en
Property I,TripAdvisor,2024-11-08,4,Very clean and hygienic bathroom.,en
Property I,MakeMyTrip,2024-11-08,5,Khaana badhiya tha aur nashta bhi tasty.,hinglish
Property J,MakeMyTrip,2024-11-08,3,"Bathroom ganda tha, gandagi thi. Sasta aur accha, paisa vasool stay.",hinglish
Property K,TripAdvisor,2024-11-08,3,Reception staff ka vyavhaar bekaar tha. Khaana badhiya tha aur nashta bhi tasty.,hinglish
Property K,Booking,2024-11-08,3,Khaana badhiya tha aur nashta bhi tasty. The staff were rude and the manager was unhelpful.,hinglish
Property K,TripAdvisor,2024-11-08,4,"The check-in was quick and the booking was smooth, really good.",en
Property C,Booking,2024-11-09,4,Housekeeping was prompt and the towels were fresh.,en
Property F,MakeMyTrip,2024-11-09,2,"Check-in fast tha, booking process accha. Khaana bekaar aur thanda tha.",hinglish
Property H,GoogleMaps,2024-11-09,3,"The check-in was quick and the booking was smooth, really good.",en
Property L,TripAdvisor,2024-11-09,4,"Sasta aur accha, paisa vasool stay. Housekeeping was prompt and the towels were fresh.",hinglish
Property B,MakeMyTrip,2024-11-10,3,Housekeeping was prompt and the towels were fresh.,en
Property C,MakeMyTrip,2024-11-10,2,"Towels ganda the, room service bekaar. The staff were friendly and the reception was helpful.",hinglish
Property E,MakeMyTrip,2024-11-10,3,"Room service accha tha, towels clean the. The room was spacious and comfortable with a warm heater.",hinglish
Property F,TripAdvisor,2024-11-10,3,"Great value for money and worth the price. Housekeeping never changed the towels, poor service.",en
Property K,MakeMyTrip,2024-11-10,3,खाना बेकार और ठंडा था.,hi
Property B,MakeMyTrip,2024-11-11,2,Overpriced and too expensive for what you get.,en
Property E,TripAdvisor,2024-11-11,5,"The check-in was quick and the booking was smooth, really good.",en
Property H,GoogleMaps,2024-11-11,4,Khaana badhiya tha aur nashta bhi tasty. Very clean and hygienic bathroom.,hinglish
Property H,GoogleMaps,2024-11-11,4,The location was poor and far from the market. Khaana badhiya tha aur nashta bhi tasty.,hinglish
Property J,MakeMyTrip,2024-11-11,4,Kamra badhiya aur comfortable tha. The check-in was slow and the booking was a problem.,hinglish
Property L,GoogleMaps,2024-11-11,4,"Khaana badhiya tha aur nashta bhi tasty. Mountain ka nazara shandar, location badhiya.",hinglish
Property B,TripAdvisor,2024-11-12,3,The staff were friendly and the reception was helpful. Kamra badhiya aur comfortable tha.,hinglish
Property C,GoogleMaps,2024-11-12,4,"Bathroom ekdum saaf, safai badhiya. खाना बहुत बढ़िया था.",hi
Property D,Booking,2024-11-12,4,"Bathroom ekdum saaf, safai badhiya.",hinglish
Property E,TripAdvisor,2024-11-12,4,"The check-in was quick and the booking was smooth, really good.",en
Property J,MakeMyTrip,2024-11-12,4,The check-in was slow and the booking was a problem. खाना बहुत बढ़िया था.,hi
Property K,Booking,2024-11-12,3,"Check-in fast tha, booking process accha. The food was stale and cold, really disappointing.",hinglish
Property B,GoogleMaps,2024-11-13,2,कमरे का हीटर खराब था. Great value for money and worth the price.,hi
Property E,Booking,2024-11-13,3,"The bathroom was dirty and smelly, poor hygiene. Reception staff ka vyavhaar bekaar tha.",hinglish
Property J,MakeMyTrip,2024-11-13,4,"The room was spacious and comfortable with a warm heater. The check-in was quick and the booking was smooth, really good.",en
Property K,TripAdvisor,2024-11-13,2,"Bahut mehenga tha, bilkul value nahi.",hinglish
Property A,GoogleMaps,2024-11-14,4,"Mountain ka nazara shandar, location badhiya. The food was delicious and the breakfast was fresh.",hinglish
Property B,GoogleMaps,2024-11-14,3,"Mountain ka nazara shandar, location badhiya. The room heater was not working and it was freezing cold at night.",hinglish
Property C,GoogleMaps,2024-11-14,4,"Khaana badhiya tha aur nashta bhi tasty. Housekeeping never changed the towels, poor service.",hinglish
Property E,MakeMyTrip,2024-11-14,2,Kamra badhiya aur comfortable tha. Overpriced and too expensive for what you get.,hinglish
Property F,GoogleMaps,2024-11-14,1,The room heater was not working and it was freezing cold at night.,en
Property G,Booking,2024-11-14,4,Khaana badhiya tha aur nashta bhi tasty.,hinglish
Property I,GoogleMaps,2024-11-14,2,खाना बेकार और ठंडा था.,hi
Property A,TripAdvisor,2024-11-15,4,Very clean and hygienic bathroom. The staff were friendly and the reception was helpful.,en
Property C,TripAdvisor,2024-11-15,2,"The food was stale and cold, really disappointing.",en
Property H,TripAdvisor,2024-11-15,2,The room heater was not working and it was freezing cold at night.,en
Property H,GoogleMaps,2024-11-15,2,Khaana bekaar aur thanda tha.,hinglish
Property I,TripAdvisor,2024-11-15,4,Kamra badhiya aur comfortable tha.,hinglish
Property J,Booking,2024-11-15,4,"Khaana badhiya tha aur nashta bhi tasty. Sasta aur accha, paisa vasool stay.",hinglish
Property K,TripAdvisor,2024-11-15,2,"The room heater was not working and it was freezing cold at night. The food was stale and cold, really disappointing.",en
Property L,GoogleMaps,2024-11-15,5,"Kamra badhiya aur comfortable tha. Mountain ka nazara shandar, location badhiya.",hinglish
Property B,MakeMyTrip,2024-11-16,3,"Housekeeping never changed the towels, poor service. Bahut mehenga tha, bilkul value nahi.",hinglish
Property C,GoogleMaps,2024-11-16,4,Khaana badhiya tha aur nashta bhi tasty. Very clean and hygienic bathroom.,hinglish
Property D,GoogleMaps,2024-11-16,2,"बाथरूम गंदा था. Kamre ka heater band tha, bahut thanda kamra.",hi
Property D,GoogleMaps,2024-11-16,2,"Location bekaar thi, market se door.",hinglish
Property E,GoogleMaps,2024-11-16,3,Great value for money and worth the price. Reception staff ka vyavhaar bekaar tha.,hinglish
Property G,MakeMyTrip,2024-11-16,3,Kamra badhiya aur comfortable tha.,hinglish
Property G,GoogleMaps,2024-11-16,2,"The food was stale and cold, really disappointing.",en
Property L,MakeMyTrip,2024-11-16,3,"Staff ka vyavhaar accha tha, reception helpful. Room service accha tha, towels clean the.",hinglish
Property L,GoogleMaps,2024-11-16,4,Very clean and hygienic bathroom. The staff were friendly and the reception was helpful.,en
Property L,Booking,2024-11-16,4,"Mountain ka nazara shandar, location badhiya. Sasta aur accha, paisa vasool stay.",hinglish
Property B,Booking,2024-11-17,4,"Mountain ka nazara shandar, location badhiya. Khaana bekaar aur thanda tha.",hinglish
Property B,Booking,2024-11-17,4,"Staff ka vyavhaar accha tha, reception helpful.",hinglish
Property B,MakeMyTrip,2024-11-17,1,Khaana bekaar aur thanda tha.,hinglish
Property B,TripAdvisor,2024-11-17,1,"बाथरूम गंदा था. Towels ganda the, room service bekaar.",hi
Property D,GoogleMaps,2024-11-17,2,Khaana bekaar aur thanda tha. The staff were friendly and the reception was helpful.,hinglish
Property D,GoogleMaps,2024-11-17,3,"The check-in was quick and the booking was smooth, really good. The staff were friendly and the reception was helpful.",en
Property E,TripAdvisor,2024-11-17,2,"खाना बेकार और ठंडा था. Bathroom ganda tha, gandagi thi.",hi
Property E,MakeMyTrip,2024-11-17,4,"Sasta aur accha, paisa vasool stay.",hinglish
Property F,TripAdvisor,2024-11-17,3,"Towels ganda the, room service bekaar. The room was spacious and comfortable with a warm heater.",hinglish
Property F,TripAdvisor,2024-11-17,4,"खाना बहुत बढ़िया था. The check-in was quick and the booking was smooth, really good.",hi
Property F,TripAdvisor,2024-11-17,1,The staff were rude and the manager was unhelpful.,en
Property F,MakeMyTrip,2024-11-17,4,Kamra badhiya aur comfortable tha.,hinglish
Property J,GoogleMaps,2024-11-17,3,Khaana badhiya tha aur nashta bhi tasty. The check-in was slow and the booking was a problem.,hinglish
Property A,MakeMyTrip,2024-11-18,5,The room was spacious and comfortable with a warm heater.,en
Property B,GoogleMaps,2024-11-18,4,Kamra badhiya aur comfortable tha. The staff were friendly and the reception was helpful.,hinglish
Property C,GoogleMaps,2024-11-18,4,"Bahut mehenga tha, bilkul value nahi. Check-in fast tha, booking process accha.",hinglish
Property C,GoogleMaps,2024-11-18,4,The food was delicious and the breakfast was fresh.,en
Property F,GoogleMaps,2024-11-18,4,"Khaana badhiya tha aur nashta bhi tasty. Room service accha tha, towels clean the.",hinglish
Property G,MakeMyTrip,2024-11-18,3,The room was spacious and comfortable with a warm heater.,en
Property G,TripAdvisor,2024-11-18,3,Great value for money and worth the price. The room was spacious and comfortable with a warm heater.,en
Property J,MakeMyTrip,2024-11-18,4,Kamra badhiya aur comfortable tha.,hinglish
Property J,TripAdvisor,2024-11-18,1,Khaana bekaar aur thanda tha.,hinglish
Property J,GoogleMaps,2024-11-18,3,खाना बहुत बढ़िया था.,hi
Property L,Booking,2024-11-18,4,The staff were friendly and the reception was helpful.,en
Property A,GoogleMaps,2024-11-19,3,"The location was poor and far from the market. Check-in fast tha, booking process accha.",hinglish
Property B,TripAdvisor,2024-11-19,2,"Housekeeping never changed the towels, poor service.",en
Property C,GoogleMaps,2024-11-19,4,"Bathroom ganda tha, gandagi thi. Sasta aur accha, paisa vasool stay.",hinglish
Property F,GoogleMaps,2024-11-19,3,Kamra badhiya aur comfortable tha.,hinglish
Property G,Booking,2024-11-19,5,Housekeeping was prompt and the towels were fresh.,en
Property G,MakeMyTrip,2024-11-19,4,The room was spacious and comfortable with a warm heater. The location was great with a beautiful mountain view.,en
Property J,GoogleMaps,2024-11-19,3,"Mountain ka nazara shandar, location badhiya.",hinglish
Property B,GoogleMaps,2024-11-20,4,The room was spacious and comfortable with a warm heater. The food was delicious and the breakfast was fresh.,en
Property C,GoogleMaps,2024-11-20,4,Great value for money and worth the price. The staff were friendly and the reception was helpful.,en
Property E,GoogleMaps,2024-11-20,5,Khaana badhiya tha aur nashta bhi tasty.,hinglish
Property F,Booking,2024-11-20,4,The food was delicious and the breakfast was fresh.,en
Property I,Booking,2024-11-20,4,"Khaana badhiya tha aur nashta bhi tasty. Sasta aur accha, paisa vasool stay.",hinglish
Property J,Booking,2024-11-20,2,Reception staff ka vyavhaar bekaar tha.,hinglish
Property J,GoogleMaps,2024-11-20,3,The staff were friendly and the reception was helpful.,en
Property J,GoogleMaps,2024-11-20,4,Great value for money and worth the price. Kamra badhiya aur comfortable tha.,hinglish
Property A,Booking,2024-11-21,4,The room was spacious and comfortable with a warm heater. Housekeeping was prompt and the towels were fresh.,en
Property A,GoogleMaps,2024-11-21,3,खाना बहुत बढ़िया था.,hi
Property A,Booking,2024-11-21,4,"Sasta aur accha, paisa vasool stay.",hinglish
Property D,TripAdvisor,2024-11-21,3,"कमरे का हीटर खराब था. Staff ka vyavhaar accha tha, reception helpful.",hi
Property F,GoogleMaps,2024-11-21,3,Khaana bekaar aur thanda tha. Very clean and hygienic bathroom.,hinglish
Property H,TripAdvisor,2024-11-21,3,The food was delicious and the breakfast was fresh.,en
Property I,MakeMyTrip,2024-11-21,4,Very clean and hygienic bathroom.,en
Property K,MakeMyTrip,2024-11-21,3,"Booking me check-in slow tha, bekaar process. The room was spacious and comfortable with a warm heater.",hinglish
Property L,MakeMyTrip,2024-11-21,5,Very clean and hygienic bathroom. Kamra badhiya aur comfortable tha.,hinglish
Property L,GoogleMaps,2024-11-21,4,The room was spacious and comfortable with a warm heater. The staff were friendly and the reception was helpful.,en
Property H,TripAdvisor,2024-11-22,5,खाना बहुत बढ़िया था. Very clean and hygienic bathroom.,hi
Property I,TripAdvisor,2024-11-22,4,Great value for money and worth the price.,en
Property C,Booking,2024-11-23,4,Kamra badhiya aur comfortable tha.,hinglish
Property H,TripAdvisor,2024-11-23,2,"Location bekaar thi, market se door.",hinglish
Property J,Booking,2024-11-23,4,The location was great with a beautiful mountain view.,en
Property L,GoogleMaps,2024-11-23,4,The staff were friendly and the reception was helpful.,en
Property L,GoogleMaps,2024-11-23,4,The room was spacious and comfortable with a warm heater.,en
Property C,TripAdvisor,2024-11-24,4,The staff were friendly and the reception was helpful.,en
Property E,GoogleMaps,2024-11-24,2,"Kamre ka heater band tha, bahut thanda kamra.",hinglish
Property F,MakeMyTrip,2024-11-24,1,"Location bekaar thi, market se door.",hinglish
Property G,MakeMyTrip,2024-11-24,2,The location was poor and far from the market.,en
Property H,Booking,2024-11-24,4,Kamra badhiya aur comfortable tha. Khaana badhiya tha aur nashta bhi tasty.,hinglish
Property J,TripAdvisor,2024-11-24,4,The staff were friendly and the reception was helpful. The location was great with a beautiful mountain view.,en
Property K,GoogleMaps,2024-11-24,4,"Kamre ka heater band tha, bahut thanda kamra. Khaana badhiya tha aur nashta bhi tasty.",hinglish
Property K,GoogleMaps,2024-11-24,3,कमरे का हीटर खराब था. The food was delicious and the breakfast was fresh.,hi
Property K,MakeMyTrip,2024-11-24,4,Kamra badhiya aur comfortable tha.,hinglish
Property K,Booking,2024-11-24,1,"The bathroom was dirty and smelly, poor hygiene. The food was stale and cold, really disappointing.",en
Property L,GoogleMaps,2024-11-24,3,"Kamre ka heater band tha, bahut thanda kamra.",hinglish
Property B,TripAdvisor,2024-11-25,2,Very clean and hygienic bathroom. Khaana bekaar aur thanda tha.,hinglish
Property B,TripAdvisor,2024-11-25,1,"Overpriced and too expensive for what you get. Booking me check-in slow tha, bekaar process.",hinglish
Property D,MakeMyTrip,2024-11-25,2,The staff were rude and the manager was unhelpful. Khaana badhiya tha aur nashta bhi tasty.,hinglish
Property D,Booking,2024-11-25,2,Khaana bekaar aur thanda tha. The location was poor and far from the market.,hinglish
Property I,MakeMyTrip,2024-11-25,5,"Check-in fast tha, booking process accha.",hinglish
Property K,Booking,2024-11-25,3,बाथरूम गंदा था.,hi
Property K,GoogleMaps,2024-11-25,3,"Towels ganda the, room service bekaar.",hinglish
Property B,MakeMyTrip,2024-11-26,3,"The room was spacious and comfortable with a warm heater. Room service accha tha, towels clean the.",hinglish
Property B,TripAdvisor,2024-11-26,4,Khaana badhiya tha aur nashta bhi tasty.,hinglish
Property D,TripAdvisor,2024-11-26,2,"Housekeeping never changed the towels, poor service. खाना बेकार और ठंडा था.",hi
Property D,MakeMyTrip,2024-11-26,3,"Towels ganda the, room service bekaar. Location bekaar thi, market se door.",hinglish
Property E,MakeMyTrip,2024-11-26,4,The location was great with a beautiful mountain view.,en
Property G,GoogleMaps,2024-11-26,4,Khaana badhiya tha aur nashta bhi tasty. The staff were friendly and the reception was helpful.,hinglish
Property G,MakeMyTrip,2024-11-26,3,"Staff ka vyavhaar accha tha, reception helpful.",hinglish
Property I,Booking,2024-11-26,5,"Sasta aur accha, paisa vasool stay.",hinglish
Property I,MakeMyTrip,2024-11-26,4,"Mountain ka nazara shandar, location badhiya.",hinglish
Property L,TripAdvisor,2024-11-26,4,The staff were friendly and the reception was helpful.,en
Property C,Booking,2024-11-27,3,Khaana badhiya tha aur nashta bhi tasty.,hinglish
Property C,MakeMyTrip,2024-11-27,4,खाना बहुत बढ़िया था.,hi
Property C,TripAdvisor,2024-11-27,5,खाना बहुत बढ़िया था.,hi
Property E,Booking,2024-11-27,2,"Bathroom ganda tha, gandagi thi.",hinglish
Property E,GoogleMaps,2024-11-27,2,"The location was poor and far from the market. Kamre ka heater band tha, bahut thanda kamra.",hinglish
Property F,TripAdvisor,2024-11-27,5,"Bathroom ekdum saaf, safai badhiya.",hinglish
Property F,Booking,2024-11-27,4,"Bathroom ekdum saaf, safai badhiya. Kamra badhiya aur comfortable tha.",hinglish
Property G,TripAdvisor,2024-11-27,5,The food was delicious and the breakfast was fresh.,en
Property C,GoogleMaps,2024-12-01,1,Khaana bekaar aur thanda tha.,hinglish
Property D,GoogleMaps,2024-12-01,3,कमरे का हीटर खराब था.,hi
Property E,GoogleMaps,2024-12-01,2,The room heater was not working and it was freezing cold at night.,en
Property G,Booking,2024-12-01,2,"कमरे का हीटर खराब था. Bathroom ekdum saaf, safai badhiya.",hi
Property H,MakeMyTrip,2024-12-01,4,The staff were friendly and the reception was helpful. Khaana badhiya tha aur nashta bhi tasty.,hinglish
Property J,GoogleMaps,2024-12-01,3,कमरे का हीटर खराब था.,hi
Property B,MakeMyTrip,2024-12-02,4,खाना बहुत बढ़िया था.,hi
Property C,Booking,2024-12-02,5,"The check-in was quick and the booking was smooth, really good.",en
Property C,Booking,2024-12-02,3,"Bathroom ekdum saaf, safai badhiya. खाना बहुत बढ़िया था.",hi
Property D,GoogleMaps,2024-12-02,2,"Bahut mehenga tha, bilkul value nahi.",hinglish
Property E,MakeMyTrip,2024-12-02,3,"Reception staff ka vyavhaar bekaar tha. Kamre ka heater band tha, bahut thanda kamra.",hinglish
Property A,TripAdvisor,2024-12-03,2,The room heater was not working and it was freezing cold at night. Khaana badhiya tha aur nashta bhi tasty.,hinglish
Property A,MakeMyTrip,2024-12-03,3,कमरे का हीटर खराब था.,hi
Property C,Booking,2024-12-03,2,"Kamre ka heater band tha, bahut thanda kamra.",hinglish
Property C,Booking,2024-12-03,3,"Sasta aur accha, paisa vasool stay. The room heater was not working and it was freezing cold at night.",hinglish
Property C,MakeMyTrip,2024-12-03,4,"Staff ka vyavhaar accha tha, reception helpful. खाना बहुत बढ़िया था.",hi
Property D,GoogleMaps,2024-12-03,1,कमरे का हीटर खराब था.,hi
Property F,GoogleMaps,2024-12-03,4,The food was delicious and the breakfast was fresh. Reception staff ka vyavhaar bekaar tha.,hinglish
Property G,GoogleMaps,2024-12-03,3,"The food was delicious and the breakfast was fresh. Towels ganda the, room service bekaar.",hinglish
Property G,MakeMyTrip,2024-12-03,3,The room heater was not working and it was freezing cold at night.,en
Property I,Booking,2024-12-03,5,"Bathroom ekdum saaf, safai badhiya. Room service accha tha, towels clean the.",hinglish
Property I,TripAdvisor,2024-12-03,2,कमरे का हीटर खराब था.,hi
Property J,Booking,2024-12-03,1,"Kamre ka heater band tha, bahut thanda kamra.",hinglish
Property C,TripAdvisor,2024-12-04,3,The room heater was not working and it was freezing cold at night.,en
Property K,MakeMyTrip,2024-12-04,3,"The staff were friendly and the reception was helpful. The food was stale and cold, really disappointing.",en
Property A,Booking,2024-12-05,2,"Kamre ka heater band tha, bahut thanda kamra.",hinglish
Property B,Booking,2024-12-05,5,Very clean and hygienic bathroom.,en
Property B,TripAdvisor,2024-12-05,3,The location was great with a beautiful mountain view. Kamra badhiya aur comfortable tha.,hinglish
Property E,GoogleMaps,2024-12-05,4,"खाना बेकार और ठंडा था. Mountain ka nazara shandar, location badhiya.",hi
Property E,Booking,2024-12-05,2,"Bathroom ganda tha, gandagi thi.",hinglish
Property E,GoogleMaps,2024-12-05,1,"Kamre ka heater band tha, bahut thanda kamra.",hinglish
Property H,GoogleMaps,2024-12-05,3,"कमरे का हीटर खराब था. Bathroom ekdum saaf, safai badhiya.",hi
Property A,TripAdvisor,2024-12-06,3,"Bathroom ganda tha, gandagi thi. Check-in fast tha, booking process accha.",hinglish
Property A,GoogleMaps,2024-12-06,4,"Great value for money and worth the price. Bathroom ekdum saaf, safai badhiya.",hinglish
Property C,GoogleMaps,2024-12-06,5,"The check-in was quick and the booking was smooth, really good. खाना बहुत बढ़िया था.",hi
Property D,Booking,2024-12-06,3,"Location bekaar thi, market se door. Room service accha tha, towels clean the.",hinglish
Property D,GoogleMaps,2024-12-06,4,"The check-in was quick and the booking was smooth, really good.",en
Property D,Booking,2024-12-06,2,The room heater was not working and it was freezing cold at night.,en
Property E,Booking,2024-12-06,4,"Check-in fast tha, booking process accha.",hinglish
Property F,Booking,2024-12-06,2,"The room heater was not working and it was freezing cold at night. Bathroom ekdum saaf, safai badhiya.",hinglish
Property G,GoogleMaps,2024-12-06,4,"Sasta aur accha, paisa vasool stay.",hinglish
Property I,Booking,2024-12-06,3,The room heater was not working and it was freezing cold at night. Very clean and hygienic bathroom.,en
Property I,GoogleMaps,2024-12-06,2,खाना बेकार और ठंडा था.,hi
Property I,Booking,2024-12-06,2,The room heater was not working and it was freezing cold at night.,en
Property J,TripAdvisor,2024-12-06,1,"Kamre ka heater band tha, bahut thanda kamra. Bahut mehenga tha, bilkul value nahi.",hinglish
Property K,TripAdvisor,2024-12-06,3,"Kamre ka heater band tha, bahut thanda kamra.",hinglish
Property C,GoogleMaps,2024-12-07,3,"कमरे का हीटर खराब था. Bathroom ganda tha, gandagi thi.",hi
Property C,GoogleMaps,2024-12-07,4,"The location was great with a beautiful mountain view. Kamre ka heater band tha, bahut thanda kamra.",hinglish
Property D,Booking,2024-12-07,2,The room heater was not working and it was freezing cold at night.,en
Property F,TripAdvisor,2024-12-07,3,"Kamre ka heater band tha, bahut thanda kamra.",hinglish
Property G,TripAdvisor,2024-12-07,3,"Location bekaar thi, market se door. Room service accha tha, towels clean the.",hinglish
Property H,GoogleMaps,2024-12-07,4,"Mountain ka nazara shandar, location badhiya. खाना बेकार और ठंडा था.",hi
Property H,MakeMyTrip,2024-12-07,2,कमरे का हीटर खराब था.,hi
Property I,MakeMyTrip,2024-12-07,5,"Great value for money and worth the price. Staff ka vyavhaar accha tha, reception helpful.",hinglish
Property I,GoogleMaps,2024-12-07,4,"Room service accha tha, towels clean the. The staff were friendly and the reception was helpful.",hinglish
Property I,TripAdvisor,2024-12-07,2,Khaana bekaar aur thanda tha. The staff were rude and the manager was unhelpful.,hinglish
Property J,Booking,2024-12-07,2,"Kamre ka heater band tha, bahut thanda kamra.",hinglish
Property K,TripAdvisor,2024-12-07,2,"The check-in was slow and the booking was a problem. Bathroom ganda tha, gandagi thi.",hinglish
Property L,Booking,2024-12-07,3,"The check-in was slow and the booking was a problem. Sasta aur accha, paisa vasool stay.",hinglish
Property B,Booking,2024-12-08,3,"Kamre ka heater band tha, bahut thanda kamra.",hinglish
Property C,Booking,2024-12-08,3,Khaana badhiya tha aur nashta bhi tasty. The room heater was not working and it was freezing cold at night.,hinglish
Property C,TripAdvisor,2024-12-08,4,Great value for money and worth the price.,en
Property C,TripAdvisor,2024-12-08,1,The room heater was not working and it was freezing cold at night.,en
Property D,GoogleMaps,2024-12-08,2,"Bathroom ganda tha, gandagi thi. Khaana bekaar aur thanda tha.",hinglish
Property G,Booking,2024-12-08,3,"Kamre ka heater band tha, bahut thanda kamra.",hinglish
Property H,GoogleMaps,2024-12-08,5,The staff were friendly and the reception was helpful.,en
Property H,GoogleMaps,2024-12-08,2,"Kamre ka heater band tha, bahut thanda kamra.",hinglish
Property J,Booking,2024-12-08,3,"The bathroom was dirty and smelly, poor hygiene. खाना बेकार और ठंडा था.",hi
Property L,TripAdvisor,2024-12-08,4,"Bathroom ekdum saaf, safai badhiya. खाना बहुत बढ़िया था.",hi
Property L,GoogleMaps,2024-12-08,1,"Kamre ka heater band tha, bahut thanda kamra.",hinglish
Property L,TripAdvisor,2024-12-08,4,Housekeeping was prompt and the towels were fresh. Great value for money and worth the price.,en
Property A,GoogleMaps,2024-12-09,1,"Kamre ka heater band tha, bahut thanda kamra.",hinglish
Property B,GoogleMaps,2024-12-09,3,"Khaana badhiya tha aur nashta bhi tasty. Bahut mehenga tha, bilkul value nahi.",hinglish
Property B,GoogleMaps,2024-12-09,4,The food was delicious and the breakfast was fresh.,en
Property C,MakeMyTrip,2024-12-09,4,"The location was great with a beautiful mountain view. Staff ka vyavhaar accha tha, reception helpful.",hinglish
Property D,MakeMyTrip,2024-12-09,5,"Room service accha tha, towels clean the.",hinglish
Property F,Booking,2024-12-09,3,"Housekeeping was prompt and the towels were fresh. Location bekaar thi, market se door.",hinglish
Property F,GoogleMaps,2024-12-09,4,Very clean and hygienic bathroom.,en
Property F,MakeMyTrip,2024-12-09,2,The room heater was not working and it was freezing cold at night.,en
Property H,TripAdvisor,2024-12-09,3,Housekeeping was prompt and the towels were fresh.,en
Property I,TripAdvisor,2024-12-09,4,"Bathroom ekdum saaf, safai badhiya.",hinglish
Property J,Booking,2024-12-09,3,"The check-in was quick and the booking was smooth, really good. खाना बहुत बढ़िया था.",hi
Property L,TripAdvisor,2024-12-09,4,"The room heater was not working and it was freezing cold at night. Sasta aur accha, paisa vasool stay.",hinglish
Property L,TripAdvisor,2024-12-09,1,The room heater was not working and it was freezing cold at night.,en
Property L,TripAdvisor,2024-12-09,3,Great value for money and worth the price.,en
Property B,Booking,2024-12-10,3,The staff were rude and the manager was unhelpful. Housekeeping was prompt and the towels were fresh.,en
Property C,TripAdvisor,2024-12-10,3,"The food was delicious and the breakfast was fresh. Bathroom ekdum saaf, safai badhiya.",hinglish
Property C,Booking,2024-12-10,2,"Kamre ka heater band tha, bahut thanda kamra.",hinglish
Property D,Booking,2024-12-10,1,The room heater was not working and it was freezing cold at night.,en
Property E,Booking,2024-12-10,3,"Housekeeping was prompt and the towels were fresh. Mountain ka nazara shandar, location badhiya.",hinglish
Property E,GoogleMaps,2024-12-10,2,बाथरूम गंदा था.,hi
Property H,MakeMyTrip,2024-12-10,5,The staff were friendly and the reception was helpful.,en
Property K,GoogleMaps,2024-12-10,1,The room heater was not working and it was freezing cold at night.,en
Property K,MakeMyTrip,2024-12-10,2,कमरे का हीटर खराब था.,hi
Property A,GoogleMaps,2024-12-11,3,Very clean and hygienic bathroom. The food was delicious and the breakfast was fresh.,en
Property C,Booking,2024-12-11,4,"Housekeeping never changed the towels, poor service. Check-in fast tha, booking process accha.",hinglish
Property D,MakeMyTrip,2024-12-11,4,"Room service accha tha, towels clean the.",hinglish
Property E,TripAdvisor,2024-12-11,4,Housekeeping was prompt and the towels were fresh.,en
Property H,MakeMyTrip,2024-12-11,3,"Kamre ka heater band tha, bahut thanda kamra.",hinglish
Property I,TripAdvisor,2024-12-11,3,The room heater was not working and it was freezing cold at night.,en
Property J,TripAdvisor,2024-12-11,2,The staff were rude and the manager was unhelpful. The check-in was slow and the booking was a problem.,en
Property A,MakeMyTrip,2024-12-12,2,"Kamre ka heater band tha, bahut thanda kamra. The food was delicious and the breakfast was fresh.",hinglish
Property A,Booking,2024-12-12,2,कमरे का हीटर खराब था.,hi
Property C,Booking,2024-12-12,2,The location was poor and far from the market.,en
Property E,GoogleMaps,2024-12-12,2,The room heater was not working and it was freezing cold at night.,en
Property H,TripAdvisor,2024-12-12,1,कमरे का हीटर खराब था.,hi
Property I,TripAdvisor,2024-12-12,3,The room heater was not working and it was freezing cold at night.,en
Property J,TripAdvisor,2024-12-12,3,"Kamre ka heater band tha, bahut thanda kamra. The food was delicious and the breakfast was fresh.",hinglish
Property K,MakeMyTrip,2024-12-12,4,Very clean and hygienic bathroom.,en
Property L,MakeMyTrip,2024-12-12,4,"Bathroom ekdum saaf, safai badhiya.",hinglish
Property A,MakeMyTrip,2024-12-13,5,"Bathroom ekdum saaf, safai badhiya.",hinglish
Property A,Booking,2024-12-13,1,The room heater was not working and it was freezing cold at night.,en
Property B,GoogleMaps,2024-12-13,3,The room heater was not working and it was freezing cold at night.,en
Property D,GoogleMaps,2024-12-13,1,Khaana bekaar aur thanda tha.,hinglish
Property H,GoogleMaps,2024-12-13,1,"Kamre ka heater band tha, bahut thanda kamra.",hinglish
Property I,MakeMyTrip,2024-12-13,3,"Kamre ka heater band tha, bahut thanda kamra.",hinglish
Property K,Booking,2024-12-13,2,"Bathroom ganda tha, gandagi thi.",hinglish
Property K,Booking,2024-12-13,3,कमरे का हीटर खराब था.,hi
Property L,GoogleMaps,2024-12-13,5,खाना बहुत बढ़िया था.,hi
Property C,Booking,2024-12-14,2,The room heater was not working and it was freezing cold at night.,en
Property D,GoogleMaps,2024-12-14,3,"Kamra badhiya aur comfortable tha. Staff ka vyavhaar accha tha, reception helpful.",hinglish
Property F,MakeMyTrip,2024-12-14,2,कमरे का हीटर खराब था.,hi
Property H,MakeMyTrip,2024-12-14,4,"Mountain ka nazara shandar, location badhiya.",hinglish
Property I,MakeMyTrip,2024-12-14,3,कमरे का हीटर खराब था.,hi
Property J,GoogleMaps,2024-12-14,1,The room heater was not working and it was freezing cold at night.,en
Property K,Booking,2024-12-14,2,"Kamre ka heater band tha, bahut thanda kamra.",hinglish
Property B,Booking,2024-12-15,4,"Mountain ka nazara shandar, location badhiya. The staff were friendly and the reception was helpful.",hinglish
Property D,GoogleMaps,2024-12-15,4,The staff were friendly and the reception was helpful.,en
Property D,GoogleMaps,2024-12-15,1,The room heater was not working and it was freezing cold at night.,en
Property E,Booking,2024-12-15,2,"The staff were friendly and the reception was helpful. Kamre ka heater band tha, bahut thanda kamra.",hinglish
Property F,MakeMyTrip,2024-12-15,2,Reception staff ka vyavhaar bekaar tha.,hinglish
Property F,Booking,2024-12-15,1,कमरे का हीटर खराब था.,hi
Property G,MakeMyTrip,2024-12-15,2,The room heater was not working and it was freezing cold at night.,en
Property G,GoogleMaps,2024-12-15,3,"Kamre ka heater band tha, bahut thanda kamra.",hinglish
Property H,MakeMyTrip,2024-12-15,5,Very clean and hygienic bathroom.,en
Property K,GoogleMaps,2024-12-15,2,The staff were rude and the manager was unhelpful. The food was delicious and the breakfast was fresh.,en
Property K,TripAdvisor,2024-12-15,2,खाना बेकार और ठंडा था. कमरे का हीटर खराब था.,hi
Property A,GoogleMaps,2024-12-16,4,"Staff ka vyavhaar accha tha, reception helpful. Check-in fast tha, booking process accha.",hinglish
Property A,Booking,2024-12-16,2,The room heater was not working and it was freezing cold at night.,en
Property B,Booking,2024-12-16,1,The room heater was not working and it was freezing cold at night.,en
Property E,GoogleMaps,2024-12-16,3,Overpriced and too expensive for what you get. कमरे का हीटर खराब था.,hi
Property F,GoogleMaps,2024-12-16,1,"Kamre ka heater band tha, bahut thanda kamra.",hinglish
Property H,Booking,2024-12-16,4,"Bathroom ekdum saaf, safai badhiya.",hinglish
Property J,Booking,2024-12-16,2,"The food was stale and cold, really disappointing.",en
Property L,TripAdvisor,2024-12-16,4,The food was delicious and the breakfast was fresh. Great value for money and worth the price.,en
Property L,GoogleMaps,2024-12-16,3,"Kamre ka heater band tha, bahut thanda kamra.",hinglish
Property B,Booking,2024-12-17,2,The check-in was slow and the booking was a problem.,en
Property B,Booking,2024-12-17,2,The room heater was not working and it was freezing cold at night.,en
Property C,TripAdvisor,2024-12-17,4,The staff were friendly and the reception was helpful.,en
Property D,Booking,2024-12-17,3,"Kamre ka heater band tha, bahut thanda kamra.",hinglish
Property F,TripAdvisor,2024-12-17,2,"The staff were friendly and the reception was helpful. Kamre ka heater band tha, bahut thanda kamra.",hinglish
Property G,Booking,2024-12-17,4,Housekeeping was prompt and the towels were fresh. The staff were friendly and the reception was helpful.,en
Property I,GoogleMaps,2024-12-17,4,"Sasta aur accha, paisa vasool stay.",hinglish
Property J,TripAdvisor,2024-12-17,1,"Housekeeping never changed the towels, poor service.",en
Property L,Booking,2024-12-17,3,कमरे का हीटर खराब था. The staff were friendly and the reception was helpful.,hi
Property L,GoogleMaps,2024-12-17,2,The room heater was not working and it was freezing cold at night.,en
Property A,Booking,2024-12-18,3,"Check-in fast tha, booking process accha.",hinglish
Property A,MakeMyTrip,2024-12-18,2,कमरे का हीटर खराब था.,hi
Property B,GoogleMaps,2024-12-18,2,"Location bekaar thi, market se door.",hinglish
Property B,TripAdvisor,2024-12-18,1,"Location bekaar thi, market se door.",hinglish
Property B,TripAdvisor,2024-12-18,4,"Staff ka vyavhaar accha tha, reception helpful.",hinglish
Property C,MakeMyTrip,2024-12-18,2,"Kamre ka heater band tha, bahut thanda kamra.",hinglish
Property E,Booking,2024-12-18,1,"Bahut mehenga tha, bilkul value nahi.",hinglish
Property E,TripAdvisor,2024-12-18,2,कमरे का हीटर खराब था.,hi
Property E,TripAdvisor,2024-12-18,1,The room heater was not working and it was freezing cold at night.,en
Property G,TripAdvisor,2024-12-18,1,खाना बेकार और ठंडा था.,hi
Property H,Booking,2024-12-18,5,The food was delicious and the breakfast was fresh.,en
Property K,MakeMyTrip,2024-12-18,2,"Bahut mehenga tha, bilkul value nahi. कमरे का हीटर खराब था.",hi
Property L,MakeMyTrip,2024-12-18,4,Very clean and hygienic bathroom.,en
Property B,MakeMyTrip,2024-12-19,5,Housekeeping was prompt and the towels were fresh.,en
Property B,Booking,2024-12-19,1,कमरे का हीटर खराब था.,hi
Property E,GoogleMaps,2024-12-19,4,The location was great with a beautiful mountain view. Khaana badhiya tha aur nashta bhi tasty.,hinglish
Property F,MakeMyTrip,2024-12-19,3,"Mountain ka nazara shandar, location badhiya. Bahut mehenga tha, bilkul value nahi.",hinglish
Property H,TripAdvisor,2024-12-19,3,The room heater was not working and it was freezing cold at night. Overpriced and too expensive for what you get.,en
Property H,MakeMyTrip,2024-12-19,4,The location was great with a beautiful mountain view. The room heater was not working and it was freezing cold at night.,en
Property J,GoogleMaps,2024-12-19,3,कमरे का हीटर खराब था.,hi
Property L,GoogleMaps,2024-12-19,3,"Bathroom ekdum saaf, safai badhiya.",hinglish
Property A,GoogleMaps,2024-12-20,3,Great value for money and worth the price. The staff were rude and the manager was unhelpful.,en
Property B,Booking,2024-12-20,4,"Sasta aur accha, paisa vasool stay. Staff ka vyavhaar accha tha, reception helpful.",hinglish
Property B,GoogleMaps,2024-12-20,2,The staff were rude and the manager was unhelpful. कमरे का हीटर खराब था.,hi
Property C,MakeMyTrip,2024-12-20,4,"Mountain ka nazara shandar, location badhiya.",hinglish
Property E,TripAdvisor,2024-12-20,3,खाना बहुत बढ़िया था. The location was poor and far from the market.,hi
Property E,GoogleMaps,2024-12-20,1,"Kamre ka heater band tha, bahut thanda kamra.",hinglish
Property G,TripAdvisor,2024-12-20,4,"Staff ka vyavhaar accha tha, reception helpful.",hinglish
Property J,GoogleMaps,2024-12-20,4,"Staff ka vyavhaar accha tha, reception helpful. Kamra badhiya aur comfortable tha.",hinglish
Property K,TripAdvisor,2024-12-20,3,"Mountain ka nazara shandar, location badhiya. The room heater was not working and it was freezing cold at night.",hinglish
Property L,Booking,2024-12-20,2,"Booking me check-in slow tha, bekaar process. The food was delicious and the breakfast was fresh.",hinglish
Property L,MakeMyTrip,2024-12-20,4,खाना बहुत बढ़िया था.,hi
Property A,MakeMyTrip,2024-12-21,3,"The location was great with a beautiful mountain view. The food was stale and cold, really disappointing.",en
Property B,MakeMyTrip,2024-12-21,2,"Bahut mehenga tha, bilkul value nahi. Staff ka vyavhaar accha tha, reception helpful.",hinglish
Property B,Booking,2024-12-21,5,"Room service accha tha, towels clean the. Kamra badhiya aur comfortable tha.",hinglish
Property E,TripAdvisor,2024-12-21,2,कमरे का हीटर खराब था. खाना बहुत बढ़िया था.,hi
Property G,Booking,2024-12-21,4,"Check-in fast tha, booking process accha.",hinglish
Property H,TripAdvisor,2024-12-21,3,"Bathroom ganda tha, gandagi thi. The staff were friendly and the reception was helpful.",hinglish
Property I,TripAdvisor,2024-12-21,2,"खाना बहुत बढ़िया था. Housekeeping never changed the towels, poor service.",hi
Property I,GoogleMaps,2024-12-21,4,The staff were friendly and the reception was helpful. The room heater was not working and it was freezing cold at night.,en
Property I,TripAdvisor,2024-12-21,2,Khaana badhiya tha aur nashta bhi tasty. Reception staff ka vyavhaar bekaar tha.,hinglish
Property J,Booking,2024-12-21,4,"Sasta aur accha, paisa vasool stay. Housekeeping was prompt and the towels were fresh.",hinglish
Property K,TripAdvisor,2024-12-21,3,"Check-in fast tha, booking process accha.",hinglish
Property K,GoogleMaps,2024-12-21,4,Overpriced and too expensive for what you get. Khaana badhiya tha aur nashta bhi tasty.,hinglish
Property L,GoogleMaps,2024-12-21,2,The room heater was not working and it was freezing cold at night.,en
Property L,TripAdvisor,2024-12-21,3,The room heater was not working and it was freezing cold at night.,en
Property L,GoogleMaps,2024-12-21,2,"Kamre ka heater band tha, bahut thanda kamra.",hinglish
Property A,GoogleMaps,2024-12-22,3,"Booking me check-in slow tha, bekaar process.",hinglish
Property B,TripAdvisor,2024-12-22,2,"The food was stale and cold, really disappointing.",en
Property F,TripAdvisor,2024-12-22,2,Overpriced and too expensive for what you get.,en
Property G,MakeMyTrip,2024-12-22,5,Khaana badhiya tha aur nashta bhi tasty.,hinglish
Property H,Booking,2024-12-22,2,कमरे का हीटर खराब था.,hi
Property A,TripAdvisor,2024-12-23,3,The staff were friendly and the reception was helpful. The room heater was not working and it was freezing cold at night.,en
Property D,MakeMyTrip,2024-12-23,3,The location was great with a beautiful mountain view.,en
Property D,TripAdvisor,2024-12-23,3,कमरे का हीटर खराब था.,hi
Property E,GoogleMaps,2024-12-23,1,The room heater was not working and it was freezing cold at night.,en
Property E,GoogleMaps,2024-12-23,3,"Overpriced and too expensive for what you get. Check-in fast tha, booking process accha.",hinglish
Property G,Booking,2024-12-23,4,"The check-in was quick and the booking was smooth, really good.",en
Property H,TripAdvisor,2024-12-23,5,"Mountain ka nazara shandar, location badhiya.",hinglish
Property J,MakeMyTrip,2024-12-23,1,खाना बेकार और ठंडा था.,hi
Property J,Booking,2024-12-23,1,कमरे का हीटर खराब था.,hi
Property L,Booking,2024-12-23,4,The food was delicious and the breakfast was fresh.,en
Property D,Booking,2024-12-24,3,"The location was great with a beautiful mountain view. Room service accha tha, towels clean the.",hinglish
Property D,TripAdvisor,2024-12-24,3,"Bathroom ekdum saaf, safai badhiya.",hinglish
Property D,Booking,2024-12-24,3,"Kamre ka heater band tha, bahut thanda kamra.",hinglish
Property E,Booking,2024-12-24,3,"Housekeeping never changed the towels, poor service. The room was spacious and comfortable with a warm heater.",en
Property F,Booking,2024-12-24,5,"Staff ka vyavhaar accha tha, reception helpful.",hinglish
Property G,MakeMyTrip,2024-12-24,2,"The room heater was not working and it was freezing cold at night. Bathroom ekdum saaf, safai badhiya.",hinglish
Property G,GoogleMaps,2024-12-24,1,"Kamre ka heater band tha, bahut thanda kamra.",hinglish
Property J,MakeMyTrip,2024-12-24,3,"The location was great with a beautiful mountain view. Bathroom ganda tha, gandagi thi.",hinglish
Property E,TripAdvisor,2024-12-25,4,The location was great with a beautiful mountain view.,en
Property F,GoogleMaps,2024-12-25,4,Khaana badhiya tha aur nashta bhi tasty.,hinglish
Property F,MakeMyTrip,2024-12-25,3,"Kamre ka heater band tha, bahut thanda kamra.",hinglish
Property G,MakeMyTrip,2024-12-25,4,खाना बहुत बढ़िया था. कमरे का हीटर खराब था.,hi
Property G,GoogleMaps,2024-12-25,3,"Bathroom ekdum saaf, safai badhiya. Housekeeping never changed the towels, poor service.",hinglish
Property I,GoogleMaps,2024-12-25,3,"Bathroom ganda tha, gandagi thi. खाना बहुत बढ़िया था.",hi
Property J,Booking,2024-12-25,3,"Kamre ka heater band tha, bahut thanda kamra. Sasta aur accha, paisa vasool stay.",hinglish
Property K,MakeMyTrip,2024-12-25,5,Khaana badhiya tha aur nashta bhi tasty.,hinglish
Property K,Booking,2024-12-25,2,"Bathroom ganda tha, gandagi thi.",hinglish
Property K,Booking,2024-12-25,2,"Kamre ka heater band tha, bahut thanda kamra.",hinglish
Property L,TripAdvisor,2024-12-25,5,"The food was delicious and the breakfast was fresh. Mountain ka nazara shandar, location badhiya.",hinglish
Property B,TripAdvisor,2024-12-26,2,"Kamre ka heater band tha, bahut thanda kamra. The location was poor and far from the market.",hinglish
Property B,GoogleMaps,2024-12-26,3,Very clean and hygienic bathroom. The room heater was not working and it was freezing cold at night.,en
Property B,Booking,2024-12-26,2,The room heater was not working and it was freezing cold at night.,en
Property D,TripAdvisor,2024-12-26,2,"Staff ka vyavhaar accha tha, reception helpful. The location was poor and far from the market.",hinglish
Property E,Booking,2024-12-26,3,बाथरूम गंदा था. The staff were friendly and the reception was helpful.,hi
Property F,TripAdvisor,2024-12-26,5,खाना बहुत बढ़िया था.,hi
Property G,GoogleMaps,2024-12-26,5,The room was spacious and comfortable with a warm heater.,en
Property J,MakeMyTrip,2024-12-26,3,"Kamra badhiya aur comfortable tha. Staff ka vyavhaar accha tha, reception helpful.",hinglish
Property J,GoogleMaps,2024-12-26,4,"The check-in was quick and the booking was smooth, really good. The location was great with a beautiful mountain view.",en
Property C,GoogleMaps,2024-12-27,5,खाना बहुत बढ़िया था.,hi
Property E,MakeMyTrip,2024-12-27,5,The room was spacious and comfortable with a warm heater.,en
Property E,MakeMyTrip,2024-12-27,2,The room heater was not working and it was freezing cold at night.,en
Property F,Booking,2024-12-27,2,"Kamre ka heater band tha, bahut thanda kamra.",hinglish
Property F,TripAdvisor,2024-12-27,4,"The check-in was quick and the booking was smooth, really good.",en
Property H,TripAdvisor,2024-12-27,4,"Staff ka vyavhaar accha tha, reception helpful.",hinglish
Property I,Booking,2024-12-27,2,Reception staff ka vyavhaar bekaar tha. Khaana badhiya tha aur nashta bhi tasty.,hinglish
Property K,Booking,2024-12-27,2,Overpriced and too expensive for what you get.,en
Property K,TripAdvisor,2024-12-27,3,The food was delicious and the breakfast was fresh.,en
Property L,GoogleMaps,2024-12-27,4,"Staff ka vyavhaar accha tha, reception helpful.",hinglish
Property A,MakeMyTrip,2025-01-01,4,"खाना बेकार और ठंडा था. The check-in was quick and the booking was smooth, really good.",hi
Property C,Booking,2025-01-01,4,"Bathroom ganda tha, gandagi thi. The food was delicious and the breakfast was fresh.",hinglish
Property D,TripAdvisor,2025-01-01,4,"Check-in fast tha, booking process accha. The room was spacious and comfortable with a warm heater.",hinglish
Property E,MakeMyTrip,2025-01-01,4,Khaana badhiya tha aur nashta bhi tasty. The location was great with a beautiful mountain view.,hinglish
Property H,TripAdvisor,2025-01-01,5,"Khaana badhiya tha aur nashta bhi tasty. Room service accha tha, towels clean the.",hinglish
Property J,MakeMyTrip,2025-01-01,2,"कमरे का हीटर खराब था. Location bekaar thi, market se door.",hi
Property J,GoogleMaps,2025-01-01,4,"Sasta aur accha, paisa vasool stay. The location was great with a beautiful mountain view.",hinglish
Property A,MakeMyTrip,2025-01-02,1,The room heater was not working and it was freezing cold at night.,en
Property C,TripAdvisor,2025-01-02,3,"Housekeeping never changed the towels, poor service. Kamra badhiya aur comfortable tha.",hinglish
Property C,Booking,2025-01-02,3,The staff were friendly and the reception was helpful.,en
Property F,Booking,2025-01-02,4,Kamra badhiya aur comfortable tha. The location was poor and far from the market.,hinglish
Property F,Booking,2025-01-02,4,The food was delicious and the breakfast was fresh.,en
Property G,Booking,2025-01-02,1,"Booking me check-in slow tha, bekaar process.",hinglish
Property G,TripAdvisor,2025-01-02,5,"Check-in fast tha, booking process accha. The room was spacious and comfortable with a warm heater.",hinglish
Property H,MakeMyTrip,2025-01-02,4,The location was great with a beautiful mountain view.,en
Property I,TripAdvisor,2025-01-02,3,Kamra badhiya aur comfortable tha. The staff were rude and the manager was unhelpful.,hinglish
Property I,MakeMyTrip,2025-01-02,4,"Staff ka vyavhaar accha tha, reception helpful.",hinglish
Property J,GoogleMaps,2025-01-02,4,"Staff ka vyavhaar accha tha, reception helpful. The room heater was not working and it was freezing cold at night.",hinglish
Property E,GoogleMaps,2025-01-03,4,Kamra badhiya aur comfortable tha. The location was great with a beautiful mountain view.,hinglish
Property F,MakeMyTrip,2025-01-03,3,"Khaana badhiya tha aur nashta bhi tasty. Mountain ka nazara shandar, location badhiya.",hinglish
Property F,GoogleMaps,2025-01-03,4,"Bathroom ekdum saaf, safai badhiya.",hinglish
Property G,MakeMyTrip,2025-01-03,2,"The bathroom was dirty and smelly, poor hygiene.",en
Property H,TripAdvisor,2025-01-03,2,Reception staff ka vyavhaar bekaar tha. Overpriced and too expensive for what you get.,hinglish
Property L,TripAdvisor,2025-01-03,5,The room was spacious and comfortable with a warm heater.,en
Property B,MakeMyTrip,2025-01-04,4,Kamra badhiya aur comfortable tha.,hinglish
Property E,TripAdvisor,2025-01-04,5,"Bathroom ekdum saaf, safai badhiya. The staff were friendly and the reception was helpful.",hinglish
Property F,TripAdvisor,2025-01-04,4,"Room service accha tha, towels clean the.",hinglish
Property G,Booking,2025-01-04,3,Kamra badhiya aur comfortable tha. खाना बहुत बढ़िया था.,hi
Property L,MakeMyTrip,2025-01-04,3,"Reception staff ka vyavhaar bekaar tha. Mountain ka nazara shandar, location badhiya.",hinglish
Property L,TripAdvisor,2025-01-04,4,Khaana badhiya tha aur nashta bhi tasty.,hinglish
Property C,Booking,2025-01-05,3,Kamra badhiya aur comfortable tha.,hinglish
Property D,Booking,2025-01-05,2,Overpriced and too expensive for what you get.,en
Property D,TripAdvisor,2025-01-05,3,"Great value for money and worth the price. Location bekaar thi, market se door.",hinglish
Property D,Booking,2025-01-05,3,खाना बेकार और ठंडा था.,hi
Property E,MakeMyTrip,2025-01-05,3,"Sasta aur accha, paisa vasool stay. Staff ka vyavhaar accha tha, reception helpful.",hinglish
Property E,GoogleMaps,2025-01-05,3,The staff were rude and the manager was unhelpful.,en
Property F,MakeMyTrip,2025-01-05,3,"The staff were rude and the manager was unhelpful. Check-in fast tha, booking process accha.",hinglish
Property G,MakeMyTrip,2025-01-05,5,"खाना बहुत बढ़िया था. Check-in fast tha, booking process accha.",hi
Property H,Booking,2025-01-05,5,The room was spacious and comfortable with a warm heater.,en
Property A,GoogleMaps,2025-01-06,4,"Room service accha tha, towels clean the.",hinglish
Property D,TripAdvisor,2025-01-06,3,"Staff ka vyavhaar accha tha, reception helpful.",hinglish
Property E,GoogleMaps,2025-01-06,3,"खाना बहुत बढ़िया था. Housekeeping never changed the towels, poor service.",hi
Property F,GoogleMaps,2025-01-06,5,"Bathroom ekdum saaf, safai badhiya.",hinglish
Property F,Booking,2025-01-06,2,खाना बेकार और ठंडा था.,hi
Property F,Booking,2025-01-06,3,"The room was spacious and comfortable with a warm heater. Bahut mehenga tha, bilkul value nahi.",hinglish
Property G,MakeMyTrip,2025-01-06,3,"Towels ganda the, room service bekaar.",hinglish
Property G,Booking,2025-01-06,4,The location was great with a beautiful mountain view. Kamra badhiya aur comfortable tha.,hinglish
Property I,MakeMyTrip,2025-01-06,2,कमरे का हीटर खराब था. The location was great with a beautiful mountain view.,hi
Property I,Booking,2025-01-06,5,The room was spacious and comfortable with a warm heater. The staff were friendly and the reception was helpful.,en
Property I,GoogleMaps,2025-01-06,2,The staff were rude and the manager was unhelpful.,en
Property J,TripAdvisor,2025-01-06,3,खाना बहुत बढ़िया था.,hi
Property J,GoogleMaps,2025-01-06,1,"Kamre ka heater band tha, bahut thanda kamra.",hinglish
Property J,Booking,2025-01-06,1,"Bahut mehenga tha, bilkul value nahi.",hinglish
Property K,Booking,2025-01-06,3,"The food was stale and cold, really disappointing.",en
Property K,TripAdvisor,2025-01-06,2,"Kamra badhiya aur comfortable tha. Bathroom ganda tha, gandagi thi.",hinglish
Property A,MakeMyTrip,2025-01-07,2,Reception staff ka vyavhaar bekaar tha.,hinglish
Property B,TripAdvisor,2025-01-07,1,"Towels ganda the, room service bekaar.",hinglish
Property B,TripAdvisor,2025-01-07,4,"Staff ka vyavhaar accha tha, reception helpful.",hinglish
Property D,GoogleMaps,2025-01-07,1,खाना बेकार और ठंडा था.,hi
Property G,MakeMyTrip,2025-01-07,5,The room was spacious and comfortable with a warm heater.,en
Property H,GoogleMaps,2025-01-07,3,"Staff ka vyavhaar accha tha, reception helpful. Very clean and hygienic bathroom.",hinglish
Property H,GoogleMaps,2025-01-07,3,Khaana badhiya tha aur nashta bhi tasty. Great value for money and worth the price.,hinglish
Property J,Booking,2025-01-07,3,"Location bekaar thi, market se door. Khaana badhiya tha aur nashta bhi tasty.",hinglish
Property L,GoogleMaps,2025-01-07,4,Very clean and hygienic bathroom.,en
Property A,Booking,2025-01-08,4,"Room service accha tha, towels clean the. Kamra badhiya aur comfortable tha.",hinglish
Property B,GoogleMaps,2025-01-08,5,Very clean and hygienic bathroom.,en
Property D,TripAdvisor,2025-01-08,3,"Housekeeping never changed the towels, poor service.",en
Property H,TripAdvisor,2025-01-08,3,"Sasta aur accha, paisa vasool stay. The food was stale and cold, really disappointing.",hinglish
Property I,TripAdvisor,2025-01-08,3,"कमरे का हीटर खराब था. Room service accha tha, towels clean the.",hi
Property I,MakeMyTrip,2025-01-08,5,"Staff ka vyavhaar accha tha, reception helpful.",hinglish
Property K,TripAdvisor,2025-01-08,3,"Staff ka vyavhaar accha tha, reception helpful. The check-in was slow and the booking was a problem.",hinglish
Property D,Booking,2025-01-09,3,The staff were rude and the manager was unhelpful.,en
Property D,MakeMyTrip,2025-01-09,1,Overpriced and too expensive for what you get.,en
Property I,MakeMyTrip,2025-01-09,4,Overpriced and too expensive for what you get. The room was spacious and comfortable with a warm heater.,en
Property B,TripAdvisor,2025-01-10,4,The staff were friendly and the reception was helpful.,en
Property C,TripAdvisor,2025-01-10,2,"Great value for money and worth the price. The food was stale and cold, really disappointing.",en
Property D,Booking,2025-01-10,3,"The food was stale and cold, really disappointing. Kamra badhiya aur comfortable tha.",hinglish
Property E,Booking,2025-01-10,2,बाथरूम गंदा था. खाना बहुत बढ़िया था.,hi
Property E,Booking,2025-01-10,3,The room heater was not working and it was freezing cold at night. Khaana badhiya tha aur nashta bhi tasty.,hinglish
Property G,GoogleMaps,2025-01-10,3,Great value for money and worth the price. Kamra badhiya aur comfortable tha.,hinglish
Property A,MakeMyTrip,2025-01-11,2,"Staff ka vyavhaar accha tha, reception helpful. Location bekaar thi, market se door.",hinglish
Property D,GoogleMaps,2025-01-11,3,The room was spacious and comfortable with a warm heater.,en
Property E,TripAdvisor,2025-01-11,2,खाना बेकार और ठंडा था.,hi
Property F,Booking,2025-01-11,1,"The food was stale and cold, really disappointing. Reception staff ka vyavhaar bekaar tha.",hinglish
Property H,GoogleMaps,2025-01-11,1,कमरे का हीटर खराब था.,hi
Property K,TripAdvisor,2025-01-11,2,"The bathroom was dirty and smelly, poor hygiene. Kamre ka heater band tha, bahut thanda kamra.",hinglish
Property K,Booking,2025-01-11,2,कमरे का हीटर खराब था.,hi
Property L,Booking,2025-01-11,3,"Sasta aur accha, paisa vasool stay. Kamra badhiya aur comfortable tha.",hinglish
Property B,TripAdvisor,2025-01-12,3,"Mountain ka nazara shandar, location badhiya. The room was spacious and comfortable with a warm heater.",hinglish
Property D,MakeMyTrip,2025-01-12,2,Khaana bekaar aur thanda tha. Kamra badhiya aur comfortable tha.,hinglish
Property E,GoogleMaps,2025-01-12,1,"The bathroom was dirty and smelly, poor hygiene. कमरे का हीटर खराब था.",hi
Property H,Booking,2025-01-12,3,Housekeeping was prompt and the towels were fresh. The check-in was slow and the booking was a problem.,en
Property H,GoogleMaps,2025-01-12,3,खाना बहुत बढ़िया था. Great value for money and worth the price.,hi
Property I,TripAdvisor,2025-01-12,5,Great value for money and worth the price.,en
Property I,Booking,2025-01-12,3,"Sasta aur accha, paisa vasool stay.",hinglish
Property I,Booking,2025-01-12,4,The room was spacious and comfortable with a warm heater.,en
Property K,GoogleMaps,2025-01-12,4,"Bathroom ekdum saaf, safai badhiya. Kamra badhiya aur comfortable tha.",hinglish
Property L,GoogleMaps,2025-01-12,5,Great value for money and worth the price.,en
Property B,TripAdvisor,2025-01-13,4,"Mountain ka nazara shandar, location badhiya. Reception staff ka vyavhaar bekaar tha.",hinglish
Property D,GoogleMaps,2025-01-13,4,"Kamra badhiya aur comfortable tha. Staff ka vyavhaar accha tha, reception helpful.",hinglish
Property E,GoogleMaps,2025-01-13,2,Overpriced and too expensive for what you get.,en
Property H,Booking,2025-01-13,1,बाथरूम गंदा था.,hi
Property H,TripAdvisor,2025-01-13,4,Housekeeping was prompt and the towels were fresh. The food was delicious and the breakfast was fresh.,en
Property K,GoogleMaps,2025-01-13,5,खाना बहुत बढ़िया था. Very clean and hygienic bathroom.,hi
Property L,MakeMyTrip,2025-01-13,3,"Great value for money and worth the price. Check-in fast tha, booking process accha.",hinglish
Property C,GoogleMaps,2025-01-14,4,Housekeeping was prompt and the towels were fresh. Kamra badhiya aur comfortable tha.,hinglish
Property C,MakeMyTrip,2025-01-14,4,"The room was spacious and comfortable with a warm heater. Towels ganda the, room service bekaar.",hinglish
Property C,MakeMyTrip,2025-01-14,2,कमरे का हीटर खराब था.,hi
Property C,TripAdvisor,2025-01-14,5,"Check-in fast tha, booking process accha.",hinglish
Property E,TripAdvisor,2025-01-14,4,"Sasta aur accha, paisa vasool stay.",hinglish
Property E,Booking,2025-01-14,3,The room was spacious and comfortable with a warm heater.,en
Property J,Booking,2025-01-14,4,Kamra badhiya aur comfortable tha.,hinglish
Property K,Booking,2025-01-14,3,Kamra badhiya aur comfortable tha. The food was delicious and the breakfast was fresh.,hinglish
Property L,TripAdvisor,2025-01-14,1,"Booking me check-in slow tha, bekaar process.",hinglish
Property L,TripAdvisor,2025-01-14,3,The room was spacious and comfortable with a warm heater.,en
Property A,MakeMyTrip,2025-01-15,4,Housekeeping was prompt and the towels were fresh.,en
Property A,TripAdvisor,2025-01-15,2,खाना बेकार और ठंडा था.,hi
Property B,GoogleMaps,2025-01-15,4,"Bathroom ekdum saaf, safai badhiya. Staff ka vyavhaar accha tha, reception helpful.",hinglish
Property D,TripAdvisor,2025-01-15,2,"Towels ganda the, room service bekaar. Location bekaar thi, market se door.",hinglish
Property E,Booking,2025-01-15,4,"Room service accha tha, towels clean the. Kamra badhiya aur comfortable tha.",hinglish
Property E,MakeMyTrip,2025-01-15,3,Reception staff ka vyavhaar bekaar tha.,hinglish
Property F,Booking,2025-01-15,1,"Bathroom ganda tha, gandagi thi.",hinglish
Property J,MakeMyTrip,2025-01-15,3,"Housekeeping never changed the towels, poor service. Mountain ka nazara shandar, location badhiya.",hinglish
Property J,MakeMyTrip,2025-01-15,5,"Kamra badhiya aur comfortable tha. Mountain ka nazara shandar, location badhiya.",hinglish
Property K,TripAdvisor,2025-01-15,3,Very clean and hygienic bathroom. The food was delicious and the breakfast was fresh.,en
Property L,TripAdvisor,2025-01-15,4,The staff were friendly and the reception was helpful.,en
Property A,MakeMyTrip,2025-01-16,5,Housekeeping was prompt and the towels were fresh.,en
Property A,Booking,2025-01-16,3,"Bathroom ekdum saaf, safai badhiya.",hinglish
Property A,Booking,2025-01-16,2,Reception staff ka vyavhaar bekaar tha.,hinglish
Property C,TripAdvisor,2025-01-16,3,"The food was stale and cold, really disappointing.",en
Property D,GoogleMaps,2025-01-16,3,The food was delicious and the breakfast was fresh.,en
Property F,TripAdvisor,2025-01-16,3,The staff were rude and the manager was unhelpful. The room was spacious and comfortable with a warm heater.,en
Property H,Booking,2025-01-16,4,"Room service accha tha, towels clean the. Location bekaar thi, market se door.",hinglish
Property I,GoogleMaps,2025-01-16,4,Reception staff ka vyavhaar bekaar tha. The room was spacious and comfortable with a warm heater.,hinglish
Property J,TripAdvisor,2025-01-16,2,"The location was great with a beautiful mountain view. The food was stale and cold, really disappointing.",en
Property L,MakeMyTrip,2025-01-16,4,"Staff ka vyavhaar accha tha, reception helpful.",hinglish
Property D,GoogleMaps,2025-01-17,3,Khaana badhiya tha aur nashta bhi tasty.,hinglish
Property E,TripAdvisor,2025-01-17,4,Khaana badhiya tha aur nashta bhi tasty. The staff were friendly and the reception was helpful.,hinglish
Property F,TripAdvisor,2025-01-17,4,Kamra badhiya aur comfortable tha. Very clean and hygienic bathroom.,hinglish
Property L,GoogleMaps,2025-01-17,3,"The check-in was quick and the booking was smooth, really good.",en
Property B,Booking,2025-01-18,5,The staff were friendly and the reception was helpful.,en
Property E,MakeMyTrip,2025-01-18,4,Kamra badhiya aur comfortable tha.,hinglish
Property G,TripAdvisor,2025-01-18,2,"Overpriced and too expensive for what you get. The bathroom was dirty and smelly, poor hygiene.",en
Property G,GoogleMaps,2025-01-18,1,The staff were rude and the manager was unhelpful.,en
Property H,MakeMyTrip,2025-01-18,2,"Overpriced and too expensive for what you get. The bathroom was dirty and smelly, poor hygiene.",en
Property I,GoogleMaps,2025-01-18,5,"Bathroom ekdum saaf, safai badhiya.",hinglish
Property J,TripAdvisor,2025-01-18,5,The food was delicious and the breakfast was fresh.,en
Property K,GoogleMaps,2025-01-18,2,"Bathroom ganda tha, gandagi thi.",hinglish
Property C,MakeMyTrip,2025-01-19,4,The room was spacious and comfortable with a warm heater. The location was great with a beautiful mountain view.,en
Property D,Booking,2025-01-19,2,"खाना बेकार और ठंडा था. Bahut mehenga tha, bilkul value nahi.",hi
Property D,MakeMyTrip,2025-01-19,3,"Staff ka vyavhaar accha tha, reception helpful. Khaana bekaar aur thanda tha.",hinglish
Property E,MakeMyTrip,2025-01-19,4,Kamra badhiya aur comfortable tha.,hinglish
Property F,GoogleMaps,2025-01-19,3,Very clean and hygienic bathroom. कमरे का हीटर खराब था.,hi
Property G,Booking,2025-01-19,4,"Bathroom ekdum saaf, safai badhiya.",hinglish
Property G,Booking,2025-01-19,4,The food was delicious and the breakfast was fresh.,en
Property H,MakeMyTrip,2025-01-19,4,"Staff ka vyavhaar accha tha, reception helpful.",hinglish
Property L,Booking,2025-01-19,4,"Staff ka vyavhaar accha tha, reception helpful.",hinglish
Property B,MakeMyTrip,2025-01-20,4,"Khaana badhiya tha aur nashta bhi tasty. The check-in was quick and the booking was smooth, really good.",hinglish
Property B,MakeMyTrip,2025-01-20,4,"Bathroom ekdum saaf, safai badhiya. Kamra badhiya aur comfortable tha.",hinglish
Property E,TripAdvisor,2025-01-20,2,"Towels ganda the, room service bekaar.",hinglish
Property H,MakeMyTrip,2025-01-20,5,"The staff were friendly and the reception was helpful. Bathroom ekdum saaf, safai badhiya.",hinglish
Property I,GoogleMaps,2025-01-20,3,Khaana badhiya tha aur nashta bhi tasty.,hinglish
Property I,TripAdvisor,2025-01-20,4,Great value for money and worth the price.,en
Property K,MakeMyTrip,2025-01-20,1,"Booking me check-in slow tha, bekaar process.",hinglish
Property K,Booking,2025-01-20,3,Great value for money and worth the price.,en
Property K,Booking,2025-01-20,2,"The bathroom was dirty and smelly, poor hygiene. Great value for money and worth the price.",en
Property K,MakeMyTrip,2025-01-20,4,The food was delicious and the breakfast was fresh.,en
Property L,GoogleMaps,2025-01-20,3,Kamra badhiya aur comfortable tha.,hinglish
Property A,MakeMyTrip,2025-01-21,3,Khaana badhiya tha aur nashta bhi tasty. Great value for money and worth the price.,hinglish
Property J,MakeMyTrip,2025-01-21,2,कमरे का हीटर खराब था.,hi
Property A,Booking,2025-01-22,4,The staff were friendly and the reception was helpful. Very clean and hygienic bathroom.,en
Property A,MakeMyTrip,2025-01-22,3,"Room service accha tha, towels clean the.",hinglish
Property A,GoogleMaps,2025-01-22,4,"Room service accha tha, towels clean the. Mountain ka nazara shandar, location badhiya.",hinglish
Property A,MakeMyTrip,2025-01-22,3,The room heater was not working and it was freezing cold at night. The food was delicious and the breakfast was fresh.,en
Property D,TripAdvisor,2025-01-22,3,Great value for money and worth the price.,en
Property F,MakeMyTrip,2025-01-22,4,"Khaana bekaar aur thanda tha. Mountain ka nazara shandar, location badhiya.",hinglish
Property G,Booking,2025-01-22,4,"Bathroom ekdum saaf, safai badhiya. Kamra badhiya aur comfortable tha.",hinglish
Property H,GoogleMaps,2025-01-22,4,The food was delicious and the breakfast was fresh. Kamra badhiya aur comfortable tha.,hinglish
Property H,GoogleMaps,2025-01-22,4,"The room was spacious and comfortable with a warm heater. Sasta aur accha, paisa vasool stay.",hinglish
Property K,MakeMyTrip,2025-01-22,5,The room was spacious and comfortable with a warm heater.,en
Property B,GoogleMaps,2025-01-23,3,"Staff ka vyavhaar accha tha, reception helpful.",hinglish
Property C,TripAdvisor,2025-01-23,4,The room was spacious and comfortable with a warm heater. The food was delicious and the breakfast was fresh.,en
Property E,TripAdvisor,2025-01-23,4,"Check-in fast tha, booking process accha.",hinglish
Property F,TripAdvisor,2025-01-23,4,खाना बहुत बढ़िया था.,hi
Property I,MakeMyTrip,2025-01-23,4,Housekeeping was prompt and the towels were fresh.,en
Property I,GoogleMaps,2025-01-23,2,"The food was stale and cold, really disappointing.",en
Property J,GoogleMaps,2025-01-23,3,"Room service accha tha, towels clean the. Very clean and hygienic bathroom.",hinglish
Property L,Booking,2025-01-23,3,The location was great with a beautiful mountain view.,en
Property A,Booking,2025-01-24,4,The location was great with a beautiful mountain view.,en
Property B,GoogleMaps,2025-01-24,4,The staff were friendly and the reception was helpful.,en
Property E,TripAdvisor,2025-01-24,3,बाथरूम गंदा था.,hi
Property G,MakeMyTrip,2025-01-24,5,"Khaana badhiya tha aur nashta bhi tasty. Mountain ka nazara shandar, location badhiya.",hinglish
Property I,Booking,2025-01-24,5,The room was spacious and comfortable with a warm heater.,en
Property J,TripAdvisor,2025-01-24,4,"The bathroom was dirty and smelly, poor hygiene. Sasta aur accha, paisa vasool stay.",hinglish
Property K,Booking,2025-01-24,3,The food was delicious and the breakfast was fresh.,en
Property L,MakeMyTrip,2025-01-24,2,The room heater was not working and it was freezing cold at night.,en
Property L,GoogleMaps,2025-01-24,3,"Towels ganda the, room service bekaar.",hinglish
Property L,MakeMyTrip,2025-01-24,4,"Kamra badhiya aur comfortable tha. Mountain ka nazara shandar, location badhiya.",hinglish
Property L,GoogleMaps,2025-01-24,4,Housekeeping was prompt and the towels were fresh. खाना बहुत बढ़िया था.,hi
Property L,GoogleMaps,2025-01-24,3,कमरे का हीटर खराब था.,hi
Property A,MakeMyTrip,2025-01-25,2,"Booking me check-in slow tha, bekaar process.",hinglish
Property C,TripAdvisor,2025-01-25,3,"Kamre ka heater band tha, bahut thanda kamra.",hinglish
Property F,Booking,2025-01-25,5,The food was delicious and the breakfast was fresh.,en
Property H,GoogleMaps,2025-01-25,1,The staff were rude and the manager was unhelpful.,en
Property L,MakeMyTrip,2025-01-25,4,खाना बहुत बढ़िया था. The room was spacious and comfortable with a warm heater.,hi
Property B,MakeMyTrip,2025-01-26,3,Khaana badhiya tha aur nashta bhi tasty.,hinglish
Property B,TripAdvisor,2025-01-26,4,"Very clean and hygienic bathroom. Kamre ka heater band tha, bahut thanda kamra.",hinglish
Property C,MakeMyTrip,2025-01-26,4,Khaana badhiya tha aur nashta bhi tasty. Very clean and hygienic bathroom.,hinglish
Property C,MakeMyTrip,2025-01-26,3,"Very clean and hygienic bathroom. Booking me check-in slow tha, bekaar process.",hinglish
Property G,GoogleMaps,2025-01-26,3,"Room service accha tha, towels clean the.",hinglish
Property G,GoogleMaps,2025-01-26,3,"Housekeeping never changed the towels, poor service. Kamra badhiya aur comfortable tha.",hinglish
Property H,TripAdvisor,2025-01-26,4,"Mountain ka nazara shandar, location badhiya. Very clean and hygienic bathroom.",hinglish
Property I,Booking,2025-01-26,4,Kamra badhiya aur comfortable tha.,hinglish
Property J,TripAdvisor,2025-01-26,2,"The staff were rude and the manager was unhelpful. Housekeeping never changed the towels, poor service.",en
Property K,MakeMyTrip,2025-01-26,2,बाथरूम गंदा था.,hi
Property K,MakeMyTrip,2025-01-26,2,"Bathroom ganda tha, gandagi thi. Bahut mehenga tha, bilkul value nahi.",hinglish
Property K,Booking,2025-01-26,4,"The location was great with a beautiful mountain view. Staff ka vyavhaar accha tha, reception helpful.",hinglish
Property A,MakeMyTrip,2025-01-27,3,The room was spacious and comfortable with a warm heater. The staff were rude and the manager was unhelpful.,en
Property A,MakeMyTrip,2025-01-27,4,Great value for money and worth the price. The staff were rude and the manager was unhelpful.,en
Property G,TripAdvisor,2025-01-27,4,खाना बहुत बढ़िया था. The staff were friendly and the reception was helpful.,hi
Property J,GoogleMaps,2025-01-27,5,"खाना बहुत बढ़िया था. Staff ka vyavhaar accha tha, reception helpful.",hi
Property K,GoogleMaps,2025-01-27,3,The location was great with a beautiful mountain view.,en
Property D,Booking,2025-02-01,1,खाना बेकार और ठंडा था.,hi
Property D,MakeMyTrip,2025-02-01,2,Housekeeping was prompt and the towels were fresh. The location was poor and far from the market.,en
Property K,TripAdvisor,2025-02-01,3,"Bathroom ganda tha, gandagi thi.",hinglish
Property L,Booking,2025-02-01,4,"The check-in was quick and the booking was smooth, really good. Khaana badhiya tha aur nashta bhi tasty.",hinglish
Property A,MakeMyTrip,2025-02-02,3,Khaana badhiya tha aur nashta bhi tasty. Reception staff ka vyavhaar bekaar tha.,hinglish
Property D,TripAdvisor,2025-02-02,2,The room heater was not working and it was freezing cold at night.,en
Property I,Booking,2025-02-02,4,"Sasta aur accha, paisa vasool stay.",hinglish
Property J,GoogleMaps,2025-02-02,4,खाना बहुत बढ़िया था.,hi
Property L,TripAdvisor,2025-02-02,5,Kamra badhiya aur comfortable tha. Very clean and hygienic bathroom.,hinglish
Property A,GoogleMaps,2025-02-03,4,The room was spacious and comfortable with a warm heater.,en
Property B,Booking,2025-02-03,5,Khaana badhiya tha aur nashta bhi tasty. Kamra badhiya aur comfortable tha.,hinglish
Property C,Booking,2025-02-03,4,"Staff ka vyavhaar accha tha, reception helpful.",hinglish
Property D,TripAdvisor,2025-02-03,4,The staff were friendly and the reception was helpful.,en
Property F,Booking,2025-02-03,2,Overpriced and too expensive for what you get.,en
Property L,Booking,2025-02-03,3,Very clean and hygienic bathroom. The room was spacious and comfortable with a warm heater.,en
Property L,GoogleMaps,2025-02-03,4,The staff were friendly and the reception was helpful. The room was spacious and comfortable with a warm heater.,en
Property A,GoogleMaps,2025-02-04,4,The room was spacious and comfortable with a warm heater.,en
Property B,MakeMyTrip,2025-02-04,4,The room was spacious and comfortable with a warm heater.,en
Property C,TripAdvisor,2025-02-04,4,"The check-in was quick and the booking was smooth, really good.",en
Property G,TripAdvisor,2025-02-04,4,The food was delicious and the breakfast was fresh. Housekeeping was prompt and the towels were fresh.,en
Property H,Booking,2025-02-04,5,The location was great with a beautiful mountain view.,en
Property H,MakeMyTrip,2025-02-04,1,The staff were rude and the manager was unhelpful.,en
Property H,Booking,2025-02-04,4,"Check-in fast tha, booking process accha.",hinglish
Property J,MakeMyTrip,2025-02-04,4,The staff were friendly and the reception was helpful.,en
Property A,GoogleMaps,2025-02-05,5,"Room service accha tha, towels clean the. Very clean and hygienic bathroom.",hinglish
Property A,Booking,2025-02-05,4,Kamra badhiya aur comfortable tha. The food was delicious and the breakfast was fresh.,hinglish
Property A,MakeMyTrip,2025-02-05,4,The staff were friendly and the reception was helpful. Khaana badhiya tha aur nashta bhi tasty.,hinglish
Property C,TripAdvisor,2025-02-05,1,बाथरूम गंदा था.,hi
Property C,TripAdvisor,2025-02-05,3,The food was delicious and the breakfast was fresh. The staff were friendly and the reception was helpful.,en
Property D,GoogleMaps,2025-02-05,3,Reception staff ka vyavhaar bekaar tha. Great value for money and worth the price.,hinglish
Property E,TripAdvisor,2025-02-05,5,खाना बहुत बढ़िया था.,hi
Property E,Booking,2025-02-05,3,"Bathroom ekdum saaf, safai badhiya. खाना बहुत बढ़िया था.",hi
Property F,MakeMyTrip,2025-02-05,3,"Mountain ka nazara shandar, location badhiya. कमरे का हीटर खराब था.",hi
Property G,GoogleMaps,2025-02-05,4,"Staff ka vyavhaar accha tha, reception helpful. Bathroom ekdum saaf, safai badhiya.",hinglish
Property I,MakeMyTrip,2025-02-05,5,Very clean and hygienic bathroom. The location was great with a beautiful mountain view.,en
Property K,MakeMyTrip,2025-02-05,1,"The bathroom was dirty and smelly, poor hygiene.",en
Property L,GoogleMaps,2025-02-05,4,"Bathroom ekdum saaf, safai badhiya.",hinglish
Property A,TripAdvisor,2025-02-06,4,"Very clean and hygienic bathroom. Staff ka vyavhaar accha tha, reception helpful.",hinglish
Property B,Booking,2025-02-06,2,"The food was stale and cold, really disappointing. Housekeeping was prompt and the towels were fresh.",en
Property C,TripAdvisor,2025-02-06,3,खाना बहुत बढ़िया था. The room was spacious and comfortable with a warm heater.,hi
Property E,TripAdvisor,2025-02-06,4,"Room service accha tha, towels clean the.",hinglish
Property G,Booking,2025-02-06,4,"Great value for money and worth the price. Kamre ka heater band tha, bahut thanda kamra.",hinglish
Property H,Booking,2025-02-06,1,"Bahut mehenga tha, bilkul value nahi. खाना बेकार और ठंडा था.",hi
Property H,GoogleMaps,2025-02-06,3,Housekeeping was prompt and the towels were fresh. बाथरूम गंदा था.,hi
Property I,Booking,2025-02-06,3,"Check-in fast tha, booking process accha. Great value for money and worth the price.",hinglish
Property J,TripAdvisor,2025-02-06,3,"The room heater was not working and it was freezing cold at night. Staff ka vyavhaar accha tha, reception helpful.",hinglish
Property K,GoogleMaps,2025-02-06,2,खाना बेकार और ठंडा था.,hi
Property B,TripAdvisor,2025-02-07,3,Khaana badhiya tha aur nashta bhi tasty. Overpriced and too expensive for what you get.,hinglish
Property B,TripAdvisor,2025-02-07,2,खाना बेकार और ठंडा था.,hi
Property D,GoogleMaps,2025-02-07,2,Reception staff ka vyavhaar bekaar tha. खाना बेकार और ठंडा था.,hi
Property G,MakeMyTrip,2025-02-07,4,खाना बहुत बढ़िया था.,hi
Property H,MakeMyTrip,2025-02-07,4,The food was delicious and the breakfast was fresh. The staff were friendly and the reception was helpful.,en
Property H,GoogleMaps,2025-02-07,3,"The bathroom was dirty and smelly, poor hygiene.",en
Property J,MakeMyTrip,2025-02-07,4,"Staff ka vyavhaar accha tha, reception helpful.",hinglish
Property B,GoogleMaps,2025-02-08,4,"The staff were friendly and the reception was helpful. The food was stale and cold, really disappointing.",en
Property C,GoogleMaps,2025-02-08,4,"Check-in fast tha, booking process accha.",hinglish
Property E,MakeMyTrip,2025-02-08,4,The room was spacious and comfortable with a warm heater.,en
Property E,Booking,2025-02-08,5,The location was great with a beautiful mountain view.,en
Property E,MakeMyTrip,2025-02-08,4,"Bathroom ganda tha, gandagi thi. The staff were friendly and the reception was helpful.",hinglish
Property G,Booking,2025-02-08,4,The staff were friendly and the reception was helpful.,en
Property G,MakeMyTrip,2025-02-08,3,"The food was delicious and the breakfast was fresh. Kamre ka heater band tha, bahut thanda kamra.",hinglish
Property H,Booking,2025-02-08,3,Great value for money and worth the price.,en
Property I,MakeMyTrip,2025-02-08,4,The location was great with a beautiful mountain view.,en
Property A,GoogleMaps,2025-02-09,3,"The food was stale and cold, really disappointing.",en
Property G,MakeMyTrip,2025-02-09,4,The room was spacious and comfortable with a warm heater.,en
Property G,Booking,2025-02-09,5,The food was delicious and the breakfast was fresh.,en
Property J,TripAdvisor,2025-02-09,3,The staff were friendly and the reception was helpful. The location was great with a beautiful mountain view.,en
Property C,Booking,2025-02-10,4,The room was spacious and comfortable with a warm heater.,en
Property C,TripAdvisor,2025-02-10,2,"The bathroom was dirty and smelly, poor hygiene.",en
Property F,MakeMyTrip,2025-02-10,1,खाना बेकार और ठंडा था.,hi
Property G,GoogleMaps,2025-02-10,2,Reception staff ka vyavhaar bekaar tha. Housekeeping was prompt and the towels were fresh.,hinglish
Property H,TripAdvisor,2025-02-10,3,The check-in was slow and the booking was a problem. Great value for money and worth the price.,en
Property H,GoogleMaps,2025-02-10,5,"Mountain ka nazara shandar, location badhiya.",hinglish
Property I,Booking,2025-02-10,5,Very clean and hygienic bathroom.,en
Property I,MakeMyTrip,2025-02-10,5,"Mountain ka nazara shandar, location badhiya.",hinglish
Property J,TripAdvisor,2025-02-10,3,"The food was delicious and the breakfast was fresh. Bathroom ganda tha, gandagi thi.",hinglish
Property A,Booking,2025-02-11,3,कमरे का हीटर खराब था. The food was delicious and the breakfast was fresh.,hi
Property C,Booking,2025-02-11,3,"Sasta aur accha, paisa vasool stay. The food was delicious and the breakfast was fresh.",hinglish
Property E,MakeMyTrip,2025-02-11,5,Very clean and hygienic bathroom. खाना बहुत बढ़िया था.,hi
Property G,Booking,2025-02-11,5,Great value for money and worth the price.,en
Property H,TripAdvisor,2025-02-11,5,"Mountain ka nazara shandar, location badhiya. Kamra badhiya aur comfortable tha.",hinglish
Property I,Booking,2025-02-11,3,"Very clean and hygienic bathroom. Staff ka vyavhaar accha tha, reception helpful.",hinglish
Property J,MakeMyTrip,2025-02-11,3,Kamra badhiya aur comfortable tha.,hinglish
Property J,TripAdvisor,2025-02-11,5,"Sasta aur accha, paisa vasool stay.",hinglish
Property K,Booking,2025-02-11,5,Khaana badhiya tha aur nashta bhi tasty.,hinglish
Property C,TripAdvisor,2025-02-12,3,"Bathroom ekdum saaf, safai badhiya. Towels ganda the, room service bekaar.",hinglish
Property C,MakeMyTrip,2025-02-12,3,"The staff were friendly and the reception was helpful. Room service accha tha, towels clean the.",hinglish
Property E,TripAdvisor,2025-02-12,2,खाना बेकार और ठंडा था.,hi
Property F,TripAdvisor,2025-02-12,3,"Very clean and hygienic bathroom. Towels ganda the, room service bekaar.",hinglish
Property G,GoogleMaps,2025-02-12,4,"Bathroom ekdum saaf, safai badhiya.",hinglish
Property G,TripAdvisor,2025-02-12,4,"Location bekaar thi, market se door. Housekeeping was prompt and the towels were fresh.",hinglish
Property H,TripAdvisor,2025-02-12,5,Kamra badhiya aur comfortable tha. Great value for money and worth the price.,hinglish
Property J,MakeMyTrip,2025-02-12,2,The room heater was not working and it was freezing cold at night.,en
Property L,TripAdvisor,2025-02-12,5,Kamra badhiya aur comfortable tha.,hinglish
Property L,MakeMyTrip,2025-02-12,5,The food was delicious and the breakfast was fresh.,en
Property A,MakeMyTrip,2025-02-13,4,"Mountain ka nazara shandar, location badhiya.",hinglish
Property C,MakeMyTrip,2025-02-13,4,Housekeeping was prompt and the towels were fresh. Kamra badhiya aur comfortable tha.,hinglish
Property C,Booking,2025-02-13,4,"The room was spacious and comfortable with a warm heater. Towels ganda the, room service bekaar.",hinglish
Property D,TripAdvisor,2025-02-13,2,"Bathroom ganda tha, gandagi thi. Kamre ka heater band tha, bahut thanda kamra.",hinglish
Property D,GoogleMaps,2025-02-13,3,"Housekeeping never changed the towels, poor service. Bathroom ekdum saaf, safai badhiya.",hinglish
Property F,MakeMyTrip,2025-02-13,4,"Very clean and hygienic bathroom. Room service accha tha, towels clean the.",hinglish
Property F,Booking,2025-02-13,5,"Khaana badhiya tha aur nashta bhi tasty. Check-in fast tha, booking process accha.",hinglish
Property A,Booking,2025-02-14,3,"The staff were friendly and the reception was helpful. Housekeeping never changed the towels, poor service.",en
Property B,GoogleMaps,2025-02-14,4,The room was spacious and comfortable with a warm heater.,en
Property G,MakeMyTrip,2025-02-14,3,"The bathroom was dirty and smelly, poor hygiene.",en
Property G,Booking,2025-02-14,3,"खाना बहुत बढ़िया था. Location bekaar thi, market se door.",hi
Property I,MakeMyTrip,2025-02-14,3,"Booking me check-in slow tha, bekaar process. Bathroom ekdum saaf, safai badhiya.",hinglish
Property J,MakeMyTrip,2025-02-14,5,The room was spacious and comfortable with a warm heater.,en
Property J,TripAdvisor,2025-02-14,2,The check-in was slow and the booking was a problem.,en
Property A,MakeMyTrip,2025-02-15,4,"Booking me check-in slow tha, bekaar process. Khaana badhiya tha aur nashta bhi tasty.",hinglish
Property B,GoogleMaps,2025-02-15,5,Very clean and hygienic bathroom. The staff were friendly and the reception was helpful.,en
Property C,MakeMyTrip,2025-02-15,4,"The room was spacious and comfortable with a warm heater. Housekeeping never changed the towels, poor service.",en
Property C,GoogleMaps,2025-02-15,3,"Bathroom ganda tha, gandagi thi. The location was great with a beautiful mountain view.",hinglish
Property D,GoogleMaps,2025-02-15,3,The staff were rude and the manager was unhelpful. The check-in was slow and the booking was a problem.,en
Property F,GoogleMaps,2025-02-15,4,"Housekeeping was prompt and the towels were fresh. Check-in fast tha, booking process accha.",hinglish
Property H,GoogleMaps,2025-02-15,3,The room was spacious and comfortable with a warm heater.,en
Property J,TripAdvisor,2025-02-15,4,"The check-in was quick and the booking was smooth, really good. खाना बहुत बढ़िया था.",hi
Property K,MakeMyTrip,2025-02-15,3,खाना बहुत बढ़िया था.,hi
Property B,MakeMyTrip,2025-02-16,1,Khaana bekaar aur thanda tha.,hinglish
Property E,GoogleMaps,2025-02-16,3,"Staff ka vyavhaar accha tha, reception helpful. The check-in was quick and the booking was smooth, really good.",hinglish
Property E,MakeMyTrip,2025-02-16,4,Great value for money and worth the price. खाना बहुत बढ़िया था.,hi
Property E,GoogleMaps,2025-02-16,3,Overpriced and too expensive for what you get.,en
Property F,Booking,2025-02-16,5,"The staff were friendly and the reception was helpful. Bathroom ekdum saaf, safai badhiya.",hinglish
Property J,TripAdvisor,2025-02-16,3,Great value for money and worth the price. Reception staff ka vyavhaar bekaar tha.,hinglish
Property K,Booking,2025-02-16,2,"Booking me check-in slow tha, bekaar process. Kamra badhiya aur comfortable tha.",hinglish
Property E,MakeMyTrip,2025-02-17,4,Very clean and hygienic bathroom.,en
Property E,MakeMyTrip,2025-02-17,2,"Bahut mehenga tha, bilkul value nahi.",hinglish
Property F,Booking,2025-02-17,4,"Mountain ka nazara shandar, location badhiya. The food was stale and cold, really disappointing.",hinglish
Property F,MakeMyTrip,2025-02-17,4,खाना बहुत बढ़िया था. The staff were friendly and the reception was helpful.,hi
Property G,MakeMyTrip,2025-02-17,3,"Room service accha tha, towels clean the.",hinglish
Property H,MakeMyTrip,2025-02-17,5,Very clean and hygienic bathroom.,en
Property I,GoogleMaps,2025-02-17,3,The staff were friendly and the reception was helpful.,en
Property K,GoogleMaps,2025-02-17,3,"Location bekaar thi, market se door. The food was delicious and the breakfast was fresh.",hinglish
Property L,TripAdvisor,2025-02-17,3,The room was spacious and comfortable with a warm heater. The location was great with a beautiful mountain view.,en
Property A,MakeMyTrip,2025-02-18,5,Kamra badhiya aur comfortable tha.,hinglish
Property A,TripAdvisor,2025-02-18,5,"Staff ka vyavhaar accha tha, reception helpful. Mountain ka nazara shandar, location badhiya.",hinglish
Property B,TripAdvisor,2025-02-18,2,"The room heater was not working and it was freezing cold at night. Bathroom ganda tha, gandagi thi.",hinglish
Property D,TripAdvisor,2025-02-18,4,"Sasta aur accha, paisa vasool stay. Check-in fast tha, booking process accha.",hinglish
Property E,GoogleMaps,2025-02-18,3,"The bathroom was dirty and smelly, poor hygiene. The room was spacious and comfortable with a warm heater.",en
Property F,GoogleMaps,2025-02-18,1,The check-in was slow and the booking was a problem.,en
Property G,Booking,2025-02-18,4,"The bathroom was dirty and smelly, poor hygiene. The room was spacious and comfortable with a warm heater.",en
Property K,Booking,2025-02-18,5,Khaana badhiya tha aur nashta bhi tasty. Great value for money and worth the price.,hinglish
Property L,GoogleMaps,2025-02-18,5,Very clean and hygienic bathroom.,en
Property B,MakeMyTrip,2025-02-19,4,Kamra badhiya aur comfortable tha. The food was delicious and the breakfast was fresh.,hinglish
Property F,TripAdvisor,2025-02-19,4,The staff were friendly and the reception was helpful.,en
Property F,MakeMyTrip,2025-02-19,5,"Bathroom ekdum saaf, safai badhiya.",hinglish
Property L,TripAdvisor,2025-02-19,4,खाना बहुत बढ़िया था. The room was spacious and comfortable with a warm heater.,hi
Property A,MakeMyTrip,2025-02-20,3,Very clean and hygienic bathroom.,en
Property B,GoogleMaps,2025-02-20,5,Housekeeping was prompt and the towels were fresh.,en
Property I,Booking,2025-02-20,3,"Check-in fast tha, booking process accha.",hinglish
Property I,GoogleMaps,2025-02-20,4,"Kamra badhiya aur comfortable tha. Booking me check-in slow tha, bekaar process.",hinglish
Property J,GoogleMaps,2025-02-20,3,"The food was delicious and the breakfast was fresh. Mountain ka nazara shandar, location badhiya.",hinglish
Property K,MakeMyTrip,2025-02-20,4,"Housekeeping never changed the towels, poor service. The location was great with a beautiful mountain view.",en
Property A,Booking,2025-02-21,3,"The location was great with a beautiful mountain view. Bahut mehenga tha, bilkul value nahi.",hinglish
Property C,Booking,2025-02-21,4,Kamra badhiya aur comfortable tha. The location was great with a beautiful mountain view.,hinglish
Property G,Booking,2025-02-21,3,Kamra badhiya aur comfortable tha.,hinglish
Property G,GoogleMaps,2025-02-21,4,"Kamra badhiya aur comfortable tha. Towels ganda the, room service bekaar.",hinglish
Property G,GoogleMaps,2025-02-21,5,The room was spacious and comfortable with a warm heater. Very clean and hygienic bathroom.,en
Property I,GoogleMaps,2025-02-21,3,"Staff ka vyavhaar accha tha, reception helpful. Sasta aur accha, paisa vasool stay.",hinglish
Property K,Booking,2025-02-21,2,"Towels ganda the, room service bekaar.",hinglish
Property L,MakeMyTrip,2025-02-21,3,"खाना बहुत बढ़िया था. Bathroom ganda tha, gandagi thi.",hi
Property L,MakeMyTrip,2025-02-21,4,The location was great with a beautiful mountain view.,en
Property D,TripAdvisor,2025-02-22,1,"The food was stale and cold, really disappointing.",en
Property E,Booking,2025-02-22,4,The staff were friendly and the reception was helpful.,en
Property E,Booking,2025-02-22,3,"Check-in fast tha, booking process accha. Sasta aur accha, paisa vasool stay.",hinglish
Property F,MakeMyTrip,2025-02-22,5,Kamra badhiya aur comfortable tha. The location was great with a beautiful mountain view.,hinglish
Property H,TripAdvisor,2025-02-22,2,"Mountain ka nazara shandar, location badhiya. Bahut mehenga tha, bilkul value nahi.",hinglish
Property J,TripAdvisor,2025-02-22,4,"Mountain ka nazara shandar, location badhiya.",hinglish
Property K,MakeMyTrip,2025-02-22,5,"The food was delicious and the breakfast was fresh. Room service accha tha, towels clean the.",hinglish
Property A,MakeMyTrip,2025-02-23,1,The check-in was slow and the booking was a problem. Khaana bekaar aur thanda tha.,hinglish
Property A,Booking,2025-02-23,3,The room was spacious and comfortable with a warm heater. Khaana bekaar aur thanda tha.,hinglish
Property C,TripAdvisor,2025-02-23,5,"Kamra badhiya aur comfortable tha. Bathroom ekdum saaf, safai badhiya.",hinglish
Property C,TripAdvisor,2025-02-23,4,Very clean and hygienic bathroom.,en
Property E,TripAdvisor,2025-02-23,5,The location was great with a beautiful mountain view.,en
Property E,TripAdvisor,2025-02-23,3,The staff were friendly and the reception was helpful. The food was delicious and the breakfast was fresh.,en
Property F,Booking,2025-02-23,3,"Room service accha tha, towels clean the.",hinglish
Property J,Booking,2025-02-23,3,Kamra badhiya aur comfortable tha. Khaana bekaar aur thanda tha.,hinglish
Property K,GoogleMaps,2025-02-23,2,"The check-in was slow and the booking was a problem. Kamre ka heater band tha, bahut thanda kamra.",hinglish
Property C,TripAdvisor,2025-02-24,4,"Staff ka vyavhaar accha tha, reception helpful.",hinglish
Property D,MakeMyTrip,2025-02-24,5,"Mountain ka nazara shandar, location badhiya.",hinglish
Property E,MakeMyTrip,2025-02-24,5,Kamra badhiya aur comfortable tha.,hinglish
Property H,MakeMyTrip,2025-02-24,3,Housekeeping was prompt and the towels were fresh. Khaana badhiya tha aur nashta bhi tasty.,hinglish
Property J,TripAdvisor,2025-02-24,4,खाना बहुत बढ़िया था. बाथरूम गंदा था.,hi
Property L,Booking,2025-02-24,4,"Staff ka vyavhaar accha tha, reception helpful.",hinglish
Property L,GoogleMaps,2025-02-24,4,Housekeeping was prompt and the towels were fresh. The staff were friendly and the reception was helpful.,en
Property C,MakeMyTrip,2025-02-25,3,"Mountain ka nazara shandar, location badhiya.",hinglish
Property F,MakeMyTrip,2025-02-25,3,"The check-in was slow and the booking was a problem. Room service accha tha, towels clean the.",hinglish
Property H,Booking,2025-02-25,3,Overpriced and too expensive for what you get.,en
Property J,Booking,2025-02-25,4,Kamra badhiya aur comfortable tha. The staff were friendly and the reception was helpful.,hinglish
Property K,Booking,2025-02-25,5,Great value for money and worth the price.,en
Property L,MakeMyTrip,2025-02-25,5,"Bathroom ekdum saaf, safai badhiya.",hinglish
Property A,GoogleMaps,2025-02-26,5,"Sasta aur accha, paisa vasool stay.",hinglish
Property A,Booking,2025-02-26,4,"Mountain ka nazara shandar, location badhiya.",hinglish
Property B,GoogleMaps,2025-02-26,2,The staff were rude and the manager was unhelpful.,en
Property E,GoogleMaps,2025-02-26,5,Housekeeping was prompt and the towels were fresh.,en
Property F,GoogleMaps,2025-02-26,2,"Booking me check-in slow tha, bekaar process.",hinglish
Property H,GoogleMaps,2025-02-26,4,खाना बहुत बढ़िया था.,hi
Property H,TripAdvisor,2025-02-26,2,"Towels ganda the, room service bekaar.",hinglish
Property I,Booking,2025-02-26,5,Very clean and hygienic bathroom.,en
Property K,TripAdvisor,2025-02-26,3,"Staff ka vyavhaar accha tha, reception helpful. Kamra badhiya aur comfortable tha.",hinglish
Property L,Booking,2025-02-26,5,Very clean and hygienic bathroom.,en
Property B,MakeMyTrip,2025-02-27,3,"Housekeeping never changed the towels, poor service.",en
Property D,Booking,2025-02-27,3,खाना बहुत बढ़िया था. Housekeeping was prompt and the towels were fresh.,hi
Property D,Booking,2025-02-27,3,The staff were rude and the manager was unhelpful. खाना बेकार और ठंडा था.,hi
Property D,TripAdvisor,2025-02-27,4,"Bathroom ekdum saaf, safai badhiya. Kamre ka heater band tha, bahut thanda kamra.",hinglish
Property E,MakeMyTrip,2025-02-27,3,"Very clean and hygienic bathroom. Bahut mehenga tha, bilkul value nahi.",hinglish
Property F,Booking,2025-02-27,5,Very clean and hygienic bathroom.,en
Property I,TripAdvisor,2025-02-27,3,Kamra badhiya aur comfortable tha.,hinglish
Property K,Booking,2025-02-27,3,"The staff were friendly and the reception was helpful. Bathroom ganda tha, gandagi thi.",hinglish
Property L,GoogleMaps,2025-02-27,3,Khaana badhiya tha aur nashta bhi tasty.,hinglish
Property C,MakeMyTrip,2025-03-01,2,"Towels ganda the, room service bekaar. Staff ka vyavhaar accha tha, reception helpful.",hinglish
Property D,Booking,2025-03-01,2,Very clean and hygienic bathroom. Overpriced and too expensive for what you get.,en
Property H,TripAdvisor,2025-03-01,4,"The staff were rude and the manager was unhelpful. Sasta aur accha, paisa vasool stay.",hinglish
Property J,TripAdvisor,2025-03-01,2,The room heater was not working and it was freezing cold at night.,en
Property J,Booking,2025-03-01,5,"Room service accha tha, towels clean the.",hinglish
Property L,MakeMyTrip,2025-03-01,4,Housekeeping was prompt and the towels were fresh.,en
Property D,TripAdvisor,2025-03-02,4,"Staff ka vyavhaar accha tha, reception helpful.",hinglish
Property D,Booking,2025-03-02,2,"Staff ka vyavhaar accha tha, reception helpful. बाथरूम गंदा था.",hi
Property E,Booking,2025-03-02,2,"Khaana bekaar aur thanda tha. Bahut mehenga tha, bilkul value nahi.",hinglish
Property H,Booking,2025-03-02,5,Very clean and hygienic bathroom.,en
Property H,MakeMyTrip,2025-03-02,3,"Bahut mehenga tha, bilkul value nahi.",hinglish
Property I,MakeMyTrip,2025-03-02,2,Very clean and hygienic bathroom. Khaana bekaar aur thanda tha.,hinglish
Property I,TripAdvisor,2025-03-02,5,The staff were friendly and the reception was helpful. Housekeeping was prompt and the towels were fresh.,en
Property K,MakeMyTrip,2025-03-02,2,Khaana bekaar aur thanda tha.,hinglish
Property C,MakeMyTrip,2025-03-03,4,Housekeeping was prompt and the towels were fresh.,en
Property E,TripAdvisor,2025-03-03,1,बाथरूम गंदा था.,hi
Property E,GoogleMaps,2025-03-03,3,"Staff ka vyavhaar accha tha, reception helpful. The food was stale and cold, really disappointing.",hinglish
Property F,TripAdvisor,2025-03-03,4,"The location was great with a beautiful mountain view. Bathroom ekdum saaf, safai badhiya.",hinglish
Property F,Booking,2025-03-03,4,The room was spacious and comfortable with a warm heater. Housekeeping was prompt and the towels were fresh.,en
Property I,TripAdvisor,2025-03-03,2,बाथरूम गंदा था.,hi
Property I,MakeMyTrip,2025-03-03,4,The staff were friendly and the reception was helpful. Khaana badhiya tha aur nashta bhi tasty.,hinglish
Property J,Booking,2025-03-03,3,"Room service accha tha, towels clean the.",hinglish
Property J,GoogleMaps,2025-03-03,2,Reception staff ka vyavhaar bekaar tha. The location was great with a beautiful mountain view.,hinglish
Property K,Booking,2025-03-03,3,"Bahut mehenga tha, bilkul value nahi. The room was spacious and comfortable with a warm heater.",hinglish
Property K,MakeMyTrip,2025-03-03,4,The room was spacious and comfortable with a warm heater. खाना बहुत बढ़िया था.,hi
Property K,GoogleMaps,2025-03-03,3,"Booking me check-in slow tha, bekaar process. Reception staff ka vyavhaar bekaar tha.",hinglish
Property L,Booking,2025-03-03,4,Great value for money and worth the price. The staff were friendly and the reception was helpful.,en
Property L,Booking,2025-03-03,4,"Mountain ka nazara shandar, location badhiya. Bathroom ekdum saaf, safai badhiya.",hinglish
Property F,GoogleMaps,2025-03-04,5,"Room service accha tha, towels clean the. The food was delicious and the breakfast was fresh.",hinglish
Property A,Booking,2025-03-05,1,The staff were rude and the manager was unhelpful.,en
Property A,GoogleMaps,2025-03-05,3,Kamra badhiya aur comfortable tha.,hinglish
Property B,Booking,2025-03-05,3,"Very clean and hygienic bathroom. The food was stale and cold, really disappointing.",en
Property C,MakeMyTrip,2025-03-05,4,"Mountain ka nazara shandar, location badhiya.",hinglish
Property C,GoogleMaps,2025-03-05,4,Housekeeping was prompt and the towels were fresh.,en
Property H,Booking,2025-03-05,2,"Bahut mehenga tha, bilkul value nahi.",hinglish
Property H,Booking,2025-03-05,5,"The check-in was quick and the booking was smooth, really good. Great value for money and worth the price.",en
Property I,Booking,2025-03-05,4,The room heater was not working and it was freezing cold at night. Very clean and hygienic bathroom.,en
Property K,TripAdvisor,2025-03-05,2,"The food was stale and cold, really disappointing.",en
Property K,TripAdvisor,2025-03-05,3,Reception staff ka vyavhaar bekaar tha.,hinglish
Property C,MakeMyTrip,2025-03-06,3,"Bathroom ekdum saaf, safai badhiya. Kamra badhiya aur comfortable tha.",hinglish
Property C,Booking,2025-03-06,3,Housekeeping was prompt and the towels were fresh. Khaana bekaar aur thanda tha.,hinglish
Property D,GoogleMaps,2025-03-06,3,"The food was stale and cold, really disappointing. Booking me check-in slow tha, bekaar process.",hinglish
Property E,Booking,2025-03-06,4,कमरे का हीटर खराब था. Very clean and hygienic bathroom.,hi
Property G,GoogleMaps,2025-03-06,5,"Room service accha tha, towels clean the.",hinglish
Property A,MakeMyTrip,2025-03-07,5,"Room service accha tha, towels clean the. Very clean and hygienic bathroom.",hinglish
Property D,Booking,2025-03-07,1,खाना बेकार और ठंडा था. Overpriced and too expensive for what you get.,hi
Property E,TripAdvisor,2025-03-07,2,खाना बेकार और ठंडा था.,hi
Property E,GoogleMaps,2025-03-07,4,"Sasta aur accha, paisa vasool stay.",hinglish
Property G,MakeMyTrip,2025-03-07,4,"Reception staff ka vyavhaar bekaar tha. Room service accha tha, towels clean the.",hinglish
Property L,MakeMyTrip,2025-03-07,3,"Housekeeping never changed the towels, poor service. Kamra badhiya aur comfortable tha.",hinglish
Property L,GoogleMaps,2025-03-07,4,"The room was spacious and comfortable with a warm heater. Mountain ka nazara shandar, location badhiya.",hinglish
Property A,Booking,2025-03-08,3,Housekeeping was prompt and the towels were fresh.,en
Property B,GoogleMaps,2025-03-08,3,Overpriced and too expensive for what you get. Khaana badhiya tha aur nashta bhi tasty.,hinglish
Property C,TripAdvisor,2025-03-08,3,"Sasta aur accha, paisa vasool stay. Kamra badhiya aur comfortable tha.",hinglish
Property C,Booking,2025-03-08,5,"The check-in was quick and the booking was smooth, really good. Bathroom ekdum saaf, safai badhiya.",hinglish
Property C,MakeMyTrip,2025-03-08,4,The staff were friendly and the reception was helpful.,en
Property D,TripAdvisor,2025-03-08,3,"The staff were friendly and the reception was helpful. Location bekaar thi, market se door.",hinglish
Property E,TripAdvisor,2025-03-08,3,कमरे का हीटर खराब था. The location was great with a beautiful mountain view.,hi
Property B,GoogleMaps,2025-03-09,4,"The staff were rude and the manager was unhelpful. Room service accha tha, towels clean the.",hinglish
Property B,TripAdvisor,2025-03-09,4,"Bathroom ganda tha, gandagi thi. Kamra badhiya aur comfortable tha.",hinglish
Property D,MakeMyTrip,2025-03-09,3,The room was spacious and comfortable with a warm heater.,en
Property F,MakeMyTrip,2025-03-09,4,Great value for money and worth the price.,en
Property I,MakeMyTrip,2025-03-09,4,"खाना बहुत बढ़िया था. Staff ka vyavhaar accha tha, reception helpful.",hi
Property K,TripAdvisor,2025-03-09,3,The food was delicious and the breakfast was fresh.,en
Property C,GoogleMaps,2025-03-10,4,"खाना बहुत बढ़िया था. Room service accha tha, towels clean the.",hi
Property C,GoogleMaps,2025-03-10,3,खाना बहुत बढ़िया था. The staff were friendly and the reception was helpful.,hi
Property D,TripAdvisor,2025-03-10,4,"Housekeeping never changed the towels, poor service. Sasta aur accha, paisa vasool stay.",hinglish
Property E,GoogleMaps,2025-03-10,3,खाना बेकार और ठंडा था.,hi
Property G,MakeMyTrip,2025-03-10,4,"Check-in fast tha, booking process accha.",hinglish
Property H,TripAdvisor,2025-03-10,4,The room was spacious and comfortable with a warm heater. खाना बहुत बढ़िया था.,hi
Property K,Booking,2025-03-10,4,The room was spacious and comfortable with a warm heater.,en
Property B,MakeMyTrip,2025-03-11,1,"Kamre ka heater band tha, bahut thanda kamra.",hinglish
Property D,Booking,2025-03-11,2,खाना बेकार और ठंडा था.,hi
Property E,MakeMyTrip,2025-03-11,3,Housekeeping was prompt and the towels were fresh. The room was spacious and comfortable with a warm heater.,en
Property G,Booking,2025-03-11,3,"Kamre ka heater band tha, bahut thanda kamra.",hinglish
Property J,Booking,2025-03-11,4,The location was great with a beautiful mountain view.,en
Property J,GoogleMaps,2025-03-11,4,खाना बहुत बढ़िया था.,hi
Property L,TripAdvisor,2025-03-11,4,खाना बहुत बढ़िया था. The staff were friendly and the reception was helpful.,hi
Property B,GoogleMaps,2025-03-12,5,The room was spacious and comfortable with a warm heater.,en
Property D,GoogleMaps,2025-03-12,2,The check-in was slow and the booking was a problem. कमरे का हीटर खराब था.,hi
Property K,TripAdvisor,2025-03-12,3,Very clean and hygienic bathroom. Overpriced and too expensive for what you get.,en
Property B,TripAdvisor,2025-03-13,3,Khaana badhiya tha aur nashta bhi tasty.,hinglish
Property C,TripAdvisor,2025-03-13,3,"Bathroom ekdum saaf, safai badhiya. Kamra badhiya aur comfortable tha.",hinglish
Property C,TripAdvisor,2025-03-13,3,"Mountain ka nazara shandar, location badhiya.",hinglish
Property F,Booking,2025-03-13,3,"Sasta aur accha, paisa vasool stay. Mountain ka nazara shandar, location badhiya.",hinglish
Property G,Booking,2025-03-13,3,Khaana badhiya tha aur nashta bhi tasty. कमरे का हीटर खराब था.,hi
Property H,GoogleMaps,2025-03-13,3,"Room service accha tha, towels clean the.",hinglish
Property J,TripAdvisor,2025-03-13,3,"Housekeeping never changed the towels, poor service. Khaana badhiya tha aur nashta bhi tasty.",hinglish
Property K,MakeMyTrip,2025-03-13,1,"Towels ganda the, room service bekaar.",hinglish
Property K,Booking,2025-03-13,2,"Kamre ka heater band tha, bahut thanda kamra. Room service accha tha, towels clean the.",hinglish
Property C,Booking,2025-03-14,3,खाना बहुत बढ़िया था.,hi
Property D,Booking,2025-03-14,4,"The location was great with a beautiful mountain view. Staff ka vyavhaar accha tha, reception helpful.",hinglish
Property E,MakeMyTrip,2025-03-14,2,"Housekeeping never changed the towels, poor service. The location was great with a beautiful mountain view.",en
Property F,GoogleMaps,2025-03-14,4,The location was great with a beautiful mountain view. The room was spacious and comfortable with a warm heater.,en
Property G,MakeMyTrip,2025-03-14,4,"The check-in was quick and the booking was smooth, really good. The staff were friendly and the reception was helpful.",en
Property H,TripAdvisor,2025-03-14,3,"The location was poor and far from the market. Staff ka vyavhaar accha tha, reception helpful.",hinglish
Property I,MakeMyTrip,2025-03-14,2,"Towels ganda the, room service bekaar. The check-in was quick and the booking was smooth, really good.",hinglish
Property A,MakeMyTrip,2025-03-15,4,"Room service accha tha, towels clean the.",hinglish
Property G,Booking,2025-03-15,2,खाना बहुत बढ़िया था. The room heater was not working and it was freezing cold at night.,hi
Property J,MakeMyTrip,2025-03-15,5,"Sasta aur accha, paisa vasool stay.",hinglish
Property J,Booking,2025-03-15,3,Kamra badhiya aur comfortable tha.,hinglish
Property K,Booking,2025-03-15,3,"Housekeeping never changed the towels, poor service.",en
Property K,TripAdvisor,2025-03-15,2,"Bahut mehenga tha, bilkul value nahi.",hinglish
Property L,MakeMyTrip,2025-03-15,5,Kamra badhiya aur comfortable tha.,hinglish
Property A,Booking,2025-03-16,4,Khaana badhiya tha aur nashta bhi tasty.,hinglish
Property A,GoogleMaps,2025-03-16,2,The room heater was not working and it was freezing cold at night.,en
Property B,GoogleMaps,2025-03-16,3,Housekeeping was prompt and the towels were fresh.,en
Property C,Booking,2025-03-16,4,"Room service accha tha, towels clean the. The staff were friendly and the reception was helpful.",hinglish
Property F,MakeMyTrip,2025-03-16,4,"Bathroom ekdum saaf, safai badhiya. Room service accha tha, towels clean the.",hinglish
Property F,TripAdvisor,2025-03-16,2,The room heater was not working and it was freezing cold at night.,en
Property H,Booking,2025-03-16,3,"The food was stale and cold, really disappointing. The location was great with a beautiful mountain view.",en
Property L,MakeMyTrip,2025-03-16,3,Kamra badhiya aur comfortable tha. Great value for money and worth the price.,hinglish
Property L,GoogleMaps,2025-03-16,4,"The check-in was quick and the booking was smooth, really good.",en
Property L,GoogleMaps,2025-03-16,4,The staff were friendly and the reception was helpful. Very clean and hygienic bathroom.,en
Property B,Booking,2025-03-17,2,"The bathroom was dirty and smelly, poor hygiene.",en
Property C,MakeMyTrip,2025-03-17,5,Kamra badhiya aur comfortable tha.,hinglish
Property D,GoogleMaps,2025-03-17,3,"Kamre ka heater band tha, bahut thanda kamra. Mountain ka nazara shandar, location badhiya.",hinglish
Property G,MakeMyTrip,2025-03-17,4,Housekeeping was prompt and the towels were fresh.,en
Property G,TripAdvisor,2025-03-17,4,"Mountain ka nazara shandar, location badhiya. खाना बहुत बढ़िया था.",hi
Property I,Booking,2025-03-17,4,"Bathroom ekdum saaf, safai badhiya.",hinglish
Property B,TripAdvisor,2025-03-18,2,Khaana bekaar aur thanda tha.,hinglish
Property H,TripAdvisor,2025-03-18,3,"The food was stale and cold, really disappointing. The room was spacious and comfortable with a warm heater.",en
Property I,Booking,2025-03-18,4,खाना बहुत बढ़िया था.,hi
Property A,MakeMyTrip,2025-03-19,4,The food was delicious and the breakfast was fresh.,en
Property A,MakeMyTrip,2025-03-19,5,Very clean and hygienic bathroom.,en
Property B,GoogleMaps,2025-03-19,3,"Bahut mehenga tha, bilkul value nahi.",hinglish
Property C,GoogleMaps,2025-03-19,4,Very clean and hygienic bathroom.,en
Property E,MakeMyTrip,2025-03-19,2,खाना बेकार और ठंडा था.,hi
Property E,MakeMyTrip,2025-03-19,3,"The check-in was quick and the booking was smooth, really good. Bathroom ekdum saaf, safai badhiya.",hinglish
Property E,Booking,2025-03-19,3,"The room heater was not working and it was freezing cold at night. The check-in was quick and the booking was smooth, really good.",en
Property I,Booking,2025-03-19,3,"Sasta aur accha, paisa vasool stay.",hinglish
Property E,Booking,2025-03-20,3,The room was spacious and comfortable with a warm heater.,en
Property E,MakeMyTrip,2025-03-20,2,Khaana bekaar aur thanda tha.,hinglish
Property F,MakeMyTrip,2025-03-20,1,Reception staff ka vyavhaar bekaar tha.,hinglish
Property F,MakeMyTrip,2025-03-20,3,"Overpriced and too expensive for what you get. The bathroom was dirty and smelly, poor hygiene.",en
Property G,GoogleMaps,2025-03-20,3,"Bathroom ekdum saaf, safai badhiya.",hinglish
Property I,MakeMyTrip,2025-03-20,4,Great value for money and worth the price.,en
Property K,TripAdvisor,2025-03-20,2,बाथरूम गंदा था.,hi
Property K,MakeMyTrip,2025-03-20,2,The room was spacious and comfortable with a warm heater. खाना बेकार और ठंडा था.,hi
Property K,MakeMyTrip,2025-03-20,4,"Staff ka vyavhaar accha tha, reception helpful. कमरे का हीटर खराब था.",hi
Property L,TripAdvisor,2025-03-20,4,Great value for money and worth the price.,en
Property A,Booking,2025-03-21,3,"Room service accha tha, towels clean the.",hinglish
Property A,TripAdvisor,2025-03-21,3,The room was spacious and comfortable with a warm heater. The staff were friendly and the reception was helpful.,en
Property A,MakeMyTrip,2025-03-21,4,"Room service accha tha, towels clean the.",hinglish
Property C,MakeMyTrip,2025-03-21,4,"Staff ka vyavhaar accha tha, reception helpful.",hinglish
Property D,MakeMyTrip,2025-03-21,5,Very clean and hygienic bathroom. The food was delicious and the breakfast was fresh.,en
Property E,TripAdvisor,2025-03-21,4,"Staff ka vyavhaar accha tha, reception helpful.",hinglish
Property F,TripAdvisor,2025-03-21,1,The staff were rude and the manager was unhelpful.,en
Property G,Booking,2025-03-21,2,"Housekeeping never changed the towels, poor service.",en
Property H,GoogleMaps,2025-03-21,4,The food was delicious and the breakfast was fresh.,en
Property J,MakeMyTrip,2025-03-21,2,"Housekeeping never changed the towels, poor service. The staff were rude and the manager was unhelpful.",en
Property J,MakeMyTrip,2025-03-21,2,खाना बहुत बढ़िया था. कमरे का हीटर खराब था.,hi
Property C,GoogleMaps,2025-03-22,3,"खाना बहुत बढ़िया था. Staff ka vyavhaar accha tha, reception helpful.",hi
Property D,GoogleMaps,2025-03-22,2,Overpriced and too expensive for what you get.,en
Property E,Booking,2025-03-22,2,"Bathroom ganda tha, gandagi thi.",hinglish
Property G,MakeMyTrip,2025-03-22,2,"बाथरूम गंदा था. Room service accha tha, towels clean the.",hi
Property H,Booking,2025-03-22,5,"Khaana badhiya tha aur nashta bhi tasty. Staff ka vyavhaar accha tha, reception helpful.",hinglish
Property J,MakeMyTrip,2025-03-22,1,Overpriced and too expensive for what you get.,en
Property L,TripAdvisor,2025-03-22,4,Kamra badhiya aur comfortable tha.,hinglish
Property A,MakeMyTrip,2025-03-23,3,"Sasta aur accha, paisa vasool stay.",hinglish
Property A,Booking,2025-03-23,3,Great value for money and worth the price.,en
Property A,TripAdvisor,2025-03-23,4,Housekeeping was prompt and the towels were fresh.,en
Property E,TripAdvisor,2025-03-23,2,बाथरूम गंदा था.,hi
Property F,TripAdvisor,2025-03-23,5,The room was spacious and comfortable with a warm heater.,en
Property F,MakeMyTrip,2025-03-23,4,Khaana badhiya tha aur nashta bhi tasty.,hinglish
Property G,MakeMyTrip,2025-03-23,3,"खाना बहुत बढ़िया था. Sasta aur accha, paisa vasool stay.",hi
Property H,TripAdvisor,2025-03-23,4,"Staff ka vyavhaar accha tha, reception helpful. Khaana badhiya tha aur nashta bhi tasty.",hinglish
Property I,Booking,2025-03-23,3,"Check-in fast tha, booking process accha. Mountain ka nazara shandar, location badhiya.",hinglish
Property K,Booking,2025-03-23,4,The room was spacious and comfortable with a warm heater. Overpriced and too expensive for what you get.,en
Property L,GoogleMaps,2025-03-23,4,"Check-in fast tha, booking process accha.",hinglish
Property A,MakeMyTrip,2025-03-24,2,"The room was spacious and comfortable with a warm heater. Bahut mehenga tha, bilkul value nahi.",hinglish
Property F,TripAdvisor,2025-03-24,4,The location was great with a beautiful mountain view.,en
Property G,GoogleMaps,2025-03-24,4,The food was delicious and the breakfast was fresh.,en
Property H,GoogleMaps,2025-03-24,5,"The food was delicious and the breakfast was fresh. Mountain ka nazara shandar, location badhiya.",hinglish
Property I,GoogleMaps,2025-03-24,4,Great value for money and worth the price.,en
Property K,GoogleMaps,2025-03-24,4,Housekeeping was prompt and the towels were fresh.,en
Property K,Booking,2025-03-24,2,"बाथरूम गंदा था. Kamre ka heater band tha, bahut thanda kamra.",hi
Property A,MakeMyTrip,2025-03-25,3,"Bathroom ekdum saaf, safai badhiya. Booking me check-in slow tha, bekaar process.",hinglish
Property B,TripAdvisor,2025-03-25,3,"The room was spacious and comfortable with a warm heater. Bahut mehenga tha, bilkul value nahi.",hinglish
Property B,TripAdvisor,2025-03-25,2,"Bahut mehenga tha, bilkul value nahi.",hinglish
Property C,Booking,2025-03-25,4,Kamra badhiya aur comfortable tha.,hinglish
Property D,MakeMyTrip,2025-03-25,3,The room was spacious and comfortable with a warm heater. Housekeeping was prompt and the towels were fresh.,en
Property E,MakeMyTrip,2025-03-25,1,"The bathroom was dirty and smelly, poor hygiene.",en
Property F,Booking,2025-03-25,3,"Kamre ka heater band tha, bahut thanda kamra. खाना बेकार और ठंडा था.",hi
Property G,Booking,2025-03-25,2,The food was delicious and the breakfast was fresh. The staff were rude and the manager was unhelpful.,en
Property K,Booking,2025-03-25,2,The food was delicious and the breakfast was fresh. बाथरूम गंदा था.,hi
Property L,Booking,2025-03-25,3,"Sasta aur accha, paisa vasool stay. Very clean and hygienic bathroom.",hinglish
Property A,Booking,2025-03-26,4,The room was spacious and comfortable with a warm heater.,en
Property G,TripAdvisor,2025-03-26,4,कमरे का हीटर खराब था. The staff were friendly and the reception was helpful.,hi
Property G,GoogleMaps,2025-03-26,2,The location was poor and far from the market. The food was delicious and the breakfast was fresh.,en
Property I,MakeMyTrip,2025-03-26,4,"Staff ka vyavhaar accha tha, reception helpful.",hinglish
Property J,GoogleMaps,2025-03-26,3,"Kamra badhiya aur comfortable tha. Bathroom ekdum saaf, safai badhiya.",hinglish
Property B,GoogleMaps,2025-03-27,3,Very clean and hygienic bathroom. Khaana badhiya tha aur nashta bhi tasty.,hinglish
Property C,MakeMyTrip,2025-03-27,5,"Room service accha tha, towels clean the. Kamra badhiya aur comfortable tha.",hinglish
Property E,TripAdvisor,2025-03-27,4,"Housekeeping never changed the towels, poor service. The room was spacious and comfortable with a warm heater.",en
Property F,Booking,2025-03-27,4,Housekeeping was prompt and the towels were fresh.,en
Property F,TripAdvisor,2025-03-27,2,The staff were rude and the manager was unhelpful.,en
Property G,MakeMyTrip,2025-03-27,4,"Staff ka vyavhaar accha tha, reception helpful.",hinglish
Property G,Booking,2025-03-27,3,The room heater was not working and it was freezing cold at night. Khaana badhiya tha aur nashta bhi tasty.,hinglish
Property H,MakeMyTrip,2025-03-27,4,"Room service accha tha, towels clean the. Mountain ka nazara shandar, location badhiya.",hinglish
Property I,TripAdvisor,2025-03-27,4,"Mountain ka nazara shandar, location badhiya. Overpriced and too expensive for what you get.",hinglish
Property J,TripAdvisor,2025-03-27,2,"खाना बेकार और ठंडा था. Towels ganda the, room service bekaar.",hi
Property K,Booking,2025-03-27,4,खाना बहुत बढ़िया था.,hi
Property A,TripAdvisor,2025-04-01,4,"Bathroom ekdum saaf, safai badhiya.",hinglish
Property B,MakeMyTrip,2025-04-01,2,खाना बेकार और ठंडा था.,hi
Property C,Booking,2025-04-01,3,Overpriced and too expensive for what you get.,en
Property C,TripAdvisor,2025-04-01,4,Very clean and hygienic bathroom.,en
Property D,GoogleMaps,2025-04-01,3,खाना बहुत बढ़िया था.,hi
Property E,GoogleMaps,2025-04-01,4,खाना बहुत बढ़िया था. The location was great with a beautiful mountain view.,hi
Property F,TripAdvisor,2025-04-01,3,Khaana bekaar aur thanda tha.,hinglish
Property I,TripAdvisor,2025-04-01,1,Khaana bekaar aur thanda tha. कमरे का हीटर खराब था.,hi
Property K,TripAdvisor,2025-04-01,2,"The staff were friendly and the reception was helpful. The bathroom was dirty and smelly, poor hygiene.",en
Property A,TripAdvisor,2025-04-02,2,"Bahut mehenga tha, bilkul value nahi. Kamra badhiya aur comfortable tha.",hinglish
Property B,Booking,2025-04-02,4,"खाना बहुत बढ़िया था. Staff ka vyavhaar accha tha, reception helpful.",hi
Property F,Booking,2025-04-02,4,The room was spacious and comfortable with a warm heater. Overpriced and too expensive for what you get.,en
Property G,TripAdvisor,2025-04-02,3,The staff were rude and the manager was unhelpful.,en
Property H,Booking,2025-04-02,3,The food was delicious and the breakfast was fresh.,en
Property A,Booking,2025-04-03,4,"Sasta aur accha, paisa vasool stay.",hinglish
Property A,MakeMyTrip,2025-04-03,2,"Towels ganda the, room service bekaar. The room was spacious and comfortable with a warm heater.",hinglish
Property B,GoogleMaps,2025-04-03,3,The staff were rude and the manager was unhelpful. खाना बहुत बढ़िया था.,hi
Property C,MakeMyTrip,2025-04-03,4,The food was delicious and the breakfast was fresh.,en
Property E,Booking,2025-04-03,3,"Kamre ka heater band tha, bahut thanda kamra.",hinglish
Property F,GoogleMaps,2025-04-03,3,Overpriced and too expensive for what you get. Kamra badhiya aur comfortable tha.,hinglish
Property J,MakeMyTrip,2025-04-03,2,कमरे का हीटर खराब था.,hi
Property K,Booking,2025-04-03,2,"Location bekaar thi, market se door.",hinglish
Property L,MakeMyTrip,2025-04-03,2,"खाना बेकार और ठंडा था. Sasta aur accha, paisa vasool stay.",hi
Property B,Booking,2025-04-04,3,Very clean and hygienic bathroom. Overpriced and too expensive for what you get.,en
Property D,Booking,2025-04-04,4,खाना बेकार और ठंडा था. Kamra badhiya aur comfortable tha.,hi
Property D,GoogleMaps,2025-04-04,3,The location was great with a beautiful mountain view. The room heater was not working and it was freezing cold at night.,en
Property E,Booking,2025-04-04,4,"Housekeeping was prompt and the towels were fresh. Bahut mehenga tha, bilkul value nahi.",hinglish
Property E,GoogleMaps,2025-04-04,3,"The check-in was quick and the booking was smooth, really good. Overpriced and too expensive for what you get.",en
Property G,GoogleMaps,2025-04-04,5,"Kamra badhiya aur comfortable tha. Bathroom ekdum saaf, safai badhiya.",hinglish
Property G,Booking,2025-04-04,1,The check-in was slow and the booking was a problem.,en
Property J,GoogleMaps,2025-04-04,3,"Bathroom ekdum saaf, safai badhiya. The room was spacious and comfortable with a warm heater.",hinglish
Property K,MakeMyTrip,2025-04-04,3,"Towels ganda the, room service bekaar. खाना बहुत बढ़िया था.",hi
Property A,TripAdvisor,2025-04-05,2,"The food was stale and cold, really disappointing. Housekeeping was prompt and the towels were fresh.",en
Property B,MakeMyTrip,2025-04-05,2,Reception staff ka vyavhaar bekaar tha. Very clean and hygienic bathroom.,hinglish
Property F,Booking,2025-04-05,2,"Booking me check-in slow tha, bekaar process.",hinglish
Property H,TripAdvisor,2025-04-05,4,The staff were friendly and the reception was helpful. Very clean and hygienic bathroom.,en
Property I,Booking,2025-04-05,4,"Mountain ka nazara shandar, location badhiya.",hinglish
Property J,MakeMyTrip,2025-04-05,4,Great value for money and worth the price.,en
Property K,TripAdvisor,2025-04-05,2,"The check-in was slow and the booking was a problem. Bahut mehenga tha, bilkul value nahi.",hinglish
Property D,GoogleMaps,2025-04-06,2,"Kamre ka heater band tha, bahut thanda kamra. The check-in was slow and the booking was a problem.",hinglish
Property D,GoogleMaps,2025-04-06,3,बाथरूम गंदा था.,hi
Property J,Booking,2025-04-06,4,"Room service accha tha, towels clean the.",hinglish
Property J,Booking,2025-04-06,2,"Housekeeping never changed the towels, poor service. Staff ka vyavhaar accha tha, reception helpful.",hinglish
Property K,MakeMyTrip,2025-04-06,2,"Towels ganda the, room service bekaar. The staff were friendly and the reception was helpful.",hinglish
Property L,MakeMyTrip,2025-04-06,5,The location was great with a beautiful mountain view.,en
Property L,Booking,2025-04-06,4,"Staff ka vyavhaar accha tha, reception helpful. खाना बहुत बढ़िया था.",hi
Property A,GoogleMaps,2025-04-07,5,"Room service accha tha, towels clean the.",hinglish
Property A,GoogleMaps,2025-04-07,4,The food was delicious and the breakfast was fresh.,en
Property A,TripAdvisor,2025-04-07,4,"Bathroom ekdum saaf, safai badhiya. Sasta aur accha, paisa vasool stay.",hinglish
Property A,TripAdvisor,2025-04-07,3,"Reception staff ka vyavhaar bekaar tha. Towels ganda the, room service bekaar.",hinglish
Property B,GoogleMaps,2025-04-07,3,The staff were friendly and the reception was helpful. Khaana badhiya tha aur nashta bhi tasty.,hinglish
Property C,TripAdvisor,2025-04-07,4,"Sasta aur accha, paisa vasool stay. Room service accha tha, towels clean the.",hinglish
Property E,GoogleMaps,2025-04-07,4,कमरे का हीटर खराब था. The location was great with a beautiful mountain view.,hi
Property I,TripAdvisor,2025-04-07,3,"Location bekaar thi, market se door.",hinglish
Property I,Booking,2025-04-07,5,"Mountain ka nazara shandar, location badhiya.",hinglish
Property A,GoogleMaps,2025-04-08,3,"Bathroom ekdum saaf, safai badhiya. Great value for money and worth the price.",hinglish
Property A,MakeMyTrip,2025-04-08,4,Very clean and hygienic bathroom. The room was spacious and comfortable with a warm heater.,en
Property D,GoogleMaps,2025-04-08,2,"Bathroom ganda tha, gandagi thi.",hinglish
Property D,MakeMyTrip,2025-04-08,2,"Housekeeping never changed the towels, poor service. Kamra badhiya aur comfortable tha.",hinglish
Property D,Booking,2025-04-08,2,कमरे का हीटर खराब था.,hi
Property E,GoogleMaps,2025-04-08,4,Kamra badhiya aur comfortable tha.,hinglish
Property F,Booking,2025-04-08,4,Housekeeping was prompt and the towels were fresh.,en
Property G,GoogleMaps,2025-04-08,3,"The food was delicious and the breakfast was fresh. Location bekaar thi, market se door.",hinglish
Property K,TripAdvisor,2025-04-08,2,"कमरे का हीटर खराब था. Towels ganda the, room service bekaar.",hi
Property B,TripAdvisor,2025-04-09,3,"Mountain ka nazara shandar, location badhiya.",hinglish
Property C,MakeMyTrip,2025-04-09,5,"Bathroom ekdum saaf, safai badhiya. Staff ka vyavhaar accha tha, reception helpful.",hinglish
Property E,GoogleMaps,2025-04-09,2,कमरे का हीटर खराब था. The staff were rude and the manager was unhelpful.,hi
Property G,GoogleMaps,2025-04-09,2,"Bathroom ganda tha, gandagi thi.",hinglish
Property H,Booking,2025-04-09,3,"Location bekaar thi, market se door. The food was delicious and the breakfast was fresh.",hinglish
Property J,TripAdvisor,2025-04-09,3,Reception staff ka vyavhaar bekaar tha.,hinglish
Property A,Booking,2025-04-10,5,"Staff ka vyavhaar accha tha, reception helpful.",hinglish
Property E,MakeMyTrip,2025-04-10,4,The staff were friendly and the reception was helpful.,en
Property E,TripAdvisor,2025-04-10,4,"The staff were friendly and the reception was helpful. Mountain ka nazara shandar, location badhiya.",hinglish
Property G,TripAdvisor,2025-04-10,3,The room was spacious and comfortable with a warm heater. The staff were rude and the manager was unhelpful.,en
Property J,TripAdvisor,2025-04-10,4,बाथरूम गंदा था. The food was delicious and the breakfast was fresh.,hi
Property K,TripAdvisor,2025-04-10,3,"The check-in was quick and the booking was smooth, really good.",en
Property K,MakeMyTrip,2025-04-10,3,"Location bekaar thi, market se door.",hinglish
Property L,GoogleMaps,2025-04-10,4,The food was delicious and the breakfast was fresh.,en
Property E,GoogleMaps,2025-04-11,2,The staff were rude and the manager was unhelpful.,en
Property E,TripAdvisor,2025-04-11,3,"The check-in was quick and the booking was smooth, really good. Sasta aur accha, paisa vasool stay.",hinglish
Property F,Booking,2025-04-11,3,"The location was great with a beautiful mountain view. Booking me check-in slow tha, bekaar process.",hinglish
Property F,MakeMyTrip,2025-04-11,5,"Bathroom ekdum saaf, safai badhiya.",hinglish
Property G,TripAdvisor,2025-04-11,3,Kamra badhiya aur comfortable tha.,hinglish
Property H,TripAdvisor,2025-04-11,3,"Housekeeping was prompt and the towels were fresh. The bathroom was dirty and smelly, poor hygiene.",en
Property I,GoogleMaps,2025-04-11,4,The room was spacious and comfortable with a warm heater.,en
Property J,GoogleMaps,2025-04-11,2,"Housekeeping never changed the towels, poor service.",en
Property C,TripAdvisor,2025-04-12,3,"Mountain ka nazara shandar, location badhiya. The staff were friendly and the reception was helpful.",hinglish
Property E,Booking,2025-04-12,3,"Bathroom ganda tha, gandagi thi.",hinglish
Property G,GoogleMaps,2025-04-12,3,Great value for money and worth the price. Housekeeping was prompt and the towels were fresh.,en
Property H,GoogleMaps,2025-04-12,2,"Kamre ka heater band tha, bahut thanda kamra.",hinglish
Property H,GoogleMaps,2025-04-12,5,Kamra badhiya aur comfortable tha.,hinglish
Property I,TripAdvisor,2025-04-12,5,Great value for money and worth the price.,en
Property J,MakeMyTrip,2025-04-12,4,"Check-in fast tha, booking process accha. Kamra badhiya aur comfortable tha.",hinglish
Property K,MakeMyTrip,2025-04-12,2,"Reception staff ka vyavhaar bekaar tha. Bahut mehenga tha, bilkul value nahi.",hinglish
Property L,Booking,2025-04-12,3,Khaana badhiya tha aur nashta bhi tasty. The check-in was slow and the booking was a problem.,hinglish
Property D,GoogleMaps,2025-04-13,3,Very clean and hygienic bathroom. Khaana bekaar aur thanda tha.,hinglish
Property D,TripAdvisor,2025-04-13,5,The room was spacious and comfortable with a warm heater.,en
Property F,GoogleMaps,2025-04-13,2,The room heater was not working and it was freezing cold at night. Great value for money and worth the price.,en
Property F,Booking,2025-04-13,4,"The check-in was quick and the booking was smooth, really good. Bathroom ekdum saaf, safai badhiya.",hinglish
Property I,TripAdvisor,2025-04-13,3,"Housekeeping never changed the towels, poor service.",en
Property J,GoogleMaps,2025-04-13,4,Very clean and hygienic bathroom.,en
Property K,TripAdvisor,2025-04-13,2,"Location bekaar thi, market se door. Towels ganda the, room service bekaar.",hinglish
Property L,MakeMyTrip,2025-04-13,5,"Room service accha tha, towels clean the. The food was delicious and the breakfast was fresh.",hinglish
Property L,Booking,2025-04-13,4,The room was spacious and comfortable with a warm heater. The location was great with a beautiful mountain view.,en
Property C,TripAdvisor,2025-04-14,4,"Mountain ka nazara shandar, location badhiya.",hinglish
Property C,Booking,2025-04-14,4,The food was delicious and the breakfast was fresh.,en
Property H,Booking,2025-04-14,4,Kamra badhiya aur comfortable tha.,hinglish
Property B,MakeMyTrip,2025-04-15,2,खाना बेकार और ठंडा था.,hi
Property C,TripAdvisor,2025-04-15,5,The room was spacious and comfortable with a warm heater.,en
Property D,GoogleMaps,2025-04-15,3,Very clean and hygienic bathroom. The staff were rude and the manager was unhelpful.,en
Property E,MakeMyTrip,2025-04-15,3,कमरे का हीटर खराब था.,hi
Property F,MakeMyTrip,2025-04-15,4,खाना बहुत बढ़िया था. The room heater was not working and it was freezing cold at night.,hi
Property F,MakeMyTrip,2025-04-15,4,Kamra badhiya aur comfortable tha.,hinglish
Property H,GoogleMaps,2025-04-15,3,"Towels ganda the, room service bekaar.",hinglish
Property H,GoogleMaps,2025-04-15,4,खाना बहुत बढ़िया था.,hi
Property H,GoogleMaps,2025-04-15,3,"Bathroom ganda tha, gandagi thi.",hinglish
Property J,GoogleMaps,2025-04-15,2,The staff were rude and the manager was unhelpful. The room was spacious and comfortable with a warm heater.,en
Property K,MakeMyTrip,2025-04-15,2,"Check-in fast tha, booking process accha. Kamre ka heater band tha, bahut thanda kamra.",hinglish
Property K,TripAdvisor,2025-04-15,2,The check-in was slow and the booking was a problem.,en
Property C,GoogleMaps,2025-04-16,3,The staff were friendly and the reception was helpful. Great value for money and worth the price.,en
Property F,Booking,2025-04-16,2,"बाथरूम गंदा था. Kamre ka heater band tha, bahut thanda kamra.",hi
Property H,MakeMyTrip,2025-04-16,4,खाना बहुत बढ़िया था. Very clean and hygienic bathroom.,hi
Property I,MakeMyTrip,2025-04-16,3,"Bathroom ekdum saaf, safai badhiya.",hinglish
Property I,TripAdvisor,2025-04-16,3,"Booking me check-in slow tha, bekaar process. Staff ka vyavhaar accha tha, reception helpful.",hinglish
Property J,Booking,2025-04-16,4,"The bathroom was dirty and smelly, poor hygiene. Kamra badhiya aur comfortable tha.",hinglish
Property J,TripAdvisor,2025-04-16,3,"The check-in was quick and the booking was smooth, really good. Overpriced and too expensive for what you get.",en
Property J,GoogleMaps,2025-04-16,4,The staff were friendly and the reception was helpful. Very clean and hygienic bathroom.,en
Property J,TripAdvisor,2025-04-16,1,"Bathroom ganda tha, gandagi thi. The staff were rude and the manager was unhelpful.",hinglish
Property K,Booking,2025-04-16,2,"Mountain ka nazara shandar, location badhiya. The room heater was not working and it was freezing cold at night.",hinglish
Property L,TripAdvisor,2025-04-16,4,Khaana badhiya tha aur nashta bhi tasty.,hinglish
Property A,MakeMyTrip,2025-04-17,4,Very clean and hygienic bathroom.,en
Property A,TripAdvisor,2025-04-17,3,"The food was stale and cold, really disappointing. Housekeeping was prompt and the towels were fresh.",en
Property D,MakeMyTrip,2025-04-17,2,"The room heater was not working and it was freezing cold at night. Booking me check-in slow tha, bekaar process.",hinglish
Property D,Booking,2025-04-17,1,खाना बेकार और ठंडा था.,hi
Property E,MakeMyTrip,2025-04-17,3,"Sasta aur accha, paisa vasool stay.",hinglish
Property F,MakeMyTrip,2025-04-17,3,"बाथरूम गंदा था. Sasta aur accha, paisa vasool stay.",hi
Property G,MakeMyTrip,2025-04-17,4,The location was great with a beautiful mountain view. Kamra badhiya aur comfortable tha.,hinglish
Property A,TripAdvisor,2025-04-18,2,"Towels ganda the, room service bekaar.",hinglish
Property A,GoogleMaps,2025-04-18,3,Overpriced and too expensive for what you get. Very clean and hygienic bathroom.,en
Property C,GoogleMaps,2025-04-18,4,Kamra badhiya aur comfortable tha. The location was great with a beautiful mountain view.,hinglish
Property C,TripAdvisor,2025-04-18,3,The room was spacious and comfortable with a warm heater. खाना बहुत बढ़िया था.,hi
Property D,MakeMyTrip,2025-04-18,3,The location was great with a beautiful mountain view. Very clean and hygienic bathroom.,en
Property E,TripAdvisor,2025-04-18,4,The room was spacious and comfortable with a warm heater.,en
Property G,TripAdvisor,2025-04-18,3,Housekeeping was prompt and the towels were fresh. The location was poor and far from the market.,en
Property H,Booking,2025-04-18,3,Kamra badhiya aur comfortable tha.,hinglish
Property I,MakeMyTrip,2025-04-18,4,खाना बहुत बढ़िया था.,hi
Property B,GoogleMaps,2025-04-19,4,"Housekeeping was prompt and the towels were fresh. Mountain ka nazara shandar, location badhiya.",hinglish
Property B,GoogleMaps,2025-04-19,4,The staff were friendly and the reception was helpful.,en
Property C,TripAdvisor,2025-04-19,2,"Location bekaar thi, market se door.",hinglish
Property E,TripAdvisor,2025-04-19,4,Khaana badhiya tha aur nashta bhi tasty.,hinglish
Property H,Booking,2025-04-19,3,"Mountain ka nazara shandar, location badhiya.",hinglish
Property H,Booking,2025-04-19,5,Khaana badhiya tha aur nashta bhi tasty.,hinglish
Property I,TripAdvisor,2025-04-19,3,Great value for money and worth the price.,en
Property J,TripAdvisor,2025-04-19,1,"Bathroom ganda tha, gandagi thi. Kamre ka heater band tha, bahut thanda kamra.",hinglish
Property K,MakeMyTrip,2025-04-19,3,"Staff ka vyavhaar accha tha, reception helpful. Towels ganda the, room service bekaar.",hinglish
Property B,MakeMyTrip,2025-04-20,1,Reception staff ka vyavhaar bekaar tha.,hinglish
Property B,GoogleMaps,2025-04-20,4,"Housekeeping never changed the towels, poor service. Check-in fast tha, booking process accha.",hinglish
Property D,TripAdvisor,2025-04-20,2,खाना बेकार और ठंडा था.,hi
Property G,TripAdvisor,2025-04-20,4,Kamra badhiya aur comfortable tha. The staff were friendly and the reception was helpful.,hinglish
Property H,GoogleMaps,2025-04-20,4,The staff were friendly and the reception was helpful.,en
Property I,TripAdvisor,2025-04-20,4,खाना बहुत बढ़िया था. Kamra badhiya aur comfortable tha.,hi
Property B,MakeMyTrip,2025-04-21,2,"Staff ka vyavhaar accha tha, reception helpful. Booking me check-in slow tha, bekaar process.",hinglish
Property D,Booking,2025-04-21,2,"Reception staff ka vyavhaar bekaar tha. Location bekaar thi, market se door.",hinglish
Property I,TripAdvisor,2025-04-21,2,"Sasta aur accha, paisa vasool stay. The location was poor and far from the market.",hinglish
Property B,TripAdvisor,2025-04-22,4,खाना बहुत बढ़िया था.,hi
Property C,TripAdvisor,2025-04-22,5,Kamra badhiya aur comfortable tha.,hinglish
Property D,TripAdvisor,2025-04-22,3,खाना बेकार और ठंडा था. Very clean and hygienic bathroom.,hi
Property E,GoogleMaps,2025-04-22,4,"Check-in fast tha, booking process accha. Great value for money and worth the price.",hinglish
Property G,GoogleMaps,2025-04-22,4,The food was delicious and the breakfast was fresh. The room was spacious and comfortable with a warm heater.,en
Property G,Booking,2025-04-22,3,Very clean and hygienic bathroom. The check-in was slow and the booking was a problem.,en
Property K,Booking,2025-04-22,4,Kamra badhiya aur comfortable tha.,hinglish
Property L,Booking,2025-04-22,4,The room was spacious and comfortable with a warm heater.,en
Property C,MakeMyTrip,2025-04-23,3,The room was spacious and comfortable with a warm heater. Housekeeping was prompt and the towels were fresh.,en
Property D,GoogleMaps,2025-04-23,3,Khaana bekaar aur thanda tha. The staff were friendly and the reception was helpful.,hinglish
Property E,TripAdvisor,2025-04-23,4,"Kamre ka heater band tha, bahut thanda kamra. The check-in was quick and the booking was smooth, really good.",hinglish
Property F,Booking,2025-04-23,5,"Staff ka vyavhaar accha tha, reception helpful.",hinglish
Property G,MakeMyTrip,2025-04-23,3,The check-in was slow and the booking was a problem. खाना बहुत बढ़िया था.,hi
Property H,MakeMyTrip,2025-04-23,3,Housekeeping was prompt and the towels were fresh.,en
Property I,TripAdvisor,2025-04-23,4,The food was delicious and the breakfast was fresh. The location was great with a beautiful mountain view.,en
Property J,MakeMyTrip,2025-04-23,2,"Housekeeping never changed the towels, poor service.",en
Property L,Booking,2025-04-23,4,"Check-in fast tha, booking process accha. Kamra badhiya aur comfortable tha.",hinglish
Property A,TripAdvisor,2025-04-24,3,"Great value for money and worth the price. The check-in was quick and the booking was smooth, really good.",en
Property B,Booking,2025-04-24,2,"Booking me check-in slow tha, bekaar process.",hinglish
Property B,Booking,2025-04-24,4,"Staff ka vyavhaar accha tha, reception helpful.",hinglish
Property B,TripAdvisor,2025-04-24,4,Khaana badhiya tha aur nashta bhi tasty.,hinglish
Property C,GoogleMaps,2025-04-24,3,"The food was stale and cold, really disappointing. Kamra badhiya aur comfortable tha.",hinglish
Property E,MakeMyTrip,2025-04-24,4,Great value for money and worth the price.,en
Property H,MakeMyTrip,2025-04-24,2,"Bahut mehenga tha, bilkul value nahi.",hinglish
Property A,TripAdvisor,2025-04-25,4,खाना बहुत बढ़िया था.,hi
Property D,MakeMyTrip,2025-04-25,2,"The food was stale and cold, really disappointing.",en
Property D,Booking,2025-04-25,2,"Bathroom ganda tha, gandagi thi.",hinglish
Property I,MakeMyTrip,2025-04-25,2,कमरे का हीटर खराब था.,hi
Property K,MakeMyTrip,2025-04-25,1,"Reception staff ka vyavhaar bekaar tha. Kamre ka heater band tha, bahut thanda kamra.",hinglish
Property L,GoogleMaps,2025-04-25,4,कमरे का हीटर खराब था. Khaana badhiya tha aur nashta bhi tasty.,hi
Property L,Booking,2025-04-25,3,Kamra badhiya aur comfortable tha.,hinglish
Property L,MakeMyTrip,2025-04-25,4,The staff were friendly and the reception was helpful.,en
Property B,TripAdvisor,2025-04-26,2,The staff were rude and the manager was unhelpful.,en
Property C,GoogleMaps,2025-04-26,5,The room was spacious and comfortable with a warm heater. The location was great with a beautiful mountain view.,en
Property C,TripAdvisor,2025-04-26,2,"Housekeeping never changed the towels, poor service. The room heater was not working and it was freezing cold at night.",en
Property H,Booking,2025-04-26,3,बाथरूम गंदा था. Khaana badhiya tha aur nashta bhi tasty.,hi
Property I,Booking,2025-04-26,3,"Bahut mehenga tha, bilkul value nahi. कमरे का हीटर खराब था.",hi
Property I,TripAdvisor,2025-04-26,4,The room was spacious and comfortable with a warm heater.,en
Property J,MakeMyTrip,2025-04-26,2,The staff were rude and the manager was unhelpful.,en
Property K,Booking,2025-04-26,4,"Mountain ka nazara shandar, location badhiya. Kamre ka heater band tha, bahut thanda kamra.",hinglish
Property L,MakeMyTrip,2025-04-26,1,The room heater was not working and it was freezing cold at night.,en
Property L,MakeMyTrip,2025-04-26,4,Very clean and hygienic bathroom.,en
Property L,MakeMyTrip,2025-04-26,4,Kamra badhiya aur comfortable tha.,hinglish
Property B,Booking,2025-04-27,3,"Room service accha tha, towels clean the.",hinglish
Property B,Booking,2025-04-27,4,Kamra badhiya aur comfortable tha.,hinglish
Property C,GoogleMaps,2025-04-27,4,The staff were friendly and the reception was helpful.,en
Property C,TripAdvisor,2025-04-27,3,"Kamra badhiya aur comfortable tha. The food was stale and cold, really disappointing.",hinglish
Property H,GoogleMaps,2025-04-27,3,"Booking me check-in slow tha, bekaar process.",hinglish
Property I,GoogleMaps,2025-04-27,4,The staff were friendly and the reception was helpful.,en
Property J,GoogleMaps,2025-04-27,2,"The bathroom was dirty and smelly, poor hygiene. Towels ganda the, room service bekaar.",hinglish
Property J,TripAdvisor,2025-04-27,5,The food was delicious and the breakfast was fresh.,en
Property K,TripAdvisor,2025-04-27,3,"The location was poor and far from the market. Bathroom ekdum saaf, safai badhiya.",hinglish
Property L,MakeMyTrip,2025-04-27,4,"Mountain ka nazara shandar, location badhiya. Bathroom ekdum saaf, safai badhiya.",hinglish
Property B,TripAdvisor,2025-05-01,4,"The bathroom was dirty and smelly, poor hygiene. The food was delicious and the breakfast was fresh.",en
Property E,TripAdvisor,2025-05-01,4,"Mountain ka nazara shandar, location badhiya.",hinglish
Property F,Booking,2025-05-01,3,"The room heater was not working and it was freezing cold at night. Bathroom ekdum saaf, safai badhiya.",hinglish
Property F,Booking,2025-05-01,3,"Very clean and hygienic bathroom. Booking me check-in slow tha, bekaar process.",hinglish
Property J,Booking,2025-05-01,2,"Towels ganda the, room service bekaar.",hinglish
Property K,Booking,2025-05-01,2,"Bathroom ganda tha, gandagi thi.",hinglish
Property K,MakeMyTrip,2025-05-01,2,"Towels ganda the, room service bekaar. Bahut mehenga tha, bilkul value nahi.",hinglish
Property A,Booking,2025-05-02,4,The room was spacious and comfortable with a warm heater. Great value for money and worth the price.,en
Property A,Booking,2025-05-02,3,"Staff ka vyavhaar accha tha, reception helpful. Great value for money and worth the price.",hinglish
Property C,TripAdvisor,2025-05-02,5,"The food was delicious and the breakfast was fresh. Room service accha tha, towels clean the.",hinglish
Property D,GoogleMaps,2025-05-02,4,"The room was spacious and comfortable with a warm heater. Staff ka vyavhaar accha tha, reception helpful.",hinglish
Property A,TripAdvisor,2025-05-03,4,"Room service accha tha, towels clean the.",hinglish
Property B,MakeMyTrip,2025-05-03,1,"Bathroom ganda tha, gandagi thi.",hinglish
Property B,TripAdvisor,2025-05-03,5,"The check-in was quick and the booking was smooth, really good. The staff were friendly and the reception was helpful.",en
Property D,Booking,2025-05-03,3,"Staff ka vyavhaar accha tha, reception helpful. Bahut mehenga tha, bilkul value nahi.",hinglish
Property E,Booking,2025-05-03,3,"Housekeeping never changed the towels, poor service. Mountain ka nazara shandar, location badhiya.",hinglish
Property F,Booking,2025-05-03,5,"Sasta aur accha, paisa vasool stay.",hinglish
Property G,GoogleMaps,2025-05-03,4,The room heater was not working and it was freezing cold at night. Great value for money and worth the price.,en
Property H,TripAdvisor,2025-05-03,2,"Location bekaar thi, market se door. Bathroom ekdum saaf, safai badhiya.",hinglish
Property I,MakeMyTrip,2025-05-03,5,Great value for money and worth the price.,en
Property L,GoogleMaps,2025-05-03,5,Kamra badhiya aur comfortable tha. Great value for money and worth the price.,hinglish
Property C,Booking,2025-05-04,2,The location was poor and far from the market.,en
Property D,MakeMyTrip,2025-05-04,4,Very clean and hygienic bathroom.,en
Property D,Booking,2025-05-04,4,"बाथरूम गंदा था. Staff ka vyavhaar accha tha, reception helpful.",hi
Property D,Booking,2025-05-04,2,Overpriced and too expensive for what you get. The room was spacious and comfortable with a warm heater.,en
Property D,TripAdvisor,2025-05-04,4,The room was spacious and comfortable with a warm heater. The staff were friendly and the reception was helpful.,en
Property F,MakeMyTrip,2025-05-04,2,"Sasta aur accha, paisa vasool stay. बाथरूम गंदा था.",hi
Property G,MakeMyTrip,2025-05-04,3,The staff were rude and the manager was unhelpful.,en
Property I,GoogleMaps,2025-05-04,4,"Bathroom ekdum saaf, safai badhiya.",hinglish
Property I,GoogleMaps,2025-05-04,4,"Room service accha tha, towels clean the. Bathroom ekdum saaf, safai badhiya.",hinglish
Property K,Booking,2025-05-04,3,"Sasta aur accha, paisa vasool stay. The food was stale and cold, really disappointing.",hinglish
Property L,TripAdvisor,2025-05-04,4,"Very clean and hygienic bathroom. Staff ka vyavhaar accha tha, reception helpful.",hinglish
Property A,TripAdvisor,2025-05-05,4,Very clean and hygienic bathroom. The room heater was not working and it was freezing cold at night.,en
Property B,MakeMyTrip,2025-05-05,4,"The room was spacious and comfortable with a warm heater. Location bekaar thi, market se door.",hinglish
Property C,MakeMyTrip,2025-05-05,4,Khaana badhiya tha aur nashta bhi tasty. The staff were friendly and the reception was helpful.,hinglish
Property D,MakeMyTrip,2025-05-05,4,The location was great with a beautiful mountain view.,en
Property E,GoogleMaps,2025-05-05,3,"Mountain ka nazara shandar, location badhiya. बाथरूम गंदा था.",hi
Property I,TripAdvisor,2025-05-05,4,The food was delicious and the breakfast was fresh.,en
Property I,Booking,2025-05-05,3,"Staff ka vyavhaar accha tha, reception helpful.",hinglish
Property K,MakeMyTrip,2025-05-05,2,"Housekeeping never changed the towels, poor service.",en
Property L,MakeMyTrip,2025-05-05,4,The location was great with a beautiful mountain view.,en
Property B,Booking,2025-05-06,3,Kamra badhiya aur comfortable tha.,hinglish
Property C,MakeMyTrip,2025-05-06,5,Housekeeping was prompt and the towels were fresh.,en
Property E,Booking,2025-05-06,4,"Sasta aur accha, paisa vasool stay.",hinglish
Property F,MakeMyTrip,2025-05-06,4,खाना बहुत बढ़िया था.,hi
Property F,GoogleMaps,2025-05-06,4,"Kamra badhiya aur comfortable tha. Bathroom ekdum saaf, safai badhiya.",hinglish
Property H,Booking,2025-05-06,4,Great value for money and worth the price. The room was spacious and comfortable with a warm heater.,en
Property I,Booking,2025-05-06,4,"Room service accha tha, towels clean the. Khaana badhiya tha aur nashta bhi tasty.",hinglish
Property J,GoogleMaps,2025-05-06,4,"Sasta aur accha, paisa vasool stay.",hinglish
Property J,MakeMyTrip,2025-05-06,2,"Kamre ka heater band tha, bahut thanda kamra.",hinglish
Property L,GoogleMaps,2025-05-06,5,"Check-in fast tha, booking process accha. The location was great with a beautiful mountain view.",hinglish
Property B,MakeMyTrip,2025-05-07,3,"The room was spacious and comfortable with a warm heater. Booking me check-in slow tha, bekaar process.",hinglish
Property D,TripAdvisor,2025-05-07,2,Kamra badhiya aur comfortable tha. खाना बेकार और ठंडा था.,hi
Property H,TripAdvisor,2025-05-07,2,"Sasta aur accha, paisa vasool stay. The room heater was not working and it was freezing cold at night.",hinglish
Property J,Booking,2025-05-07,2,"The location was poor and far from the market. Check-in fast tha, booking process accha.",hinglish
Property K,MakeMyTrip,2025-05-07,2,"खाना बेकार और ठंडा था. Bathroom ganda tha, gandagi thi.",hi
Property K,Booking,2025-05-07,3,"The check-in was quick and the booking was smooth, really good.",en
Property B,TripAdvisor,2025-05-08,2,"Towels ganda the, room service bekaar.",hinglish
Property C,GoogleMaps,2025-05-08,2,"Towels ganda the, room service bekaar.",hinglish
Property G,TripAdvisor,2025-05-08,3,Very clean and hygienic bathroom.,en
Property G,TripAdvisor,2025-05-08,2,"The location was poor and far from the market. Housekeeping never changed the towels, poor service.",en
Property G,TripAdvisor,2025-05-08,3,खाना बहुत बढ़िया था.,hi
Property J,MakeMyTrip,2025-05-08,4,"The check-in was quick and the booking was smooth, really good. The food was delicious and the breakfast was fresh.",en
Property J,Booking,2025-05-08,1,Khaana bekaar aur thanda tha.,hinglish
Property A,GoogleMaps,2025-05-09,3,Housekeeping was prompt and the towels were fresh.,en
Property A,TripAdvisor,2025-05-09,4,"Mountain ka nazara shandar, location badhiya.",hinglish
Property B,GoogleMaps,2025-05-09,3,"Staff ka vyavhaar accha tha, reception helpful. The location was great with a beautiful mountain view.",hinglish
Property C,TripAdvisor,2025-05-09,4,"The food was stale and cold, really disappointing. Staff ka vyavhaar accha tha, reception helpful.",hinglish
Property E,MakeMyTrip,2025-05-09,4,"Very clean and hygienic bathroom. Mountain ka nazara shandar, location badhiya.",hinglish
Property H,TripAdvisor,2025-05-09,2,"Location bekaar thi, market se door.",hinglish
Property J,MakeMyTrip,2025-05-09,3,Overpriced and too expensive for what you get.,en
Property K,TripAdvisor,2025-05-09,4,"Staff ka vyavhaar accha tha, reception helpful. The room was spacious and comfortable with a warm heater.",hinglish
Property C,MakeMyTrip,2025-05-10,4,The location was great with a beautiful mountain view.,en
Property F,MakeMyTrip,2025-05-10,4,"The check-in was quick and the booking was smooth, really good.",en
Property K,Booking,2025-05-10,4,"Sasta aur accha, paisa vasool stay.",hinglish
Property A,GoogleMaps,2025-05-11,3,The room was spacious and comfortable with a warm heater. The food was delicious and the breakfast was fresh.,en
Property C,GoogleMaps,2025-05-11,4,The room was spacious and comfortable with a warm heater. Housekeeping was prompt and the towels were fresh.,en
Property D,GoogleMaps,2025-05-11,2,"Bahut mehenga tha, bilkul value nahi.",hinglish
Property L,TripAdvisor,2025-05-11,3,Khaana badhiya tha aur nashta bhi tasty.,hinglish
Property A,Booking,2025-05-12,5,"The food was delicious and the breakfast was fresh. Bathroom ekdum saaf, safai badhiya.",hinglish
Property A,GoogleMaps,2025-05-12,2,Reception staff ka vyavhaar bekaar tha. Housekeeping was prompt and the towels were fresh.,hinglish
Property E,TripAdvisor,2025-05-12,3,Great value for money and worth the price. Kamra badhiya aur comfortable tha.,hinglish
Property E,MakeMyTrip,2025-05-12,3,"Staff ka vyavhaar accha tha, reception helpful.",hinglish
Property I,GoogleMaps,2025-05-12,4,The room was spacious and comfortable with a warm heater. Great value for money and worth the price.,en
Property J,Booking,2025-05-12,3,"Kamra badhiya aur comfortable tha. Staff ka vyavhaar accha tha, reception helpful.",hinglish
Property J,TripAdvisor,2025-05-12,4,Kamra badhiya aur comfortable tha.,hinglish
Property K,Booking,2025-05-12,2,The check-in was slow and the booking was a problem.,en
Property L,MakeMyTrip,2025-05-12,4,Kamra badhiya aur comfortable tha.,hinglish
Property B,TripAdvisor,2025-05-13,3,"Room service accha tha, towels clean the. Location bekaar thi, market se door.",hinglish
Property C,TripAdvisor,2025-05-13,3,"Staff ka vyavhaar accha tha, reception helpful.",hinglish
Property D,Booking,2025-05-13,1,कमरे का हीटर खराब था.,hi
Property D,TripAdvisor,2025-05-13,3,The room was spacious and comfortable with a warm heater.,en
Property F,Booking,2025-05-13,3,"खाना बेकार और ठंडा था. Bathroom ekdum saaf, safai badhiya.",hi
Property I,GoogleMaps,2025-05-13,4,"Staff ka vyavhaar accha tha, reception helpful. Housekeeping was prompt and the towels were fresh.",hinglish
Property I,TripAdvisor,2025-05-13,3,The staff were friendly and the reception was helpful.,en
Property J,TripAdvisor,2025-05-13,5,The room was spacious and comfortable with a warm heater.,en
Property L,TripAdvisor,2025-05-13,3,"The location was great with a beautiful mountain view. Bathroom ekdum saaf, safai badhiya.",hinglish
Property B,MakeMyTrip,2025-05-14,4,खाना बहुत बढ़िया था.,hi
Property D,Booking,2025-05-14,4,"Bathroom ganda tha, gandagi thi. Kamra badhiya aur comfortable tha.",hinglish
Property F,Booking,2025-05-14,4,Very clean and hygienic bathroom. खाना बेकार और ठंडा था.,hi
Property H,MakeMyTrip,2025-05-14,2,The food was delicious and the breakfast was fresh. The location was poor and far from the market.,en
Property H,GoogleMaps,2025-05-14,4,"Staff ka vyavhaar accha tha, reception helpful. The check-in was slow and the booking was a problem.",hinglish
Property J,TripAdvisor,2025-05-14,3,"Staff ka vyavhaar accha tha, reception helpful. Bathroom ganda tha, gandagi thi.",hinglish
Property J,GoogleMaps,2025-05-14,4,"Sasta aur accha, paisa vasool stay.",hinglish
Property L,GoogleMaps,2025-05-14,5,The room was spacious and comfortable with a warm heater. Khaana badhiya tha aur nashta bhi tasty.,hinglish
Property A,TripAdvisor,2025-05-15,4,The staff were friendly and the reception was helpful.,en
Property B,MakeMyTrip,2025-05-15,3,Great value for money and worth the price. The room was spacious and comfortable with a warm heater.,en
Property E,TripAdvisor,2025-05-15,5,"The check-in was quick and the booking was smooth, really good.",en
Property H,MakeMyTrip,2025-05-15,4,"Mountain ka nazara shandar, location badhiya. Great value for money and worth the price.",hinglish
Property H,MakeMyTrip,2025-05-15,3,"Check-in fast tha, booking process accha.",hinglish
Property I,MakeMyTrip,2025-05-15,2,Overpriced and too expensive for what you get.,en
Property J,GoogleMaps,2025-05-15,1,"Housekeeping never changed the towels, poor service. Reception staff ka vyavhaar bekaar tha.",hinglish
Property B,Booking,2025-05-16,3,"Sasta aur accha, paisa vasool stay.",hinglish
Property B,MakeMyTrip,2025-05-16,1,Reception staff ka vyavhaar bekaar tha.,hinglish
Property C,MakeMyTrip,2025-05-16,4,Housekeeping was prompt and the towels were fresh. The room was spacious and comfortable with a warm heater.,en
Property E,GoogleMaps,2025-05-16,1,कमरे का हीटर खराब था.,hi
Property F,Booking,2025-05-16,3,The staff were rude and the manager was unhelpful.,en
Property G,GoogleMaps,2025-05-16,4,"The check-in was quick and the booking was smooth, really good.",en
Property I,MakeMyTrip,2025-05-16,3,"Mountain ka nazara shandar, location badhiya.",hinglish
Property A,Booking,2025-05-17,2,The staff were rude and the manager was unhelpful. Khaana badhiya tha aur nashta bhi tasty.,hinglish
Property C,Booking,2025-05-17,3,"The location was great with a beautiful mountain view. Bathroom ganda tha, gandagi thi.",hinglish
Property C,Booking,2025-05-17,5,The room was spacious and comfortable with a warm heater.,en
Property E,TripAdvisor,2025-05-17,3,कमरे का हीटर खराब था. Housekeeping was prompt and the towels were fresh.,hi
Property F,MakeMyTrip,2025-05-17,4,"The food was stale and cold, really disappointing. Kamra badhiya aur comfortable tha.",hinglish
Property F,MakeMyTrip,2025-05-17,4,"Staff ka vyavhaar accha tha, reception helpful. खाना बेकार और ठंडा था.",hi
Property F,MakeMyTrip,2025-05-17,3,"Bathroom ekdum saaf, safai badhiya. Check-in fast tha, booking process accha.",hinglish
Property G,MakeMyTrip,2025-05-17,4,The staff were friendly and the reception was helpful.,en
Property G,Booking,2025-05-17,4,"Bathroom ekdum saaf, safai badhiya.",hinglish
Property H,Booking,2025-05-17,4,The food was delicious and the breakfast was fresh.,en
Property I,TripAdvisor,2025-05-17,3,खाना बेकार और ठंडा था. The room heater was not working and it was freezing cold at night.,hi
Property A,GoogleMaps,2025-05-18,5,खाना बहुत बढ़िया था. Great value for money and worth the price.,hi
Property B,MakeMyTrip,2025-05-18,4,"Bathroom ekdum saaf, safai badhiya.",hinglish
Property C,TripAdvisor,2025-05-18,5,Great value for money and worth the price.,en
Property G,TripAdvisor,2025-05-18,4,Kamra badhiya aur comfortable tha. Housekeeping was prompt and the towels were fresh.,hinglish
Property H,MakeMyTrip,2025-05-18,5,"Bathroom ekdum saaf, safai badhiya.",hinglish
Property I,Booking,2025-05-18,3,The room was spacious and comfortable with a warm heater.,en
Property J,TripAdvisor,2025-05-18,4,Great value for money and worth the price.,en
Property K,Booking,2025-05-18,4,The food was delicious and the breakfast was fresh.,en
Property A,TripAdvisor,2025-05-19,3,The staff were rude and the manager was unhelpful. The location was great with a beautiful mountain view.,en
Property D,Booking,2025-05-19,3,The staff were friendly and the reception was helpful.,en
Property E,GoogleMaps,2025-05-19,1,"Housekeeping never changed the towels, poor service.",en
Property E,TripAdvisor,2025-05-19,4,Kamra badhiya aur comfortable tha. The location was great with a beautiful mountain view.,hinglish
Property F,MakeMyTrip,2025-05-19,5,"Mountain ka nazara shandar, location badhiya.",hinglish
Property J,MakeMyTrip,2025-05-19,3,"Staff ka vyavhaar accha tha, reception helpful. कमरे का हीटर खराब था.",hi
Property L,Booking,2025-05-19,4,The room was spacious and comfortable with a warm heater.,en
Property L,Booking,2025-05-19,4,The food was delicious and the breakfast was fresh. The room was spacious and comfortable with a warm heater.,en
Property L,MakeMyTrip,2025-05-19,3,"Kamra badhiya aur comfortable tha. Housekeeping never changed the towels, poor service.",hinglish
Property B,Booking,2025-05-20,2,"The bathroom was dirty and smelly, poor hygiene.",en
Property D,GoogleMaps,2025-05-20,2,"Bahut mehenga tha, bilkul value nahi.",hinglish
Property D,GoogleMaps,2025-05-20,2,The staff were rude and the manager was unhelpful.,en
Property D,Booking,2025-05-20,4,The staff were friendly and the reception was helpful. The room was spacious and comfortable with a warm heater.,en
Property E,GoogleMaps,2025-05-20,3,खाना बेकार और ठंडा था. The staff were friendly and the reception was helpful.,hi
Property F,GoogleMaps,2025-05-20,3,The staff were friendly and the reception was helpful. The room was spacious and comfortable with a warm heater.,en
Property H,GoogleMaps,2025-05-20,3,कमरे का हीटर खराब था.,hi
Property A,Booking,2025-05-21,3,खाना बेकार और ठंडा था. Housekeeping was prompt and the towels were fresh.,hi
Property A,TripAdvisor,2025-05-21,3,"The food was stale and cold, really disappointing. The check-in was slow and the booking was a problem.",en
Property A,TripAdvisor,2025-05-21,4,Khaana badhiya tha aur nashta bhi tasty.,hinglish
Property B,MakeMyTrip,2025-05-21,2,"The bathroom was dirty and smelly, poor hygiene.",en
Property B,TripAdvisor,2025-05-21,2,"खाना बेकार और ठंडा था. Location bekaar thi, market se door.",hi
Property D,TripAdvisor,2025-05-21,2,"Bahut mehenga tha, bilkul value nahi. The check-in was slow and the booking was a problem.",hinglish
Property E,GoogleMaps,2025-05-21,2,The room heater was not working and it was freezing cold at night. The staff were friendly and the reception was helpful.,en
Property E,Booking,2025-05-21,2,बाथरूम गंदा था. Khaana bekaar aur thanda tha.,hi
Property G,Booking,2025-05-21,4,The room was spacious and comfortable with a warm heater.,en
Property H,Booking,2025-05-21,5,The food was delicious and the breakfast was fresh.,en
Property A,GoogleMaps,2025-05-22,5,"Sasta aur accha, paisa vasool stay. Very clean and hygienic bathroom.",hinglish
Property H,GoogleMaps,2025-05-22,3,"Staff ka vyavhaar accha tha, reception helpful. The room was spacious and comfortable with a warm heater.",hinglish
Property I,TripAdvisor,2025-05-22,4,Housekeeping was prompt and the towels were fresh. Very clean and hygienic bathroom.,en
Property K,MakeMyTrip,2025-05-22,2,"Check-in fast tha, booking process accha. The room heater was not working and it was freezing cold at night.",hinglish
Property K,TripAdvisor,2025-05-22,3,Housekeeping was prompt and the towels were fresh. The location was poor and far from the market.,en
Property L,Booking,2025-05-22,4,The food was delicious and the breakfast was fresh.,en
Property A,TripAdvisor,2025-05-23,4,"Sasta aur accha, paisa vasool stay.",hinglish
Property E,MakeMyTrip,2025-05-23,2,"The bathroom was dirty and smelly, poor hygiene.",en
Property E,MakeMyTrip,2025-05-23,2,"The room heater was not working and it was freezing cold at night. Bathroom ganda tha, gandagi thi.",hinglish
Property F,GoogleMaps,2025-05-23,5,Khaana badhiya tha aur nashta bhi tasty.,hinglish
Property K,TripAdvisor,2025-05-23,5,खाना बहुत बढ़िया था.,hi
Property L,TripAdvisor,2025-05-23,4,The food was delicious and the breakfast was fresh. The room was spacious and comfortable with a warm heater.,en
Property B,GoogleMaps,2025-05-24,3,"Towels ganda the, room service bekaar. The staff were friendly and the reception was helpful.",hinglish
Property C,TripAdvisor,2025-05-24,2,कमरे का हीटर खराब था.,hi
Property C,Booking,2025-05-24,2,"The food was stale and cold, really disappointing.",en
Property D,GoogleMaps,2025-05-24,5,Housekeeping was prompt and the towels were fresh. Khaana badhiya tha aur nashta bhi tasty.,hinglish
Property G,Booking,2025-05-24,5,"खाना बहुत बढ़िया था. Sasta aur accha, paisa vasool stay.",hi
Property L,TripAdvisor,2025-05-24,3,The room was spacious and comfortable with a warm heater.,en
Property C,GoogleMaps,2025-05-25,4,"Bathroom ekdum saaf, safai badhiya. Sasta aur accha, paisa vasool stay.",hinglish
Property D,MakeMyTrip,2025-05-25,3,"The food was stale and cold, really disappointing.",en
Property E,GoogleMaps,2025-05-25,2,कमरे का हीटर खराब था. The location was great with a beautiful mountain view.,hi
Property G,GoogleMaps,2025-05-25,5,"Bathroom ekdum saaf, safai badhiya.",hinglish
Property G,MakeMyTrip,2025-05-25,3,"Bahut mehenga tha, bilkul value nahi. Mountain ka nazara shandar, location badhiya.",hinglish
Property H,MakeMyTrip,2025-05-25,3,"Location bekaar thi, market se door.",hinglish
Property J,Booking,2025-05-25,1,"The bathroom was dirty and smelly, poor hygiene.",en
Property J,GoogleMaps,2025-05-25,4,The food was delicious and the breakfast was fresh.,en
Property K,Booking,2025-05-25,3,"Housekeeping never changed the towels, poor service. Khaana bekaar aur thanda tha.",hinglish
Property K,TripAdvisor,2025-05-25,5,"The food was delicious and the breakfast was fresh. Bathroom ekdum saaf, safai badhiya.",hinglish
Property A,TripAdvisor,2025-05-26,4,Kamra badhiya aur comfortable tha. खाना बहुत बढ़िया था.,hi
Property B,MakeMyTrip,2025-05-26,3,"The food was stale and cold, really disappointing. Room service accha tha, towels clean the.",hinglish
Property B,MakeMyTrip,2025-05-26,5,The food was delicious and the breakfast was fresh. The staff were friendly and the reception was helpful.,en
Property C,Booking,2025-05-26,3,The room was spacious and comfortable with a warm heater. The staff were friendly and the reception was helpful.,en
Property D,Booking,2025-05-26,3,"Room service accha tha, towels clean the. कमरे का हीटर खराब था.",hi
Property E,MakeMyTrip,2025-05-26,4,"Staff ka vyavhaar accha tha, reception helpful.",hinglish
Property K,MakeMyTrip,2025-05-26,2,"Bathroom ganda tha, gandagi thi.",hinglish
Property K,Booking,2025-05-26,3,"Check-in fast tha, booking process accha.",hinglish
Property A,Booking,2025-05-27,3,The location was great with a beautiful mountain view. Khaana badhiya tha aur nashta bhi tasty.,hinglish
Property B,GoogleMaps,2025-05-27,4,"Staff ka vyavhaar accha tha, reception helpful.",hinglish
Property C,TripAdvisor,2025-05-27,3,"Staff ka vyavhaar accha tha, reception helpful.",hinglish
Property D,GoogleMaps,2025-05-27,4,"Check-in fast tha, booking process accha.",hinglish
Property E,GoogleMaps,2025-05-27,1,"बाथरूम गंदा था. Kamre ka heater band tha, bahut thanda kamra.",hi
Property F,Booking,2025-05-27,3,Housekeeping was prompt and the towels were fresh. खाना बहुत बढ़िया था.,hi
Property G,MakeMyTrip,2025-05-27,3,"Reception staff ka vyavhaar bekaar tha. Towels ganda the, room service bekaar.",hinglish
Property I,Booking,2025-05-27,2,"Housekeeping never changed the towels, poor service.",en
Property A,MakeMyTrip,2025-06-01,3,खाना बहुत बढ़िया था.,hi
Property A,GoogleMaps,2025-06-01,2,Overpriced and too expensive for what you get.,en
Property D,TripAdvisor,2025-06-01,3,"Housekeeping never changed the towels, poor service. Kamra badhiya aur comfortable tha.",hinglish
Property G,GoogleMaps,2025-06-01,1,The staff were rude and the manager was unhelpful. Khaana bekaar aur thanda tha.,hinglish
Property A,GoogleMaps,2025-06-02,3,Kamra badhiya aur comfortable tha. खाना बहुत बढ़िया था.,hi
Property B,TripAdvisor,2025-06-02,3,The staff were rude and the manager was unhelpful. Kamra badhiya aur comfortable tha.,hinglish
Property F,GoogleMaps,2025-06-02,4,"The room was spacious and comfortable with a warm heater. Mountain ka nazara shandar, location badhiya.",hinglish
Property G,TripAdvisor,2025-06-02,3,The food was delicious and the breakfast was fresh. The staff were friendly and the reception was helpful.,en
Property H,MakeMyTrip,2025-06-02,5,Khaana badhiya tha aur nashta bhi tasty. The room was spacious and comfortable with a warm heater.,hinglish
Property K,Booking,2025-06-02,2,"Booking me check-in slow tha, bekaar process.",hinglish
Property A,GoogleMaps,2025-06-03,3,Kamra badhiya aur comfortable tha. Khaana badhiya tha aur nashta bhi tasty.,hinglish
Property D,MakeMyTrip,2025-06-03,4,"Check-in fast tha, booking process accha. Housekeeping was prompt and the towels were fresh.",hinglish
Property H,Booking,2025-06-03,2,The staff were rude and the manager was unhelpful.,en
Property K,MakeMyTrip,2025-06-03,2,Reception staff ka vyavhaar bekaar tha. बाथरूम गंदा था.,hi
Property D,TripAdvisor,2025-06-04,3,Overpriced and too expensive for what you get. Khaana badhiya tha aur nashta bhi tasty.,hinglish
Property E,GoogleMaps,2025-06-04,5,Housekeeping was prompt and the towels were fresh. The food was delicious and the breakfast was fresh.,en
Property F,Booking,2025-06-04,4,The room was spacious and comfortable with a warm heater.,en
Property A,Booking,2025-06-05,5,"Housekeeping was prompt and the towels were fresh. Sasta aur accha, paisa vasool stay.",hinglish
Property B,TripAdvisor,2025-06-05,5,The food was delicious and the breakfast was fresh.,en
Property B,MakeMyTrip,2025-06-05,3,Khaana bekaar aur thanda tha.,hinglish
Property E,GoogleMaps,2025-06-05,4,Kamra badhiya aur comfortable tha. Reception staff ka vyavhaar bekaar tha.,hinglish
Property F,MakeMyTrip,2025-06-05,3,Kamra badhiya aur comfortable tha.,hinglish
Property F,MakeMyTrip,2025-06-05,5,The location was great with a beautiful mountain view.,en
Property G,MakeMyTrip,2025-06-05,4,The room was spacious and comfortable with a warm heater. The location was great with a beautiful mountain view.,en
Property I,MakeMyTrip,2025-06-05,2,The location was poor and far from the market.,en
Property J,GoogleMaps,2025-06-05,3,"The food was delicious and the breakfast was fresh. Bathroom ekdum saaf, safai badhiya.",hinglish
Property K,Booking,2025-06-05,5,"Sasta aur accha, paisa vasool stay.",hinglish
Property K,GoogleMaps,2025-06-05,2,"Sasta aur accha, paisa vasool stay. खाना बेकार और ठंडा था.",hi
Property K,Booking,2025-06-05,2,"The staff were rude and the manager was unhelpful. Bathroom ekdum saaf, safai badhiya.",hinglish
Property K,GoogleMaps,2025-06-05,5,"Staff ka vyavhaar accha tha, reception helpful.",hinglish
Property L,MakeMyTrip,2025-06-05,4,"Great value for money and worth the price. The bathroom was dirty and smelly, poor hygiene.",en
Property C,MakeMyTrip,2025-06-06,4,Kamra badhiya aur comfortable tha.,hinglish
Property D,GoogleMaps,2025-06-06,4,The staff were friendly and the reception was helpful. Very clean and hygienic bathroom.,en
Property F,MakeMyTrip,2025-06-06,4,"Location bekaar thi, market se door. The room was spacious and comfortable with a warm heater.",hinglish
Property I,MakeMyTrip,2025-06-06,3,The room was spacious and comfortable with a warm heater.,en
Property I,Booking,2025-06-06,3,Great value for money and worth the price.,en
Property K,Booking,2025-06-06,2,खाना बेकार और ठंडा था. कमरे का हीटर खराब था.,hi
Property K,GoogleMaps,2025-06-06,4,Great value for money and worth the price.,en
Property L,GoogleMaps,2025-06-06,5,"Staff ka vyavhaar accha tha, reception helpful. Housekeeping was prompt and the towels were fresh.",hinglish
Property A,GoogleMaps,2025-06-07,4,"Staff ka vyavhaar accha tha, reception helpful. Kamra badhiya aur comfortable tha.",hinglish
Property B,Booking,2025-06-07,3,The staff were friendly and the reception was helpful.,en
Property B,MakeMyTrip,2025-06-07,5,"Sasta aur accha, paisa vasool stay.",hinglish
Property C,MakeMyTrip,2025-06-07,5,"Mountain ka nazara shandar, location badhiya. Great value for money and worth the price.",hinglish
Property C,Booking,2025-06-07,4,Khaana badhiya tha aur nashta bhi tasty.,hinglish
Property C,MakeMyTrip,2025-06-07,3,"The bathroom was dirty and smelly, poor hygiene. Mountain ka nazara shandar, location badhiya.",hinglish
Property E,Booking,2025-06-07,2,The room heater was not working and it was freezing cold at night.,en
Property F,MakeMyTrip,2025-06-07,4,"The check-in was quick and the booking was smooth, really good.",en
Property G,TripAdvisor,2025-06-07,3,"Staff ka vyavhaar accha tha, reception helpful. The room heater was not working and it was freezing cold at night.",hinglish
Property H,TripAdvisor,2025-06-07,3,Very clean and hygienic bathroom.,en
Property I,GoogleMaps,2025-06-07,1,"Kamre ka heater band tha, bahut thanda kamra.",hinglish
Property J,MakeMyTrip,2025-06-07,3,Very clean and hygienic bathroom. The room was spacious and comfortable with a warm heater.,en
Property J,MakeMyTrip,2025-06-07,4,कमरे का हीटर खराब था. The food was delicious and the breakfast was fresh.,hi
Property K,GoogleMaps,2025-06-07,4,"Bathroom ekdum saaf, safai badhiya. The room was spacious and comfortable with a warm heater.",hinglish
Property K,TripAdvisor,2025-06-07,1,"Kamre ka heater band tha, bahut thanda kamra.",hinglish
Property C,TripAdvisor,2025-06-08,3,The room was spacious and comfortable with a warm heater.,en
Property D,TripAdvisor,2025-06-08,3,"Great value for money and worth the price. Bathroom ganda tha, gandagi thi.",hinglish
Property F,Booking,2025-06-08,4,"The check-in was quick and the booking was smooth, really good.",en
Property H,TripAdvisor,2025-06-08,2,"Bahut mehenga tha, bilkul value nahi. Bathroom ekdum saaf, safai badhiya.",hinglish
Property H,GoogleMaps,2025-06-08,4,"Kamra badhiya aur comfortable tha. Bathroom ekdum saaf, safai badhiya.",hinglish
Property J,GoogleMaps,2025-06-08,1,Khaana bekaar aur thanda tha.,hinglish
Property A,Booking,2025-06-09,1,"Booking me check-in slow tha, bekaar process. Reception staff ka vyavhaar bekaar tha.",hinglish
Property A,TripAdvisor,2025-06-09,4,Great value for money and worth the price.,en
Property B,Booking,2025-06-09,2,"Khaana bekaar aur thanda tha. Bathroom ganda tha, gandagi thi.",hinglish
Property C,GoogleMaps,2025-06-09,4,The room was spacious and comfortable with a warm heater.,en
Property D,MakeMyTrip,2025-06-09,5,Very clean and hygienic bathroom.,en
Property G,TripAdvisor,2025-06-09,4,"Sasta aur accha, paisa vasool stay. Khaana badhiya tha aur nashta bhi tasty.",hinglish
Property H,MakeMyTrip,2025-06-09,4,"Check-in fast tha, booking process accha. The room was spacious and comfortable with a warm heater.",hinglish
Property J,MakeMyTrip,2025-06-09,3,"The room heater was not working and it was freezing cold at night. The bathroom was dirty and smelly, poor hygiene.",en
Property J,TripAdvisor,2025-06-09,3,"Towels ganda the, room service bekaar. Great value for money and worth the price.",hinglish
Property J,TripAdvisor,2025-06-09,3,The room was spacious and comfortable with a warm heater.,en
Property J,GoogleMaps,2025-06-09,5,"खाना बहुत बढ़िया था. Check-in fast tha, booking process accha.",hi
Property C,TripAdvisor,2025-06-10,4,Housekeeping was prompt and the towels were fresh.,en
Property C,MakeMyTrip,2025-06-10,3,"Staff ka vyavhaar accha tha, reception helpful. Towels ganda the, room service bekaar.",hinglish
Property D,TripAdvisor,2025-06-10,3,"Bathroom ganda tha, gandagi thi.",hinglish
Property K,Booking,2025-06-10,3,कमरे का हीटर खराब था.,hi
Property L,Booking,2025-06-10,5,The room was spacious and comfortable with a warm heater.,en
Property C,GoogleMaps,2025-06-11,1,The room heater was not working and it was freezing cold at night.,en
Property C,Booking,2025-06-11,4,"Staff ka vyavhaar accha tha, reception helpful.",hinglish
Property E,MakeMyTrip,2025-06-11,5,"The staff were friendly and the reception was helpful. Mountain ka nazara shandar, location badhiya.",hinglish
Property F,MakeMyTrip,2025-06-11,3,"Mountain ka nazara shandar, location badhiya. Reception staff ka vyavhaar bekaar tha.",hinglish
Property F,Booking,2025-06-11,5,The location was great with a beautiful mountain view.,en
Property J,TripAdvisor,2025-06-11,1,"Kamre ka heater band tha, bahut thanda kamra. बाथरूम गंदा था.",hi
Property J,Booking,2025-06-11,3,"The check-in was quick and the booking was smooth, really good. Great value for money and worth the price.",en
Property K,MakeMyTrip,2025-06-11,3,"The location was poor and far from the market. Booking me check-in slow tha, bekaar process.",hinglish
Property L,GoogleMaps,2025-06-11,5,Khaana badhiya tha aur nashta bhi tasty. The room was spacious and comfortable with a warm heater.,hinglish
Property A,TripAdvisor,2025-06-12,4,"The room was spacious and comfortable with a warm heater. Mountain ka nazara shandar, location badhiya.",hinglish
Property C,MakeMyTrip,2025-06-12,4,"Very clean and hygienic bathroom. Bahut mehenga tha, bilkul value nahi.",hinglish
Property D,MakeMyTrip,2025-06-12,1,"The food was stale and cold, really disappointing. Overpriced and too expensive for what you get.",en
Property F,Booking,2025-06-12,5,The room was spacious and comfortable with a warm heater.,en
Property F,MakeMyTrip,2025-06-12,1,The staff were rude and the manager was unhelpful.,en
Property G,GoogleMaps,2025-06-12,4,"Very clean and hygienic bathroom. Check-in fast tha, booking process accha.",hinglish
Property G,GoogleMaps,2025-06-12,2,"Kamre ka heater band tha, bahut thanda kamra.",hinglish
Property H,MakeMyTrip,2025-06-12,3,"Bahut mehenga tha, bilkul value nahi.",hinglish
Property J,TripAdvisor,2025-06-12,2,"Kamre ka heater band tha, bahut thanda kamra.",hinglish
Property K,TripAdvisor,2025-06-12,2,"The food was stale and cold, really disappointing. The bathroom was dirty and smelly, poor hygiene.",en
Property L,TripAdvisor,2025-06-12,5,"The room was spacious and comfortable with a warm heater. Bathroom ekdum saaf, safai badhiya.",hinglish
Property L,Booking,2025-06-12,2,"Housekeeping never changed the towels, poor service.",en
Property C,Booking,2025-06-13,4,Kamra badhiya aur comfortable tha.,hinglish
Property E,MakeMyTrip,2025-06-13,2,"The food was stale and cold, really disappointing.",en
Property H,Booking,2025-06-13,4,"The food was delicious and the breakfast was fresh. Staff ka vyavhaar accha tha, reception helpful.",hinglish
Property I,GoogleMaps,2025-06-13,4,"Bathroom ekdum saaf, safai badhiya. Reception staff ka vyavhaar bekaar tha.",hinglish
Property I,Booking,2025-06-13,5,Housekeeping was prompt and the towels were fresh.,en
Property K,TripAdvisor,2025-06-13,2,The location was great with a beautiful mountain view. The room heater was not working and it was freezing cold at night.,en
Property A,TripAdvisor,2025-06-14,3,"Bathroom ganda tha, gandagi thi. The room heater was not working and it was freezing cold at night.",hinglish
Property B,MakeMyTrip,2025-06-14,3,"Bathroom ekdum saaf, safai badhiya.",hinglish
Property B,TripAdvisor,2025-06-14,4,Very clean and hygienic bathroom.,en
Property C,GoogleMaps,2025-06-14,4,The staff were friendly and the reception was helpful.,en
Property E,MakeMyTrip,2025-06-14,4,"The bathroom was dirty and smelly, poor hygiene. Staff ka vyavhaar accha tha, reception helpful.",hinglish
Property F,MakeMyTrip,2025-06-14,2,"Bathroom ekdum saaf, safai badhiya. The staff were rude and the manager was unhelpful.",hinglish
Property G,MakeMyTrip,2025-06-14,1,"Location bekaar thi, market se door.",hinglish
Property G,TripAdvisor,2025-06-14,3,"Bathroom ganda tha, gandagi thi.",hinglish
Property I,GoogleMaps,2025-06-14,3,"खाना बेकार और ठंडा था. Towels ganda the, room service bekaar.",hi
Property K,MakeMyTrip,2025-06-14,4,The location was great with a beautiful mountain view.,en
Property D,TripAdvisor,2025-06-15,1,"The staff were rude and the manager was unhelpful. Location bekaar thi, market se door.",hinglish
Property H,Booking,2025-06-15,3,The room was spacious and comfortable with a warm heater.,en
Property J,MakeMyTrip,2025-06-15,3,खाना बहुत बढ़िया था.,hi
Property J,GoogleMaps,2025-06-15,4,The location was great with a beautiful mountain view.,en
Property B,GoogleMaps,2025-06-16,3,Kamra badhiya aur comfortable tha.,hinglish
Property C,GoogleMaps,2025-06-16,4,Khaana badhiya tha aur nashta bhi tasty.,hinglish
Property D,Booking,2025-06-16,2,"The food was delicious and the breakfast was fresh. The bathroom was dirty and smelly, poor hygiene.",en
Property G,Booking,2025-06-16,3,"Room service accha tha, towels clean the. Reception staff ka vyavhaar bekaar tha.",hinglish
Property H,MakeMyTrip,2025-06-16,3,The staff were friendly and the reception was helpful.,en
Property H,Booking,2025-06-16,3,The room was spacious and comfortable with a warm heater.,en
Property L,TripAdvisor,2025-06-16,4,Khaana badhiya tha aur nashta bhi tasty.,hinglish
Property L,GoogleMaps,2025-06-16,5,"Check-in fast tha, booking process accha. Staff ka vyavhaar accha tha, reception helpful.",hinglish
Property B,MakeMyTrip,2025-06-17,4,"Sasta aur accha, paisa vasool stay. खाना बहुत बढ़िया था.",hi
Property B,GoogleMaps,2025-06-17,3,"Khaana badhiya tha aur nashta bhi tasty. Staff ka vyavhaar accha tha, reception helpful.",hinglish
Property D,GoogleMaps,2025-06-17,3,"The staff were friendly and the reception was helpful. The food was stale and cold, really disappointing.",en
Property F,Booking,2025-06-17,3,The room was spacious and comfortable with a warm heater. Housekeeping was prompt and the towels were fresh.,en
Property F,MakeMyTrip,2025-06-17,1,"Overpriced and too expensive for what you get. The food was stale and cold, really disappointing.",en
Property H,Booking,2025-06-17,1,"Bathroom ganda tha, gandagi thi.",hinglish
Property I,MakeMyTrip,2025-06-17,4,खाना बहुत बढ़िया था. The room was spacious and comfortable with a warm heater.,hi
Property I,TripAdvisor,2025-06-17,2,बाथरूम गंदा था. Khaana badhiya tha aur nashta bhi tasty.,hi
Property A,MakeMyTrip,2025-06-18,4,"The check-in was quick and the booking was smooth, really good. The room was spacious and comfortable with a warm heater.",en
Property C,TripAdvisor,2025-06-18,3,Great value for money and worth the price.,en
Property C,Booking,2025-06-18,4,खाना बहुत बढ़िया था. The staff were friendly and the reception was helpful.,hi
Property C,GoogleMaps,2025-06-18,4,The room was spacious and comfortable with a warm heater. खाना बहुत बढ़िया था.,hi
Property E,GoogleMaps,2025-06-18,1,"Bathroom ganda tha, gandagi thi. The check-in was slow and the booking was a problem.",hinglish
Property E,TripAdvisor,2025-06-18,2,Housekeeping was prompt and the towels were fresh. Overpriced and too expensive for what you get.,en
Property F,MakeMyTrip,2025-06-18,3,बाथरूम गंदा था.,hi
Property I,Booking,2025-06-18,5,"Sasta aur accha, paisa vasool stay.",hinglish
Property J,MakeMyTrip,2025-06-18,4,Khaana badhiya tha aur nashta bhi tasty. The room was spacious and comfortable with a warm heater.,hinglish
Property L,GoogleMaps,2025-06-18,5,Kamra badhiya aur comfortable tha.,hinglish
Property A,Booking,2025-06-19,4,The staff were friendly and the reception was helpful.,en
Property E,Booking,2025-06-19,2,Khaana bekaar aur thanda tha. The location was great with a beautiful mountain view.,hinglish
Property E,TripAdvisor,2025-06-19,5,"Sasta aur accha, paisa vasool stay.",hinglish
Property J,GoogleMaps,2025-06-19,4,"Great value for money and worth the price. Staff ka vyavhaar accha tha, reception helpful.",hinglish
Property J,Booking,2025-06-19,5,"Sasta aur accha, paisa vasool stay.",hinglish
Property J,Booking,2025-06-19,5,Kamra badhiya aur comfortable tha.,hinglish
Property K,MakeMyTrip,2025-06-19,4,"Sasta aur accha, paisa vasool stay.",hinglish
Property L,GoogleMaps,2025-06-19,4,"Staff ka vyavhaar accha tha, reception helpful. Room service accha tha, towels clean the.",hinglish
Property A,TripAdvisor,2025-06-20,3,"Staff ka vyavhaar accha tha, reception helpful. The food was delicious and the breakfast was fresh.",hinglish
Property B,GoogleMaps,2025-06-20,4,The staff were friendly and the reception was helpful.,en
Property B,GoogleMaps,2025-06-20,5,Great value for money and worth the price.,en
Property D,MakeMyTrip,2025-06-20,3,"Check-in fast tha, booking process accha.",hinglish
Property D,Booking,2025-06-20,3,Overpriced and too expensive for what you get.,en
Property D,GoogleMaps,2025-06-20,2,बाथरूम गंदा था. खाना बेकार और ठंडा था.,hi
Property D,GoogleMaps,2025-06-20,5,"Mountain ka nazara shandar, location badhiya. Khaana badhiya tha aur nashta bhi tasty.",hinglish
Property G,MakeMyTrip,2025-06-20,4,The staff were friendly and the reception was helpful.,en
Property H,GoogleMaps,2025-06-20,5,The staff were friendly and the reception was helpful. The food was delicious and the breakfast was fresh.,en
Property H,TripAdvisor,2025-06-20,4,The staff were friendly and the reception was helpful.,en
Property I,GoogleMaps,2025-06-20,4,Khaana badhiya tha aur nashta bhi tasty.,hinglish
Property L,MakeMyTrip,2025-06-20,4,"The check-in was quick and the booking was smooth, really good.",en
Property L,MakeMyTrip,2025-06-20,3,Kamra badhiya aur comfortable tha.,hinglish
Property L,GoogleMaps,2025-06-20,3,The staff were rude and the manager was unhelpful.,en
Property B,GoogleMaps,2025-06-21,3,Kamra badhiya aur comfortable tha. Reception staff ka vyavhaar bekaar tha.,hinglish
Property G,Booking,2025-06-21,1,"Bathroom ganda tha, gandagi thi.",hinglish
Property J,GoogleMaps,2025-06-21,4,The location was great with a beautiful mountain view.,en
Property L,TripAdvisor,2025-06-21,2,बाथरूम गंदा था. Housekeeping was prompt and the towels were fresh.,hi
Property L,GoogleMaps,2025-06-21,5,Khaana badhiya tha aur nashta bhi tasty.,hinglish
Property E,GoogleMaps,2025-06-22,2,"Staff ka vyavhaar accha tha, reception helpful. The check-in was slow and the booking was a problem.",hinglish
Property G,GoogleMaps,2025-06-22,4,Kamra badhiya aur comfortable tha.,hinglish
Property I,GoogleMaps,2025-06-22,3,कमरे का हीटर खराब था.,hi
Property J,MakeMyTrip,2025-06-22,4,"Check-in fast tha, booking process accha.",hinglish
Property K,TripAdvisor,2025-06-22,3,"The staff were rude and the manager was unhelpful. The check-in was quick and the booking was smooth, really good.",en
Property D,MakeMyTrip,2025-06-23,5,"Mountain ka nazara shandar, location badhiya.",hinglish
Property E,MakeMyTrip,2025-06-23,4,"Mountain ka nazara shandar, location badhiya. Staff ka vyavhaar accha tha, reception helpful.",hinglish
Property F,GoogleMaps,2025-06-23,4,The room was spacious and comfortable with a warm heater. Very clean and hygienic bathroom.,en
Property G,TripAdvisor,2025-06-23,1,The location was poor and far from the market. कमरे का हीटर खराब था.,hi
Property G,MakeMyTrip,2025-06-23,2,"Towels ganda the, room service bekaar. Kamra badhiya aur comfortable tha.",hinglish
Property I,MakeMyTrip,2025-06-23,4,The food was delicious and the breakfast was fresh.,en
Property I,Booking,2025-06-23,2,"Towels ganda the, room service bekaar. Khaana badhiya tha aur nashta bhi tasty.",hinglish
Property L,GoogleMaps,2025-06-23,4,"Khaana badhiya tha aur nashta bhi tasty. Sasta aur accha, paisa vasool stay.",hinglish
Property L,TripAdvisor,2025-06-23,3,"Bathroom ekdum saaf, safai badhiya.",hinglish
Property L,TripAdvisor,2025-06-23,3,"The food was delicious and the breakfast was fresh. Mountain ka nazara shandar, location badhiya.",hinglish
Property A,TripAdvisor,2025-06-24,3,"The staff were rude and the manager was unhelpful. Sasta aur accha, paisa vasool stay.",hinglish
Property D,GoogleMaps,2025-06-24,2,खाना बेकार और ठंडा था.,hi
Property E,Booking,2025-06-24,3,Khaana badhiya tha aur nashta bhi tasty.,hinglish
Property F,GoogleMaps,2025-06-24,3,"The check-in was quick and the booking was smooth, really good. Bathroom ekdum saaf, safai badhiya.",hinglish
Property I,TripAdvisor,2025-06-24,4,"The check-in was quick and the booking was smooth, really good.",en
Property I,GoogleMaps,2025-06-24,3,The staff were rude and the manager was unhelpful. The room was spacious and comfortable with a warm heater.,en
Property L,GoogleMaps,2025-06-24,3,"खाना बेकार और ठंडा था. Staff ka vyavhaar accha tha, reception helpful.",hi
Property A,TripAdvisor,2025-06-25,4,Very clean and hygienic bathroom. कमरे का हीटर खराब था.,hi
Property A,TripAdvisor,2025-06-25,4,The staff were friendly and the reception was helpful. The food was delicious and the breakfast was fresh.,en
Property A,MakeMyTrip,2025-06-25,1,Overpriced and too expensive for what you get.,en
Property E,TripAdvisor,2025-06-25,1,"Towels ganda the, room service bekaar. कमरे का हीटर खराब था.",hi
Property F,GoogleMaps,2025-06-25,4,Very clean and hygienic bathroom.,en
Property G,TripAdvisor,2025-06-25,3,"Bathroom ekdum saaf, safai badhiya. The check-in was quick and the booking was smooth, really good.",hinglish
Property G,TripAdvisor,2025-06-25,4,"Sasta aur accha, paisa vasool stay.",hinglish
Property H,MakeMyTrip,2025-06-25,3,"Staff ka vyavhaar accha tha, reception helpful. Mountain ka nazara shandar, location badhiya.",hinglish
Property L,MakeMyTrip,2025-06-25,4,"Room service accha tha, towels clean the.",hinglish
Property D,TripAdvisor,2025-06-26,3,"Sasta aur accha, paisa vasool stay.",hinglish
Property D,GoogleMaps,2025-06-26,4,"Room service accha tha, towels clean the.",hinglish
Property D,MakeMyTrip,2025-06-26,4,The staff were friendly and the reception was helpful. The room was spacious and comfortable with a warm heater.,en
Property G,Booking,2025-06-26,1,"Location bekaar thi, market se door. कमरे का हीटर खराब था.",hi
Property H,TripAdvisor,2025-06-26,4,"Bathroom ekdum saaf, safai badhiya. Check-in fast tha, booking process accha.",hinglish
Property H,GoogleMaps,2025-06-26,4,Kamra badhiya aur comfortable tha.,hinglish
Property K,GoogleMaps,2025-06-26,1,कमरे का हीटर खराब था. The location was poor and far from the market.,hi
Property C,Booking,2025-06-27,5,"The check-in was quick and the booking was smooth, really good.",en
Property D,GoogleMaps,2025-06-27,3,"Booking me check-in slow tha, bekaar process. The room was spacious and comfortable with a warm heater.",hinglish
Property E,MakeMyTrip,2025-06-27,2,खाना बेकार और ठंडा था.,hi
Property E,MakeMyTrip,2025-06-27,1,"The staff were rude and the manager was unhelpful. Location bekaar thi, market se door.",hinglish
Property I,MakeMyTrip,2025-06-27,4,"Check-in fast tha, booking process accha.",hinglish
Property K,Booking,2025-06-27,2,"Towels ganda the, room service bekaar.",hinglish
Property K,GoogleMaps,2025-06-27,1,"The bathroom was dirty and smelly, poor hygiene.",en
Property L,GoogleMaps,2025-06-27,5,Very clean and hygienic bathroom. The location was great with a beautiful mountain view.,en
Property A,MakeMyTrip,2025-07-01,2,Reception staff ka vyavhaar bekaar tha.,hinglish
Property E,Booking,2025-07-01,4,"Bathroom ekdum saaf, safai badhiya.",hinglish
Property G,TripAdvisor,2025-07-01,5,"Bathroom ekdum saaf, safai badhiya.",hinglish
Property K,Booking,2025-07-01,3,Great value for money and worth the price.,en
Property K,GoogleMaps,2025-07-01,1,"Kamre ka heater band tha, bahut thanda kamra. Location bekaar thi, market se door.",hinglish
Property L,MakeMyTrip,2025-07-01,3,"The room was spacious and comfortable with a warm heater. Booking me check-in slow tha, bekaar process.",hinglish
Property C,TripAdvisor,2025-07-02,5,"Mountain ka nazara shandar, location badhiya.",hinglish
Property D,GoogleMaps,2025-07-02,3,बाथरूम गंदा था.,hi
Property E,Booking,2025-07-02,5,The food was delicious and the breakfast was fresh.,en
Property H,MakeMyTrip,2025-07-02,3,"The food was delicious and the breakfast was fresh. The bathroom was dirty and smelly, poor hygiene.",en
Property J,GoogleMaps,2025-07-02,2,"खाना बेकार और ठंडा था. Bahut mehenga tha, bilkul value nahi.",hi
Property K,Booking,2025-07-02,1,"Bahut mehenga tha, bilkul value nahi. Location bekaar thi, market se door.",hinglish
Property K,GoogleMaps,2025-07-02,1,"Housekeeping never changed the towels, poor service.",en
Property B,MakeMyTrip,2025-07-03,2,"Booking me check-in slow tha, bekaar process. The room was spacious and comfortable with a warm heater.",hinglish
Property G,Booking,2025-07-03,3,Kamra badhiya aur comfortable tha. खाना बेकार और ठंडा था.,hi
Property H,Booking,2025-07-03,5,"Room service accha tha, towels clean the.",hinglish
Property L,TripAdvisor,2025-07-03,4,The location was great with a beautiful mountain view. Kamra badhiya aur comfortable tha.,hinglish
Property L,GoogleMaps,2025-07-03,3,"खाना बहुत बढ़िया था. Sasta aur accha, paisa vasool stay.",hi
Property C,TripAdvisor,2025-07-04,4,"Sasta aur accha, paisa vasool stay. Bathroom ganda tha, gandagi thi.",hinglish
Property F,Booking,2025-07-04,5,"The check-in was quick and the booking was smooth, really good. The room was spacious and comfortable with a warm heater.",en
Property F,GoogleMaps,2025-07-04,4,"The room was spacious and comfortable with a warm heater. Check-in fast tha, booking process accha.",hinglish
Property G,MakeMyTrip,2025-07-04,3,"Bahut mehenga tha, bilkul value nahi.",hinglish
Property L,MakeMyTrip,2025-07-04,4,The staff were friendly and the reception was helpful.,en
Property L,Booking,2025-07-04,4,The room was spacious and comfortable with a warm heater.,en
Property L,MakeMyTrip,2025-07-04,5,"Check-in fast tha, booking process accha. The staff were friendly and the reception was helpful.",hinglish
Property A,GoogleMaps,2025-07-05,3,"Bathroom ekdum saaf, safai badhiya. Kamre ka heater band tha, bahut thanda kamra.",hinglish
Property C,TripAdvisor,2025-07-05,5,Very clean and hygienic bathroom.,en
Property E,TripAdvisor,2025-07-05,4,The room was spacious and comfortable with a warm heater.,en
Property F,TripAdvisor,2025-07-05,3,"Mountain ka nazara shandar, location badhiya.",hinglish
Property I,MakeMyTrip,2025-07-05,3,"Reception staff ka vyavhaar bekaar tha. Sasta aur accha, paisa vasool stay.",hinglish
Property J,Booking,2025-07-05,5,"Staff ka vyavhaar accha tha, reception helpful.",hinglish
Property E,TripAdvisor,2025-07-06,2,"The location was poor and far from the market. Bathroom ganda tha, gandagi thi.",hinglish
Property E,GoogleMaps,2025-07-06,4,Very clean and hygienic bathroom. The staff were friendly and the reception was helpful.,en
Property G,GoogleMaps,2025-07-06,4,Great value for money and worth the price. खाना बहुत बढ़िया था.,hi
Property I,Booking,2025-07-06,3,"The check-in was quick and the booking was smooth, really good.",en
Property I,GoogleMaps,2025-07-06,4,"Room service accha tha, towels clean the.",hinglish
Property J,Booking,2025-07-06,4,Great value for money and worth the price.,en
Property K,GoogleMaps,2025-07-06,3,"Kamre ka heater band tha, bahut thanda kamra.",hinglish
Property L,MakeMyTrip,2025-07-06,5,"Mountain ka nazara shandar, location badhiya. The food was delicious and the breakfast was fresh.",hinglish
Property L,TripAdvisor,2025-07-06,4,"The check-in was quick and the booking was smooth, really good.",en
Property B,MakeMyTrip,2025-07-07,4,"Mountain ka nazara shandar, location badhiya.",hinglish
Property C,GoogleMaps,2025-07-07,3,The food was delicious and the breakfast was fresh.,en
Property E,MakeMyTrip,2025-07-07,2,"The food was stale and cold, really disappointing. Booking me check-in slow tha, bekaar process.",hinglish
Property E,GoogleMaps,2025-07-07,3,"Kamre ka heater band tha, bahut thanda kamra. Khaana badhiya tha aur nashta bhi tasty.",hinglish
Property F,TripAdvisor,2025-07-07,1,"Housekeeping never changed the towels, poor service.",en
Property L,MakeMyTrip,2025-07-07,5,"Mountain ka nazara shandar, location badhiya. Staff ka vyavhaar accha tha, reception helpful.",hinglish
Property A,Booking,2025-07-08,3,"Kamra badhiya aur comfortable tha. The food was stale and cold, really disappointing.",hinglish
Property A,GoogleMaps,2025-07-08,3,"Mountain ka nazara shandar, location badhiya. Khaana badhiya tha aur nashta bhi tasty.",hinglish
Property B,GoogleMaps,2025-07-08,4,The room was spacious and comfortable with a warm heater.,en
Property B,TripAdvisor,2025-07-08,4,"Bathroom ekdum saaf, safai badhiya. Khaana badhiya tha aur nashta bhi tasty.",hinglish
Property B,Booking,2025-07-08,2,The staff were rude and the manager was unhelpful. Very clean and hygienic bathroom.,en
Property C,TripAdvisor,2025-07-08,4,"The room was spacious and comfortable with a warm heater. Check-in fast tha, booking process accha.",hinglish
Property C,MakeMyTrip,2025-07-08,4,"Mountain ka nazara shandar, location badhiya. Very clean and hygienic bathroom.",hinglish
Property D,MakeMyTrip,2025-07-08,4,The staff were friendly and the reception was helpful.,en
Property D,TripAdvisor,2025-07-08,3,"Room service accha tha, towels clean the. Overpriced and too expensive for what you get.",hinglish
Property E,TripAdvisor,2025-07-08,4,"Room service accha tha, towels clean the.",hinglish
Property G,GoogleMaps,2025-07-08,4,"Housekeeping never changed the towels, poor service. Great value for money and worth the price.",en
Property G,GoogleMaps,2025-07-08,5,Very clean and hygienic bathroom. The location was great with a beautiful mountain view.,en
Property K,TripAdvisor,2025-07-08,2,The check-in was slow and the booking was a problem. The room heater was not working and it was freezing cold at night.,en
Property F,TripAdvisor,2025-07-09,3,"The bathroom was dirty and smelly, poor hygiene. Bahut mehenga tha, bilkul value nahi.",hinglish
Property F,GoogleMaps,2025-07-09,4,"The staff were friendly and the reception was helpful. Location bekaar thi, market se door.",hinglish
Property G,MakeMyTrip,2025-07-09,4,"Bathroom ekdum saaf, safai badhiya.",hinglish
Property J,TripAdvisor,2025-07-09,3,The room heater was not working and it was freezing cold at night. The staff were friendly and the reception was helpful.,en
Property J,GoogleMaps,2025-07-09,1,The location was poor and far from the market.,en
Property K,Booking,2025-07-09,3,बाथरूम गंदा था.,hi
Property K,MakeMyTrip,2025-07-09,2,The location was poor and far from the market.,en
Property L,MakeMyTrip,2025-07-09,3,"Bahut mehenga tha, bilkul value nahi. Room service accha tha, towels clean the.",hinglish
Property A,GoogleMaps,2025-07-10,4,The staff were rude and the manager was unhelpful. The room was spacious and comfortable with a warm heater.,en
Property C,TripAdvisor,2025-07-10,4,Kamra badhiya aur comfortable tha.,hinglish
Property D,Booking,2025-07-10,2,"Location bekaar thi, market se door.",hinglish
Property E,TripAdvisor,2025-07-10,4,The staff were friendly and the reception was helpful.,en
Property G,TripAdvisor,2025-07-10,4,"The bathroom was dirty and smelly, poor hygiene. Khaana badhiya tha aur nashta bhi tasty.",hinglish
Property I,MakeMyTrip,2025-07-10,4,Great value for money and worth the price.,en
Property J,GoogleMaps,2025-07-10,2,"Bahut mehenga tha, bilkul value nahi. Check-in fast tha, booking process accha.",hinglish
Property K,TripAdvisor,2025-07-10,3,Khaana badhiya tha aur nashta bhi tasty.,hinglish
Property K,Booking,2025-07-10,4,Kamra badhiya aur comfortable tha.,hinglish
Property A,TripAdvisor,2025-07-11,4,The food was delicious and the breakfast was fresh.,en
Property C,MakeMyTrip,2025-07-11,5,"Staff ka vyavhaar accha tha, reception helpful.",hinglish
Property G,MakeMyTrip,2025-07-11,4,Very clean and hygienic bathroom. The room heater was not working and it was freezing cold at night.,en
Property H,TripAdvisor,2025-07-11,4,Very clean and hygienic bathroom. Great value for money and worth the price.,en
Property I,Booking,2025-07-11,5,Housekeeping was prompt and the towels were fresh. Kamra badhiya aur comfortable tha.,hinglish
Property I,Booking,2025-07-11,4,"The room was spacious and comfortable with a warm heater. Sasta aur accha, paisa vasool stay.",hinglish
Property A,GoogleMaps,2025-07-12,4,"Staff ka vyavhaar accha tha, reception helpful. खाना बहुत बढ़िया था.",hi
Property B,Booking,2025-07-12,4,"Bathroom ekdum saaf, safai badhiya.",hinglish
Property E,MakeMyTrip,2025-07-12,3,Kamra badhiya aur comfortable tha.,hinglish
Property G,TripAdvisor,2025-07-12,3,The food was delicious and the breakfast was fresh. Very clean and hygienic bathroom.,en
Property I,GoogleMaps,2025-07-12,5,Housekeeping was prompt and the towels were fresh.,en
Property J,TripAdvisor,2025-07-12,4,"The check-in was quick and the booking was smooth, really good.",en
Property K,GoogleMaps,2025-07-12,3,Overpriced and too expensive for what you get. Housekeeping was prompt and the towels were fresh.,en
Property L,Booking,2025-07-12,5,The room was spacious and comfortable with a warm heater.,en
Property B,TripAdvisor,2025-07-13,4,"The staff were rude and the manager was unhelpful. Bathroom ekdum saaf, safai badhiya.",hinglish
Property D,Booking,2025-07-13,4,Kamra badhiya aur comfortable tha.,hinglish
Property E,MakeMyTrip,2025-07-13,4,"Staff ka vyavhaar accha tha, reception helpful.",hinglish
Property F,MakeMyTrip,2025-07-13,4,"Mountain ka nazara shandar, location badhiya.",hinglish
Property F,MakeMyTrip,2025-07-13,5,Great value for money and worth the price.,en
Property F,TripAdvisor,2025-07-13,2,"Reception staff ka vyavhaar bekaar tha. Bathroom ekdum saaf, safai badhiya.",hinglish
Property H,MakeMyTrip,2025-07-13,5,"Staff ka vyavhaar accha tha, reception helpful. Kamra badhiya aur comfortable tha.",hinglish
Property H,MakeMyTrip,2025-07-13,2,The location was poor and far from the market. Reception staff ka vyavhaar bekaar tha.,hinglish
Property H,Booking,2025-07-13,4,The room was spacious and comfortable with a warm heater. Housekeeping was prompt and the towels were fresh.,en
Property I,MakeMyTrip,2025-07-13,3,The location was poor and far from the market. Very clean and hygienic bathroom.,en
Property I,TripAdvisor,2025-07-13,4,Housekeeping was prompt and the towels were fresh. Great value for money and worth the price.,en
Property I,TripAdvisor,2025-07-13,4,"Kamra badhiya aur comfortable tha. Sasta aur accha, paisa vasool stay.",hinglish
Property J,MakeMyTrip,2025-07-13,1,Khaana bekaar aur thanda tha.,hinglish
Property E,TripAdvisor,2025-07-14,2,"खाना बहुत बढ़िया था. Housekeeping never changed the towels, poor service.",hi
Property E,MakeMyTrip,2025-07-14,4,Housekeeping was prompt and the towels were fresh.,en
Property E,GoogleMaps,2025-07-14,4,Great value for money and worth the price.,en
Property F,GoogleMaps,2025-07-14,3,कमरे का हीटर खराब था.,hi
Property H,Booking,2025-07-14,3,The food was delicious and the breakfast was fresh.,en
Property I,MakeMyTrip,2025-07-14,2,"Room service accha tha, towels clean the. Overpriced and too expensive for what you get.",hinglish
Property I,MakeMyTrip,2025-07-14,4,"Sasta aur accha, paisa vasool stay. Location bekaar thi, market se door.",hinglish
Property J,Booking,2025-07-14,1,Reception staff ka vyavhaar bekaar tha. कमरे का हीटर खराब था.,hi
Property L,Booking,2025-07-14,4,The location was great with a beautiful mountain view. Overpriced and too expensive for what you get.,en
Property A,GoogleMaps,2025-07-15,2,"Housekeeping never changed the towels, poor service.",en
Property A,Booking,2025-07-15,4,The food was delicious and the breakfast was fresh. The room was spacious and comfortable with a warm heater.,en
Property G,MakeMyTrip,2025-07-15,2,"The check-in was quick and the booking was smooth, really good. Location bekaar thi, market se door.",hinglish
Property G,MakeMyTrip,2025-07-15,4,The food was delicious and the breakfast was fresh.,en
Property G,MakeMyTrip,2025-07-15,5,"Sasta aur accha, paisa vasool stay. The room was spacious and comfortable with a warm heater.",hinglish
Property K,MakeMyTrip,2025-07-15,2,The check-in was slow and the booking was a problem.,en
Property D,GoogleMaps,2025-07-16,4,"Khaana bekaar aur thanda tha. Mountain ka nazara shandar, location badhiya.",hinglish
Property E,GoogleMaps,2025-07-16,3,"Housekeeping never changed the towels, poor service. खाना बेकार और ठंडा था.",hi
Property F,Booking,2025-07-16,4,"Sasta aur accha, paisa vasool stay. Kamra badhiya aur comfortable tha.",hinglish
Property B,Booking,2025-07-17,3,खाना बहुत बढ़िया था.,hi
Property C,TripAdvisor,2025-07-17,4,The room was spacious and comfortable with a warm heater.,en
Property C,MakeMyTrip,2025-07-17,4,"Bathroom ekdum saaf, safai badhiya.",hinglish
Property E,MakeMyTrip,2025-07-17,2,बाथरूम गंदा था. कमरे का हीटर खराब था.,hi
Property H,Booking,2025-07-17,3,Great value for money and worth the price. The location was poor and far from the market.,en
Property J,Booking,2025-07-17,2,The staff were rude and the manager was unhelpful.,en
Property J,GoogleMaps,2025-07-17,3,"Housekeeping never changed the towels, poor service. The staff were friendly and the reception was helpful.",en
Property L,Booking,2025-07-17,3,खाना बहुत बढ़िया था.,hi
Property A,TripAdvisor,2025-07-18,4,"खाना बहुत बढ़िया था. Bathroom ekdum saaf, safai badhiya.",hi
Property B,TripAdvisor,2025-07-18,3,"Bathroom ganda tha, gandagi thi.",hinglish
Property E,GoogleMaps,2025-07-18,5,"Kamra badhiya aur comfortable tha. Staff ka vyavhaar accha tha, reception helpful.",hinglish
Property F,GoogleMaps,2025-07-18,3,"Staff ka vyavhaar accha tha, reception helpful. Location bekaar thi, market se door.",hinglish
Property F,MakeMyTrip,2025-07-18,2,"Location bekaar thi, market se door. Very clean and hygienic bathroom.",hinglish
Property H,MakeMyTrip,2025-07-18,2,"Towels ganda the, room service bekaar.",hinglish
Property J,TripAdvisor,2025-07-18,3,खाना बहुत बढ़िया था. The room was spacious and comfortable with a warm heater.,hi
Property B,Booking,2025-07-19,4,Kamra badhiya aur comfortable tha.,hinglish
Property D,GoogleMaps,2025-07-19,2,The location was poor and far from the market. Khaana bekaar aur thanda tha.,hinglish
Property F,MakeMyTrip,2025-07-19,3,"Room service accha tha, towels clean the.",hinglish
Property G,MakeMyTrip,2025-07-19,3,"Staff ka vyavhaar accha tha, reception helpful.",hinglish
Property H,TripAdvisor,2025-07-19,5,खाना बहुत बढ़िया था. Kamra badhiya aur comfortable tha.,hi
Property J,Booking,2025-07-19,1,The staff were rude and the manager was unhelpful.,en
Property K,MakeMyTrip,2025-07-19,4,"Sasta aur accha, paisa vasool stay.",hinglish
Property A,MakeMyTrip,2025-07-20,3,"Sasta aur accha, paisa vasool stay.",hinglish
Property A,Booking,2025-07-20,2,"The room was spacious and comfortable with a warm heater. Bahut mehenga tha, bilkul value nahi.",hinglish
Property C,MakeMyTrip,2025-07-20,3,Overpriced and too expensive for what you get.,en
Property D,GoogleMaps,2025-07-20,3,"Kamre ka heater band tha, bahut thanda kamra. Check-in fast tha, booking process accha.",hinglish
Property D,MakeMyTrip,2025-07-20,2,"Khaana bekaar aur thanda tha. Room service accha tha, towels clean the.",hinglish
Property E,MakeMyTrip,2025-07-20,1,"Towels ganda the, room service bekaar.",hinglish
Property F,GoogleMaps,2025-07-20,4,Kamra badhiya aur comfortable tha. The location was great with a beautiful mountain view.,hinglish
Property G,Booking,2025-07-20,2,"The room heater was not working and it was freezing cold at night. Room service accha tha, towels clean the.",hinglish
Property G,MakeMyTrip,2025-07-20,4,"The food was stale and cold, really disappointing. Sasta aur accha, paisa vasool stay.",hinglish
Property J,GoogleMaps,2025-07-20,4,"Room service accha tha, towels clean the.",hinglish
Property L,MakeMyTrip,2025-07-20,4,"Bathroom ekdum saaf, safai badhiya. Mountain ka nazara shandar, location badhiya.",hinglish
Property B,GoogleMaps,2025-07-21,3,Very clean and hygienic bathroom.,en
Property B,Booking,2025-07-21,3,Khaana badhiya tha aur nashta bhi tasty. Housekeeping was prompt and the towels were fresh.,hinglish
Property C,MakeMyTrip,2025-07-21,5,Great value for money and worth the price. The staff were friendly and the reception was helpful.,en
Property D,Booking,2025-07-21,1,The location was poor and far from the market.,en
Property D,TripAdvisor,2025-07-21,2,The location was poor and far from the market. Very clean and hygienic bathroom.,en
Property D,TripAdvisor,2025-07-21,3,"Location bekaar thi, market se door. Staff ka vyavhaar accha tha, reception helpful.",hinglish
Property F,GoogleMaps,2025-07-21,5,The location was great with a beautiful mountain view. Kamra badhiya aur comfortable tha.,hinglish
Property G,Booking,2025-07-21,4,The food was delicious and the breakfast was fresh. The room was spacious and comfortable with a warm heater.,en
Property H,TripAdvisor,2025-07-21,3,The location was poor and far from the market.,en
Property J,GoogleMaps,2025-07-21,4,Very clean and hygienic bathroom. खाना बहुत बढ़िया था.,hi
Property K,Booking,2025-07-21,3,"Bathroom ekdum saaf, safai badhiya. Location bekaar thi, market se door.",hinglish
Property K,GoogleMaps,2025-07-21,4,Housekeeping was prompt and the towels were fresh.,en
Property A,Booking,2025-07-22,3,The food was delicious and the breakfast was fresh. Kamra badhiya aur comfortable tha.,hinglish
Property B,GoogleMaps,2025-07-22,3,The room heater was not working and it was freezing cold at night.,en
Property C,MakeMyTrip,2025-07-22,3,बाथरूम गंदा था.,hi
Property C,Booking,2025-07-22,4,The location was great with a beautiful mountain view. The room was spacious and comfortable with a warm heater.,en
Property D,MakeMyTrip,2025-07-22,2,The check-in was slow and the booking was a problem.,en
Property H,MakeMyTrip,2025-07-22,4,"Sasta aur accha, paisa vasool stay.",hinglish
Property I,GoogleMaps,2025-07-22,3,खाना बहुत बढ़िया था. The room heater was not working and it was freezing cold at night.,hi
Property K,GoogleMaps,2025-07-22,2,"बाथरूम गंदा था. Staff ka vyavhaar accha tha, reception helpful.",hi
Property A,GoogleMaps,2025-07-23,5,Very clean and hygienic bathroom.,en
Property B,GoogleMaps,2025-07-23,4,"Staff ka vyavhaar accha tha, reception helpful.",hinglish
Property C,GoogleMaps,2025-07-23,4,The staff were friendly and the reception was helpful.,en
Property D,GoogleMaps,2025-07-23,1,"Bathroom ganda tha, gandagi thi. Housekeeping never changed the towels, poor service.",hinglish
Property E,TripAdvisor,2025-07-23,4,Khaana badhiya tha aur nashta bhi tasty. Great value for money and worth the price.,hinglish
Property H,GoogleMaps,2025-07-23,1,"Bathroom ganda tha, gandagi thi.",hinglish
Property I,MakeMyTrip,2025-07-23,3,"Sasta aur accha, paisa vasool stay. Bathroom ekdum saaf, safai badhiya.",hinglish
Property J,MakeMyTrip,2025-07-23,1,The room heater was not working and it was freezing cold at night.,en
Property J,TripAdvisor,2025-07-23,2,Khaana bekaar aur thanda tha.,hinglish
Property B,TripAdvisor,2025-07-24,5,"Room service accha tha, towels clean the.",hinglish
Property E,MakeMyTrip,2025-07-24,1,"Towels ganda the, room service bekaar. Bahut mehenga tha, bilkul value nahi.",hinglish
Property F,TripAdvisor,2025-07-25,4,"Bathroom ekdum saaf, safai badhiya. Great value for money and worth the price.",hinglish
Property F,GoogleMaps,2025-07-25,2,The location was poor and far from the market. The staff were rude and the manager was unhelpful.,en
Property G,Booking,2025-07-25,3,"Location bekaar thi, market se door.",hinglish
Property G,MakeMyTrip,2025-07-25,4,The food was delicious and the breakfast was fresh.,en
Property H,TripAdvisor,2025-07-25,3,"The bathroom was dirty and smelly, poor hygiene. Room service accha tha, towels clean the.",hinglish
Property L,MakeMyTrip,2025-07-25,3,Kamra badhiya aur comfortable tha. Housekeeping was prompt and the towels were fresh.,hinglish
Property L,Booking,2025-07-25,1,बाथरूम गंदा था.,hi
Property C,MakeMyTrip,2025-07-26,3,The room was spacious and comfortable with a warm heater.,en
Property D,GoogleMaps,2025-07-26,2,"Bathroom ganda tha, gandagi thi.",hinglish
Property F,Booking,2025-07-26,3,"खाना बेकार और ठंडा था. Sasta aur accha, paisa vasool stay.",hi
Property H,GoogleMaps,2025-07-26,3,"Bahut mehenga tha, bilkul value nahi. Housekeeping never changed the towels, poor service.",hinglish
Property L,TripAdvisor,2025-07-26,4,Kamra badhiya aur comfortable tha.,hinglish
Property A,GoogleMaps,2025-07-27,4,"Check-in fast tha, booking process accha.",hinglish
Property C,GoogleMaps,2025-07-27,4,"Room service accha tha, towels clean the.",hinglish
Property D,GoogleMaps,2025-07-27,1,Overpriced and too expensive for what you get.,en
Property F,GoogleMaps,2025-07-27,3,"The bathroom was dirty and smelly, poor hygiene. Check-in fast tha, booking process accha.",hinglish
Property K,GoogleMaps,2025-07-27,4,खाना बहुत बढ़िया था.,hi
Property B,MakeMyTrip,2025-08-01,3,"Bahut mehenga tha, bilkul value nahi. खाना बहुत बढ़िया था.",hi
Property C,GoogleMaps,2025-08-01,3,Overpriced and too expensive for what you get. Kamra badhiya aur comfortable tha.,hinglish
Property D,Booking,2025-08-01,1,"The food was stale and cold, really disappointing. The staff were rude and the manager was unhelpful.",en
Property H,Booking,2025-08-01,3,"The check-in was quick and the booking was smooth, really good. Housekeeping never changed the towels, poor service.",en
Property I,GoogleMaps,2025-08-01,5,Kamra badhiya aur comfortable tha.,hinglish
Property A,MakeMyTrip,2025-08-02,4,"Housekeeping was prompt and the towels were fresh. The check-in was quick and the booking was smooth, really good.",en
Property B,TripAdvisor,2025-08-02,3,The check-in was slow and the booking was a problem. The room was spacious and comfortable with a warm heater.,en
Property C,GoogleMaps,2025-08-02,3,Great value for money and worth the price. Kamra badhiya aur comfortable tha.,hinglish
Property C,MakeMyTrip,2025-08-02,5,Khaana badhiya tha aur nashta bhi tasty.,hinglish
Property C,GoogleMaps,2025-08-02,3,The room was spacious and comfortable with a warm heater.,en
Property E,MakeMyTrip,2025-08-02,1,Khaana bekaar aur thanda tha.,hinglish
Property F,TripAdvisor,2025-08-02,3,"Bahut mehenga tha, bilkul value nahi. The check-in was slow and the booking was a problem.",hinglish
Property G,TripAdvisor,2025-08-02,4,"Sasta aur accha, paisa vasool stay.",hinglish
Property H,GoogleMaps,2025-08-02,3,कमरे का हीटर खराब था. The food was delicious and the breakfast was fresh.,hi
Property I,MakeMyTrip,2025-08-02,3,Great value for money and worth the price.,en
Property B,Booking,2025-08-03,4,"Sasta aur accha, paisa vasool stay.",hinglish
Property B,MakeMyTrip,2025-08-03,4,"Bathroom ekdum saaf, safai badhiya.",hinglish
Property D,GoogleMaps,2025-08-03,2,"Location bekaar thi, market se door. The food was stale and cold, really disappointing.",hinglish
Property G,MakeMyTrip,2025-08-03,2,खाना बेकार और ठंडा था.,hi
Property I,TripAdvisor,2025-08-03,2,"The location was poor and far from the market. Housekeeping never changed the towels, poor service.",en
Property J,GoogleMaps,2025-08-03,3,The location was great with a beautiful mountain view. Khaana badhiya tha aur nashta bhi tasty.,hinglish
Property K,GoogleMaps,2025-08-03,2,"Kamre ka heater band tha, bahut thanda kamra.",hinglish
Property K,TripAdvisor,2025-08-03,4,"Room service accha tha, towels clean the. Mountain ka nazara shandar, location badhiya.",hinglish
Property L,Booking,2025-08-03,4,Great value for money and worth the price.,en
Property C,GoogleMaps,2025-08-04,4,"Bathroom ekdum saaf, safai badhiya. Khaana badhiya tha aur nashta bhi tasty.",hinglish
Property D,GoogleMaps,2025-08-04,4,The staff were friendly and the reception was helpful.,en
Property F,Booking,2025-08-04,2,कमरे का हीटर खराब था.,hi
Property I,MakeMyTrip,2025-08-04,3,"Bathroom ekdum saaf, safai badhiya. कमरे का हीटर खराब था.",hi
Property K,GoogleMaps,2025-08-04,2,"Overpriced and too expensive for what you get. Kamre ka heater band tha, bahut thanda kamra.",hinglish
Property K,Booking,2025-08-04,3,The room was spacious and comfortable with a warm heater. खाना बेकार और ठंडा था.,hi
Property L,MakeMyTrip,2025-08-04,4,Very clean and hygienic bathroom. खाना बहुत बढ़िया था.,hi
Property B,MakeMyTrip,2025-08-05,4,The location was great with a beautiful mountain view.,en
Property G,GoogleMaps,2025-08-05,3,"Staff ka vyavhaar accha tha, reception helpful.",hinglish
Property H,MakeMyTrip,2025-08-05,3,Reception staff ka vyavhaar bekaar tha.,hinglish
Property L,Booking,2025-08-05,3,"Room service accha tha, towels clean the.",hinglish
Property L,GoogleMaps,2025-08-05,4,"Bathroom ekdum saaf, safai badhiya. Khaana badhiya tha aur nashta bhi tasty.",hinglish
Property D,Booking,2025-08-06,5,The room was spacious and comfortable with a warm heater. The staff were friendly and the reception was helpful.,en
Property D,TripAdvisor,2025-08-06,3,"Kamre ka heater band tha, bahut thanda kamra. Staff ka vyavhaar accha tha, reception helpful.",hinglish
Property F,GoogleMaps,2025-08-06,4,"Check-in fast tha, booking process accha. Very clean and hygienic bathroom.",hinglish
Property I,MakeMyTrip,2025-08-06,4,"The check-in was quick and the booking was smooth, really good.",en
Property L,GoogleMaps,2025-08-06,3,कमरे का हीटर खराब था.,hi
Property A,TripAdvisor,2025-08-07,4,"Staff ka vyavhaar accha tha, reception helpful.",hinglish
Property A,GoogleMaps,2025-08-07,2,"The bathroom was dirty and smelly, poor hygiene.",en
Property F,TripAdvisor,2025-08-07,4,The room was spacious and comfortable with a warm heater.,en
Property F,GoogleMaps,2025-08-07,1,"Towels ganda the, room service bekaar. बाथरूम गंदा था.",hi
Property G,MakeMyTrip,2025-08-07,3,The room was spacious and comfortable with a warm heater. Khaana badhiya tha aur nashta bhi tasty.,hinglish
Property H,GoogleMaps,2025-08-07,4,"Kamre ka heater band tha, bahut thanda kamra. Staff ka vyavhaar accha tha, reception helpful.",hinglish
Property I,MakeMyTrip,2025-08-07,4,Khaana badhiya tha aur nashta bhi tasty.,hinglish
Property J,MakeMyTrip,2025-08-07,4,Khaana badhiya tha aur nashta bhi tasty.,hinglish
Property L,Booking,2025-08-07,1,"The bathroom was dirty and smelly, poor hygiene.",en
Property L,TripAdvisor,2025-08-07,5,The location was great with a beautiful mountain view.,en
Property C,MakeMyTrip,2025-08-08,5,The room was spacious and comfortable with a warm heater.,en
Property G,Booking,2025-08-08,3,"The bathroom was dirty and smelly, poor hygiene. The staff were friendly and the reception was helpful.",en
Property G,Booking,2025-08-08,4,"The food was delicious and the breakfast was fresh. The check-in was quick and the booking was smooth, really good.",en
Property G,TripAdvisor,2025-08-08,5,"The check-in was quick and the booking was smooth, really good. Very clean and hygienic bathroom.",en
Property H,Booking,2025-08-08,5,The room was spacious and comfortable with a warm heater.,en
Property E,TripAdvisor,2025-08-09,2,"Sasta aur accha, paisa vasool stay. Reception staff ka vyavhaar bekaar tha.",hinglish
Property F,MakeMyTrip,2025-08-09,4,Khaana badhiya tha aur nashta bhi tasty.,hinglish
Property F,TripAdvisor,2025-08-09,2,"Location bekaar thi, market se door. Khaana bekaar aur thanda tha.",hinglish
Property H,MakeMyTrip,2025-08-09,3,Overpriced and too expensive for what you get. Khaana bekaar aur thanda tha.,hinglish
Property H,MakeMyTrip,2025-08-09,5,"Sasta aur accha, paisa vasool stay.",hinglish
Property L,Booking,2025-08-09,1,Overpriced and too expensive for what you get.,en
Property A,MakeMyTrip,2025-08-10,3,"Kamra badhiya aur comfortable tha. Room service accha tha, towels clean the.",hinglish
Property A,MakeMyTrip,2025-08-10,4,The food was delicious and the breakfast was fresh.,en
Property B,MakeMyTrip,2025-08-10,4,"Bathroom ekdum saaf, safai badhiya.",hinglish
Property F,GoogleMaps,2025-08-10,2,"कमरे का हीटर खराब था. Location bekaar thi, market se door.",hi
Property K,Booking,2025-08-10,3,"The room was spacious and comfortable with a warm heater. The food was stale and cold, really disappointing.",en
Property A,Booking,2025-08-11,4,Kamra badhiya aur comfortable tha.,hinglish
Property D,Booking,2025-08-11,2,"Booking me check-in slow tha, bekaar process.",hinglish
Property E,TripAdvisor,2025-08-11,4,"Mountain ka nazara shandar, location badhiya.",hinglish
Property E,MakeMyTrip,2025-08-11,4,"Check-in fast tha, booking process accha.",hinglish
Property E,Booking,2025-08-11,4,Housekeeping was prompt and the towels were fresh.,en
Property H,MakeMyTrip,2025-08-11,2,The staff were rude and the manager was unhelpful.,en
Property H,MakeMyTrip,2025-08-11,3,"Kamra badhiya aur comfortable tha. The check-in was quick and the booking was smooth, really good.",hinglish
Property I,GoogleMaps,2025-08-11,4,The food was delicious and the breakfast was fresh.,en
Property K,GoogleMaps,2025-08-11,4,"Housekeeping never changed the towels, poor service. Sasta aur accha, paisa vasool stay.",hinglish
Property L,Booking,2025-08-11,5,The food was delicious and the breakfast was fresh.,en
Property L,GoogleMaps,2025-08-11,5,Great value for money and worth the price.,en
Property A,TripAdvisor,2025-08-12,2,"Kamre ka heater band tha, bahut thanda kamra.",hinglish
Property B,GoogleMaps,2025-08-12,1,कमरे का हीटर खराब था.,hi
Property E,TripAdvisor,2025-08-12,4,"Very clean and hygienic bathroom. Staff ka vyavhaar accha tha, reception helpful.",hinglish
Property F,MakeMyTrip,2025-08-12,4,Khaana bekaar aur thanda tha. The room was spacious and comfortable with a warm heater.,hinglish
Property G,Booking,2025-08-12,3,The staff were rude and the manager was unhelpful.,en
Property I,MakeMyTrip,2025-08-12,2,"Kamre ka heater band tha, bahut thanda kamra. Very clean and hygienic bathroom.",hinglish
Property J,MakeMyTrip,2025-08-12,2,"The check-in was quick and the booking was smooth, really good. Khaana bekaar aur thanda tha.",hinglish
Property K,Booking,2025-08-12,4,Great value for money and worth the price. The room was spacious and comfortable with a warm heater.,en
Property A,MakeMyTrip,2025-08-13,2,Khaana bekaar aur thanda tha. The room was spacious and comfortable with a warm heater.,hinglish
Property E,Booking,2025-08-13,2,The room heater was not working and it was freezing cold at night.,en
Property F,TripAdvisor,2025-08-13,3,"The food was stale and cold, really disappointing. The room was spacious and comfortable with a warm heater.",en
Property G,MakeMyTrip,2025-08-13,4,"Kamre ka heater band tha, bahut thanda kamra. Bathroom ekdum saaf, safai badhiya.",hinglish
Property H,MakeMyTrip,2025-08-13,5,"Mountain ka nazara shandar, location badhiya.",hinglish
Property I,MakeMyTrip,2025-08-13,4,The location was great with a beautiful mountain view.,en
Property J,MakeMyTrip,2025-08-13,3,"Khaana bekaar aur thanda tha. Mountain ka nazara shandar, location badhiya.",hinglish
Property L,TripAdvisor,2025-08-13,3,"Great value for money and worth the price. Staff ka vyavhaar accha tha, reception helpful.",hinglish
Property A,MakeMyTrip,2025-08-14,4,The staff were friendly and the reception was helpful. खाना बेकार और ठंडा था.,hi
Property B,GoogleMaps,2025-08-14,2,"Bahut mehenga tha, bilkul value nahi. Kamra badhiya aur comfortable tha.",hinglish
Property B,Booking,2025-08-14,1,खाना बेकार और ठंडा था.,hi
Property B,GoogleMaps,2025-08-14,4,"Staff ka vyavhaar accha tha, reception helpful.",hinglish
Property E,GoogleMaps,2025-08-14,4,Very clean and hygienic bathroom.,en
Property F,GoogleMaps,2025-08-14,3,Great value for money and worth the price.,en
Property G,Booking,2025-08-14,3,Reception staff ka vyavhaar bekaar tha. Khaana badhiya tha aur nashta bhi tasty.,hinglish
Property H,Booking,2025-08-14,3,Kamra badhiya aur comfortable tha. Khaana badhiya tha aur nashta bhi tasty.,hinglish
Property H,GoogleMaps,2025-08-14,2,Khaana bekaar aur thanda tha. The room was spacious and comfortable with a warm heater.,hinglish
Property I,MakeMyTrip,2025-08-14,3,"The room was spacious and comfortable with a warm heater. Sasta aur accha, paisa vasool stay.",hinglish
Property B,TripAdvisor,2025-08-15,4,"Room service accha tha, towels clean the.",hinglish
Property C,GoogleMaps,2025-08-15,5,The food was delicious and the breakfast was fresh.,en
Property D,GoogleMaps,2025-08-15,1,Overpriced and too expensive for what you get.,en
Property C,Booking,2025-08-16,4,"Bathroom ekdum saaf, safai badhiya.",hinglish
Property E,TripAdvisor,2025-08-16,1,"Overpriced and too expensive for what you get. Housekeeping never changed the towels, poor service.",en
Property F,MakeMyTrip,2025-08-16,2,The check-in was slow and the booking was a problem.,en
Property H,GoogleMaps,2025-08-16,2,"The bathroom was dirty and smelly, poor hygiene.",en
Property J,GoogleMaps,2025-08-16,3,Overpriced and too expensive for what you get. Khaana badhiya tha aur nashta bhi tasty.,hinglish
Property C,Booking,2025-08-17,3,The food was delicious and the breakfast was fresh.,en
Property E,MakeMyTrip,2025-08-17,4,"Room service accha tha, towels clean the. The room was spacious and comfortable with a warm heater.",hinglish
Property G,MakeMyTrip,2025-08-17,1,"The food was stale and cold, really disappointing.",en
Property G,GoogleMaps,2025-08-17,4,Great value for money and worth the price. The staff were friendly and the reception was helpful.,en
Property H,MakeMyTrip,2025-08-17,3,"The room heater was not working and it was freezing cold at night. Check-in fast tha, booking process accha.",hinglish
Property H,GoogleMaps,2025-08-17,4,"Check-in fast tha, booking process accha. The bathroom was dirty and smelly, poor hygiene.",hinglish
Property J,Booking,2025-08-17,4,"Bathroom ekdum saaf, safai badhiya.",hinglish
Property J,TripAdvisor,2025-08-17,5,Great value for money and worth the price.,en
Property J,MakeMyTrip,2025-08-17,3,The room was spacious and comfortable with a warm heater.,en
Property B,MakeMyTrip,2025-08-18,4,"Staff ka vyavhaar accha tha, reception helpful. Very clean and hygienic bathroom.",hinglish
Property B,TripAdvisor,2025-08-18,2,"Housekeeping never changed the towels, poor service. The location was poor and far from the market.",en
Property C,GoogleMaps,2025-08-18,1,Khaana bekaar aur thanda tha. Overpriced and too expensive for what you get.,hinglish
Property E,TripAdvisor,2025-08-18,4,"The room was spacious and comfortable with a warm heater. Room service accha tha, towels clean the.",hinglish
Property F,GoogleMaps,2025-08-18,3,"Check-in fast tha, booking process accha. Great value for money and worth the price.",hinglish
Property F,MakeMyTrip,2025-08-18,4,"Reception staff ka vyavhaar bekaar tha. Check-in fast tha, booking process accha.",hinglish
Property G,MakeMyTrip,2025-08-18,2,The staff were rude and the manager was unhelpful. Very clean and hygienic bathroom.,en
Property K,MakeMyTrip,2025-08-18,2,The room heater was not working and it was freezing cold at night.,en
Property L,Booking,2025-08-18,3,"Bahut mehenga tha, bilkul value nahi.",hinglish
Property L,GoogleMaps,2025-08-18,3,"The bathroom was dirty and smelly, poor hygiene. The food was delicious and the breakfast was fresh.",en
Property L,Booking,2025-08-18,5,"Room service accha tha, towels clean the.",hinglish
Property L,TripAdvisor,2025-08-18,4,"Mountain ka nazara shandar, location badhiya.",hinglish
Property A,GoogleMaps,2025-08-19,4,"Room service accha tha, towels clean the.",hinglish
Property B,GoogleMaps,2025-08-19,4,"Bathroom ekdum saaf, safai badhiya. Bahut mehenga tha, bilkul value nahi.",hinglish
Property B,MakeMyTrip,2025-08-19,4,Very clean and hygienic bathroom. खाना बहुत बढ़िया था.,hi
Property D,TripAdvisor,2025-08-19,4,"The check-in was quick and the booking was smooth, really good.",en
Property G,Booking,2025-08-19,3,"Staff ka vyavhaar accha tha, reception helpful.",hinglish
Property H,Booking,2025-08-19,3,"Bahut mehenga tha, bilkul value nahi. The food was delicious and the breakfast was fresh.",hinglish
Property J,GoogleMaps,2025-08-19,3,Great value for money and worth the price. The room heater was not working and it was freezing cold at night.,en
Property J,GoogleMaps,2025-08-19,2,The staff were rude and the manager was unhelpful.,en
Property K,GoogleMaps,2025-08-19,2,The location was poor and far from the market.,en
Property L,GoogleMaps,2025-08-19,4,The location was great with a beautiful mountain view. The staff were friendly and the reception was helpful.,en
Property A,GoogleMaps,2025-08-20,4,"Check-in fast tha, booking process accha.",hinglish
Property A,MakeMyTrip,2025-08-20,4,Overpriced and too expensive for what you get. Very clean and hygienic bathroom.,en
Property G,GoogleMaps,2025-08-20,3,Great value for money and worth the price.,en
Property I,MakeMyTrip,2025-08-20,3,"Sasta aur accha, paisa vasool stay. Check-in fast tha, booking process accha.",hinglish
Property I,GoogleMaps,2025-08-20,3,The food was delicious and the breakfast was fresh. कमरे का हीटर खराब था.,hi
Property J,TripAdvisor,2025-08-20,4,"Mountain ka nazara shandar, location badhiya.",hinglish
Property J,TripAdvisor,2025-08-20,3,कमरे का हीटर खराब था. The food was delicious and the breakfast was fresh.,hi
Property L,Booking,2025-08-20,4,"The check-in was quick and the booking was smooth, really good.",en
Property A,MakeMyTrip,2025-08-21,4,The room was spacious and comfortable with a warm heater. The food was delicious and the breakfast was fresh.,en
Property D,Booking,2025-08-21,2,"Booking me check-in slow tha, bekaar process.",hinglish
Property D,Booking,2025-08-21,3,"Booking me check-in slow tha, bekaar process. Kamre ka heater band tha, bahut thanda kamra.",hinglish
Property G,GoogleMaps,2025-08-21,3,"Mountain ka nazara shandar, location badhiya. कमरे का हीटर खराब था.",hi
Property G,Booking,2025-08-21,3,The room heater was not working and it was freezing cold at night. Great value for money and worth the price.,en
Property H,TripAdvisor,2025-08-21,3,Very clean and hygienic bathroom. The check-in was slow and the booking was a problem.,en
Property K,MakeMyTrip,2025-08-21,4,Kamra badhiya aur comfortable tha.,hinglish
Property C,MakeMyTrip,2025-08-22,2,"The food was stale and cold, really disappointing. Kamra badhiya aur comfortable tha.",hinglish
Property C,MakeMyTrip,2025-08-22,2,"Booking me check-in slow tha, bekaar process.",hinglish
Property D,MakeMyTrip,2025-08-22,2,Reception staff ka vyavhaar bekaar tha. The room was spacious and comfortable with a warm heater.,hinglish
Property D,TripAdvisor,2025-08-22,3,Khaana badhiya tha aur nashta bhi tasty.,hinglish
Property E,Booking,2025-08-22,1,Overpriced and too expensive for what you get.,en
Property E,TripAdvisor,2025-08-22,2,"Mountain ka nazara shandar, location badhiya. Khaana bekaar aur thanda tha.",hinglish
Property F,MakeMyTrip,2025-08-22,3,Kamra badhiya aur comfortable tha.,hinglish
Property F,Booking,2025-08-22,2,Very clean and hygienic bathroom. कमरे का हीटर खराब था.,hi
Property G,Booking,2025-08-22,3,Khaana bekaar aur thanda tha. Great value for money and worth the price.,hinglish
Property K,GoogleMaps,2025-08-22,1,खाना बेकार और ठंडा था.,hi
Property L,MakeMyTrip,2025-08-22,4,Great value for money and worth the price. The room was spacious and comfortable with a warm heater.,en
Property A,MakeMyTrip,2025-08-23,4,"Sasta aur accha, paisa vasool stay. The check-in was quick and the booking was smooth, really good.",hinglish
Property B,Booking,2025-08-23,5,"Mountain ka nazara shandar, location badhiya. Very clean and hygienic bathroom.",hinglish
Property C,GoogleMaps,2025-08-23,5,"Bathroom ekdum saaf, safai badhiya.",hinglish
Property F,GoogleMaps,2025-08-23,4,The room was spacious and comfortable with a warm heater.,en
Property J,GoogleMaps,2025-08-23,3,The room heater was not working and it was freezing cold at night. The location was great with a beautiful mountain view.,en
Property A,Booking,2025-08-24,5,The staff were friendly and the reception was helpful. Very clean and hygienic bathroom.,en
Property B,Booking,2025-08-24,3,Very clean and hygienic bathroom. The room heater was not working and it was freezing cold at night.,en
Property E,GoogleMaps,2025-08-24,3,कमरे का हीटर खराब था.,hi
Property G,TripAdvisor,2025-08-24,3,खाना बहुत बढ़िया था. Very clean and hygienic bathroom.,hi
Property I,TripAdvisor,2025-08-24,3,"Kamra badhiya aur comfortable tha. Room service accha tha, towels clean the.",hinglish
Property K,TripAdvisor,2025-08-24,2,"The bathroom was dirty and smelly, poor hygiene. Location bekaar thi, market se door.",hinglish
Property B,TripAdvisor,2025-08-25,3,"The food was stale and cold, really disappointing. The location was great with a beautiful mountain view.",en
Property B,TripAdvisor,2025-08-25,2,"Booking me check-in slow tha, bekaar process. The location was great with a beautiful mountain view.",hinglish
Property C,TripAdvisor,2025-08-25,2,"Towels ganda the, room service bekaar. The bathroom was dirty and smelly, poor hygiene.",hinglish
Property D,MakeMyTrip,2025-08-25,2,Khaana bekaar aur thanda tha. Very clean and hygienic bathroom.,hinglish
Property E,TripAdvisor,2025-08-25,2,"The food was stale and cold, really disappointing.",en
Property E,TripAdvisor,2025-08-25,5,"Staff ka vyavhaar accha tha, reception helpful. खाना बहुत बढ़िया था.",hi
Property G,GoogleMaps,2025-08-25,3,"कमरे का हीटर खराब था. Staff ka vyavhaar accha tha, reception helpful.",hi
Property H,TripAdvisor,2025-08-25,4,"The check-in was quick and the booking was smooth, really good.",en
Property H,GoogleMaps,2025-08-25,2,"Khaana badhiya tha aur nashta bhi tasty. Bathroom ganda tha, gandagi thi.",hinglish
Property I,TripAdvisor,2025-08-25,3,"Sasta aur accha, paisa vasool stay. Kamra badhiya aur comfortable tha.",hinglish
Property I,GoogleMaps,2025-08-25,3,"Sasta aur accha, paisa vasool stay. The food was stale and cold, really disappointing.",hinglish
Property J,MakeMyTrip,2025-08-25,2,The staff were rude and the manager was unhelpful.,en
Property J,MakeMyTrip,2025-08-25,2,खाना बेकार और ठंडा था.,hi
Property K,Booking,2025-08-25,3,कमरे का हीटर खराब था. Overpriced and too expensive for what you get.,hi
Property L,TripAdvisor,2025-08-25,4,"खाना बहुत बढ़िया था. Bathroom ekdum saaf, safai badhiya.",hi
Property A,Booking,2025-08-26,4,The location was great with a beautiful mountain view.,en
Property A,GoogleMaps,2025-08-26,4,"Staff ka vyavhaar accha tha, reception helpful.",hinglish
Property C,TripAdvisor,2025-08-26,4,"Staff ka vyavhaar accha tha, reception helpful. Sasta aur accha, paisa vasool stay.",hinglish
Property D,MakeMyTrip,2025-08-26,1,Reception staff ka vyavhaar bekaar tha. The check-in was slow and the booking was a problem.,hinglish
Property J,GoogleMaps,2025-08-26,3,Reception staff ka vyavhaar bekaar tha.,hinglish
Property J,TripAdvisor,2025-08-26,1,खाना बेकार और ठंडा था. Reception staff ka vyavhaar bekaar tha.,hi
Property J,TripAdvisor,2025-08-26,4,Khaana badhiya tha aur nashta bhi tasty.,hinglish
Property B,GoogleMaps,2025-08-27,4,Kamra badhiya aur comfortable tha.,hinglish
Property C,MakeMyTrip,2025-08-27,2,"The bathroom was dirty and smelly, poor hygiene. Kamra badhiya aur comfortable tha.",hinglish
Property C,GoogleMaps,2025-08-27,3,The room heater was not working and it was freezing cold at night.,en
Property D,MakeMyTrip,2025-08-27,3,"The check-in was quick and the booking was smooth, really good.",en
Property E,TripAdvisor,2025-08-27,4,"Mountain ka nazara shandar, location badhiya. The food was stale and cold, really disappointing.",hinglish
Property F,MakeMyTrip,2025-08-27,4,"Kamra badhiya aur comfortable tha. Bathroom ekdum saaf, safai badhiya.",hinglish
Property K,Booking,2025-08-27,2,"खाना बहुत बढ़िया था. Housekeeping never changed the towels, poor service.",hi
Property K,TripAdvisor,2025-08-27,1,Khaana bekaar aur thanda tha. Overpriced and too expensive for what you get.,hinglish
Property B,TripAdvisor,2025-09-01,4,Kamra badhiya aur comfortable tha. The food was delicious and the breakfast was fresh.,hinglish
Property B,TripAdvisor,2025-09-01,2,"Bathroom ganda tha, gandagi thi.",hinglish
Property C,GoogleMaps,2025-09-01,5,"The food was delicious and the breakfast was fresh. Mountain ka nazara shandar, location badhiya.",hinglish
Property G,Booking,2025-09-01,5,"Staff ka vyavhaar accha tha, reception helpful.",hinglish
Property H,GoogleMaps,2025-09-01,2,The room heater was not working and it was freezing cold at night. Khaana bekaar aur thanda tha.,hinglish
Property H,TripAdvisor,2025-09-01,4,The room was spacious and comfortable with a warm heater.,en
Property K,MakeMyTrip,2025-09-01,2,Reception staff ka vyavhaar bekaar tha.,hinglish
Property K,Booking,2025-09-01,4,"Mountain ka nazara shandar, location badhiya. Room service accha tha, towels clean the.",hinglish
Property K,TripAdvisor,2025-09-01,2,Overpriced and too expensive for what you get.,en
Property L,MakeMyTrip,2025-09-01,5,"खाना बहुत बढ़िया था. Sasta aur accha, paisa vasool stay.",hi
Property L,GoogleMaps,2025-09-01,3,"Kamra badhiya aur comfortable tha. Booking me check-in slow tha, bekaar process.",hinglish
Property A,Booking,2025-09-02,4,"Bathroom ekdum saaf, safai badhiya. खाना बहुत बढ़िया था.",hi
Property A,GoogleMaps,2025-09-02,5,Housekeeping was prompt and the towels were fresh.,en
Property A,MakeMyTrip,2025-09-02,3,The room was spacious and comfortable with a warm heater.,en
Property A,TripAdvisor,2025-09-02,2,The staff were rude and the manager was unhelpful.,en
Property B,MakeMyTrip,2025-09-02,3,"Bathroom ekdum saaf, safai badhiya.",hinglish
Property C,Booking,2025-09-02,4,The food was delicious and the breakfast was fresh.,en
Property D,Booking,2025-09-02,4,The staff were friendly and the reception was helpful.,en
Property D,TripAdvisor,2025-09-02,2,The staff were rude and the manager was unhelpful. Khaana badhiya tha aur nashta bhi tasty.,hinglish
Property E,MakeMyTrip,2025-09-02,2,"Bathroom ekdum saaf, safai badhiya. Bahut mehenga tha, bilkul value nahi.",hinglish
Property H,TripAdvisor,2025-09-02,2,"Staff ka vyavhaar accha tha, reception helpful. The location was poor and far from the market.",hinglish
Property I,MakeMyTrip,2025-09-02,3,Khaana badhiya tha aur nashta bhi tasty.,hinglish
Property J,TripAdvisor,2025-09-02,3,"Room service accha tha, towels clean the. The staff were rude and the manager was unhelpful.",hinglish
Property K,GoogleMaps,2025-09-02,1,"Towels ganda the, room service bekaar.",hinglish
Property B,MakeMyTrip,2025-09-03,5,खाना बहुत बढ़िया था.,hi
Property C,MakeMyTrip,2025-09-03,3,"Sasta aur accha, paisa vasool stay. The location was great with a beautiful mountain view.",hinglish
Property G,MakeMyTrip,2025-09-03,3,"Mountain ka nazara shandar, location badhiya.",hinglish
Property G,MakeMyTrip,2025-09-03,2,"Bathroom ganda tha, gandagi thi.",hinglish
Property H,TripAdvisor,2025-09-03,4,The food was delicious and the breakfast was fresh.,en
Property I,TripAdvisor,2025-09-03,4,The staff were friendly and the reception was helpful. The food was delicious and the breakfast was fresh.,en
Property J,GoogleMaps,2025-09-03,4,The room was spacious and comfortable with a warm heater. Very clean and hygienic bathroom.,en
Property A,Booking,2025-09-04,3,"The food was stale and cold, really disappointing. The check-in was quick and the booking was smooth, really good.",en
Property A,MakeMyTrip,2025-09-04,4,"Bathroom ekdum saaf, safai badhiya.",hinglish
Property A,GoogleMaps,2025-09-04,4,खाना बहुत बढ़िया था.,hi
Property C,MakeMyTrip,2025-09-04,5,The food was delicious and the breakfast was fresh. The location was great with a beautiful mountain view.,en
Property E,MakeMyTrip,2025-09-04,4,"Bathroom ekdum saaf, safai badhiya.",hinglish
Property E,GoogleMaps,2025-09-04,4,The location was poor and far from the market. खाना बहुत बढ़िया था.,hi
Property F,Booking,2025-09-04,3,"Bathroom ekdum saaf, safai badhiya. खाना बेकार और ठंडा था.",hi
Property H,MakeMyTrip,2025-09-04,2,The staff were friendly and the reception was helpful. बाथरूम गंदा था.,hi
Property J,GoogleMaps,2025-09-04,4,"Very clean and hygienic bathroom. Room service accha tha, towels clean the.",hinglish
Property J,Booking,2025-09-04,4,"Staff ka vyavhaar accha tha, reception helpful.",hinglish
Property L,Booking,2025-09-04,4,"Sasta aur accha, paisa vasool stay. The food was delicious and the breakfast was fresh.",hinglish
Property A,MakeMyTrip,2025-09-05,5,"Staff ka vyavhaar accha tha, reception helpful.",hinglish
Property B,GoogleMaps,2025-09-05,4,"The location was great with a beautiful mountain view. The food was stale and cold, really disappointing.",en
Property B,Booking,2025-09-05,4,The staff were friendly and the reception was helpful.,en
Property D,GoogleMaps,2025-09-05,4,"Mountain ka nazara shandar, location badhiya. Staff ka vyavhaar accha tha, reception helpful.",hinglish
Property E,Booking,2025-09-05,2,"The bathroom was dirty and smelly, poor hygiene.",en
Property E,Booking,2025-09-05,3,Khaana bekaar aur thanda tha.,hinglish
Property G,MakeMyTrip,2025-09-05,5,"Check-in fast tha, booking process accha.",hinglish
Property H,MakeMyTrip,2025-09-05,3,The staff were friendly and the reception was helpful.,en
Property J,TripAdvisor,2025-09-05,3,Housekeeping was prompt and the towels were fresh.,en
Property L,GoogleMaps,2025-09-05,3,The room was spacious and comfortable with a warm heater.,en
Property B,TripAdvisor,2025-09-06,5,The room was spacious and comfortable with a warm heater.,en
Property D,TripAdvisor,2025-09-06,1,"Location bekaar thi, market se door.",hinglish
Property E,TripAdvisor,2025-09-06,4,The location was great with a beautiful mountain view. The food was delicious and the breakfast was fresh.,en
Property E,MakeMyTrip,2025-09-06,2,"Housekeeping never changed the towels, poor service.",en
Property F,GoogleMaps,2025-09-06,4,"The location was poor and far from the market. Sasta aur accha, paisa vasool stay.",hinglish
Property H,Booking,2025-09-06,4,Kamra badhiya aur comfortable tha.,hinglish
Property J,GoogleMaps,2025-09-06,2,"बाथरूम गंदा था. Mountain ka nazara shandar, location badhiya.",hi
Property K,MakeMyTrip,2025-09-06,2,"Housekeeping never changed the towels, poor service.",en
Property C,TripAdvisor,2025-09-07,4,Housekeeping was prompt and the towels were fresh. The room was spacious and comfortable with a warm heater.,en
Property H,Booking,2025-09-07,3,"Kamra badhiya aur comfortable tha. Sasta aur accha, paisa vasool stay.",hinglish
Property I,GoogleMaps,2025-09-07,1,The staff were rude and the manager was unhelpful.,en
Property K,GoogleMaps,2025-09-07,3,"Towels ganda the, room service bekaar.",hinglish
Property L,GoogleMaps,2025-09-07,4,The room was spacious and comfortable with a warm heater. खाना बहुत बढ़िया था.,hi
Property A,GoogleMaps,2025-09-08,4,खाना बहुत बढ़िया था.,hi
Property I,MakeMyTrip,2025-09-08,4,The room was spacious and comfortable with a warm heater.,en
Property J,MakeMyTrip,2025-09-08,4,Housekeeping was prompt and the towels were fresh.,en
Property L,Booking,2025-09-08,4,Kamra badhiya aur comfortable tha. Great value for money and worth the price.,hinglish
Property A,TripAdvisor,2025-09-09,4,"Bathroom ekdum saaf, safai badhiya.",hinglish
Property A,Booking,2025-09-09,5,"Room service accha tha, towels clean the. खाना बहुत बढ़िया था.",hi
Property C,GoogleMaps,2025-09-09,4,Great value for money and worth the price.,en
Property G,TripAdvisor,2025-09-09,2,"The food was stale and cold, really disappointing. Mountain ka nazara shandar, location badhiya.",hinglish
Property H,Booking,2025-09-09,4,"The food was delicious and the breakfast was fresh. Bathroom ekdum saaf, safai badhiya.",hinglish
Property H,Booking,2025-09-09,2,"The bathroom was dirty and smelly, poor hygiene. The location was poor and far from the market.",en
Property J,Booking,2025-09-09,3,The food was delicious and the breakfast was fresh. Great value for money and worth the price.,en
Property B,Booking,2025-09-10,1,खाना बेकार और ठंडा था. Overpriced and too expensive for what you get.,hi
Property C,GoogleMaps,2025-09-10,2,"Bahut mehenga tha, bilkul value nahi.",hinglish
Property D,TripAdvisor,2025-09-10,4,खाना बहुत बढ़िया था.,hi
Property F,TripAdvisor,2025-09-10,4,The room was spacious and comfortable with a warm heater.,en
Property G,Booking,2025-09-10,2,"Booking me check-in slow tha, bekaar process.",hinglish
Property G,TripAdvisor,2025-09-10,4,Kamra badhiya aur comfortable tha.,hinglish
Property H,MakeMyTrip,2025-09-10,4,Kamra badhiya aur comfortable tha.,hinglish
Property K,TripAdvisor,2025-09-10,3,"Sasta aur accha, paisa vasool stay.",hinglish
Property K,Booking,2025-09-10,1,"Reception staff ka vyavhaar bekaar tha. Bathroom ganda tha, gandagi thi.",hinglish
Property B,TripAdvisor,2025-09-11,2,Overpriced and too expensive for what you get.,en
Property C,MakeMyTrip,2025-09-11,4,The location was great with a beautiful mountain view. Kamra badhiya aur comfortable tha.,hinglish
Property C,TripAdvisor,2025-09-11,4,"Mountain ka nazara shandar, location badhiya. Staff ka vyavhaar accha tha, reception helpful.",hinglish
Property C,MakeMyTrip,2025-09-11,4,"Sasta aur accha, paisa vasool stay. Booking me check-in slow tha, bekaar process.",hinglish
Property E,Booking,2025-09-11,3,"Bathroom ekdum saaf, safai badhiya.",hinglish
Property G,MakeMyTrip,2025-09-11,3,"The food was delicious and the breakfast was fresh. Bathroom ekdum saaf, safai badhiya.",hinglish
Property D,TripAdvisor,2025-09-12,3,खाना बहुत बढ़िया था. The location was poor and far from the market.,hi
Property I,Booking,2025-09-12,4,Housekeeping was prompt and the towels were fresh.,en
Property L,MakeMyTrip,2025-09-12,4,The staff were friendly and the reception was helpful. Very clean and hygienic bathroom.,en
Property L,Booking,2025-09-12,3,"Booking me check-in slow tha, bekaar process. Reception staff ka vyavhaar bekaar tha.",hinglish
Property A,GoogleMaps,2025-09-13,3,खाना बेकार और ठंडा था.,hi
Property B,Booking,2025-09-13,4,The room was spacious and comfortable with a warm heater.,en
Property B,GoogleMaps,2025-09-13,1,The location was poor and far from the market.,en
Property C,TripAdvisor,2025-09-13,3,"कमरे का हीटर खराब था. Room service accha tha, towels clean the.",hi
Property D,GoogleMaps,2025-09-13,1,कमरे का हीटर खराब था. The staff were rude and the manager was unhelpful.,hi
Property G,MakeMyTrip,2025-09-13,3,Khaana bekaar aur thanda tha. The staff were friendly and the reception was helpful.,hinglish
Property J,TripAdvisor,2025-09-13,3,"Room service accha tha, towels clean the. Location bekaar thi, market se door.",hinglish
Property K,MakeMyTrip,2025-09-13,5,Kamra badhiya aur comfortable tha.,hinglish
Property D,MakeMyTrip,2025-09-14,1,कमरे का हीटर खराब था. The staff were rude and the manager was unhelpful.,hi
Property F,Booking,2025-09-14,4,"Bathroom ekdum saaf, safai badhiya.",hinglish
Property F,MakeMyTrip,2025-09-14,1,The room heater was not working and it was freezing cold at night. Reception staff ka vyavhaar bekaar tha.,hinglish
Property F,Booking,2025-09-14,4,"Great value for money and worth the price. Location bekaar thi, market se door.",hinglish
Property G,TripAdvisor,2025-09-14,3,Khaana badhiya tha aur nashta bhi tasty. The room heater was not working and it was freezing cold at night.,hinglish
Property G,Booking,2025-09-14,5,"The check-in was quick and the booking was smooth, really good. The food was delicious and the breakfast was fresh.",en
Property G,Booking,2025-09-14,3,"Bahut mehenga tha, bilkul value nahi. Housekeeping was prompt and the towels were fresh.",hinglish
Property J,GoogleMaps,2025-09-14,2,"Bathroom ekdum saaf, safai badhiya. Booking me check-in slow tha, bekaar process.",hinglish
Property L,TripAdvisor,2025-09-14,3,The room was spacious and comfortable with a warm heater.,en
Property A,GoogleMaps,2025-09-15,3,"Bahut mehenga tha, bilkul value nahi. Check-in fast tha, booking process accha.",hinglish
Property F,Booking,2025-09-15,4,Housekeeping was prompt and the towels were fresh.,en
Property F,TripAdvisor,2025-09-15,5,"Bathroom ekdum saaf, safai badhiya. Khaana badhiya tha aur nashta bhi tasty.",hinglish
Property G,TripAdvisor,2025-09-15,3,"Bathroom ekdum saaf, safai badhiya.",hinglish
Property G,Booking,2025-09-15,3,खाना बहुत बढ़िया था.,hi
Property J,GoogleMaps,2025-09-15,5,The food was delicious and the breakfast was fresh.,en
Property K,Booking,2025-09-15,3,"Mountain ka nazara shandar, location badhiya. Bahut mehenga tha, bilkul value nahi.",hinglish
Property C,GoogleMaps,2025-09-16,5,Kamra badhiya aur comfortable tha.,hinglish
Property D,GoogleMaps,2025-09-16,2,"Location bekaar thi, market se door.",hinglish
Property D,Booking,2025-09-16,4,Reception staff ka vyavhaar bekaar tha. The room was spacious and comfortable with a warm heater.,hinglish
Property E,MakeMyTrip,2025-09-16,2,बाथरूम गंदा था.,hi
Property G,GoogleMaps,2025-09-16,2,"Bahut mehenga tha, bilkul value nahi. The food was stale and cold, really disappointing.",hinglish
Property H,GoogleMaps,2025-09-16,1,"Bahut mehenga tha, bilkul value nahi.",hinglish
Property H,Booking,2025-09-16,3,"The staff were friendly and the reception was helpful. Bathroom ekdum saaf, safai badhiya.",hinglish
Property I,MakeMyTrip,2025-09-16,2,Khaana bekaar aur thanda tha. The room heater was not working and it was freezing cold at night.,hinglish
Property K,TripAdvisor,2025-09-16,1,Khaana bekaar aur thanda tha.,hinglish
Property L,MakeMyTrip,2025-09-16,4,"Mountain ka nazara shandar, location badhiya. The room was spacious and comfortable with a warm heater.",hinglish
Property E,Booking,2025-09-17,2,"Housekeeping never changed the towels, poor service.",en
Property F,MakeMyTrip,2025-09-17,3,"The check-in was quick and the booking was smooth, really good. The location was great with a beautiful mountain view.",en
Property F,GoogleMaps,2025-09-17,3,"The room was spacious and comfortable with a warm heater. Bathroom ekdum saaf, safai badhiya.",hinglish
Property G,Booking,2025-09-17,4,"Bathroom ekdum saaf, safai badhiya.",hinglish
Property I,GoogleMaps,2025-09-17,4,"Staff ka vyavhaar accha tha, reception helpful.",hinglish
Property I,TripAdvisor,2025-09-17,1,कमरे का हीटर खराब था.,hi
Property I,GoogleMaps,2025-09-17,4,"Staff ka vyavhaar accha tha, reception helpful.",hinglish
Property J,GoogleMaps,2025-09-17,3,"Booking me check-in slow tha, bekaar process. कमरे का हीटर खराब था.",hi
Property L,Booking,2025-09-17,4,"Mountain ka nazara shandar, location badhiya.",hinglish
Property L,Booking,2025-09-17,4,"Staff ka vyavhaar accha tha, reception helpful.",hinglish
Property F,TripAdvisor,2025-09-18,2,बाथरूम गंदा था.,hi
Property F,MakeMyTrip,2025-09-18,3,"खाना बेकार और ठंडा था. Staff ka vyavhaar accha tha, reception helpful.",hi
Property I,TripAdvisor,2025-09-18,3,खाना बहुत बढ़िया था.,hi
Property J,TripAdvisor,2025-09-18,5,"Bathroom ekdum saaf, safai badhiya. Mountain ka nazara shandar, location badhiya.",hinglish
Property J,GoogleMaps,2025-09-18,4,"Mountain ka nazara shandar, location badhiya.",hinglish
Property K,TripAdvisor,2025-09-18,4,"बाथरूम गंदा था. Staff ka vyavhaar accha tha, reception helpful.",hi
Property D,TripAdvisor,2025-09-19,3,The location was poor and far from the market. The staff were friendly and the reception was helpful.,en
Property F,GoogleMaps,2025-09-19,5,Kamra badhiya aur comfortable tha.,hinglish
Property K,MakeMyTrip,2025-09-19,4,खाना बहुत बढ़िया था.,hi
Property K,Booking,2025-09-19,5,The staff were friendly and the reception was helpful.,en
Property K,MakeMyTrip,2025-09-19,3,"Bahut mehenga tha, bilkul value nahi. Check-in fast tha, booking process accha.",hinglish
Property C,TripAdvisor,2025-09-20,4,"Sasta aur accha, paisa vasool stay. The room was spacious and comfortable with a warm heater.",hinglish
Property E,TripAdvisor,2025-09-20,2,The food was delicious and the breakfast was fresh. The location was poor and far from the market.,en
Property E,Booking,2025-09-20,2,बाथरूम गंदा था.,hi
Property E,GoogleMaps,2025-09-20,3,"Mountain ka nazara shandar, location badhiya.",hinglish
Property H,MakeMyTrip,2025-09-20,4,"Room service accha tha, towels clean the. Kamra badhiya aur comfortable tha.",hinglish
Property I,Booking,2025-09-20,4,"Staff ka vyavhaar accha tha, reception helpful. The room heater was not working and it was freezing cold at night.",hinglish
Property I,GoogleMaps,2025-09-20,2,The room heater was not working and it was freezing cold at night.,en
Property J,Booking,2025-09-20,3,"Towels ganda the, room service bekaar. Location bekaar thi, market se door.",hinglish
Property K,TripAdvisor,2025-09-20,3,The room was spacious and comfortable with a warm heater.,en
Property K,TripAdvisor,2025-09-20,3,Reception staff ka vyavhaar bekaar tha.,hinglish
Property A,MakeMyTrip,2025-09-21,4,"Mountain ka nazara shandar, location badhiya.",hinglish
Property E,GoogleMaps,2025-09-21,5,खाना बहुत बढ़िया था.,hi
Property F,GoogleMaps,2025-09-21,3,Reception staff ka vyavhaar bekaar tha. Khaana bekaar aur thanda tha.,hinglish
Property G,MakeMyTrip,2025-09-21,3,The staff were rude and the manager was unhelpful. Great value for money and worth the price.,en
Property G,Booking,2025-09-21,4,"Bathroom ekdum saaf, safai badhiya.",hinglish
Property J,GoogleMaps,2025-09-21,2,"Khaana badhiya tha aur nashta bhi tasty. Housekeeping never changed the towels, poor service.",hinglish
Property J,MakeMyTrip,2025-09-21,2,The check-in was slow and the booking was a problem.,en
Property L,Booking,2025-09-21,4,"Staff ka vyavhaar accha tha, reception helpful. Sasta aur accha, paisa vasool stay.",hinglish
Property B,TripAdvisor,2025-09-22,3,Housekeeping was prompt and the towels were fresh. The room was spacious and comfortable with a warm heater.,en
Property B,GoogleMaps,2025-09-22,4,Khaana badhiya tha aur nashta bhi tasty.,hinglish
Property F,MakeMyTrip,2025-09-22,3,"Room service accha tha, towels clean the.",hinglish
Property L,TripAdvisor,2025-09-22,4,Kamra badhiya aur comfortable tha. Khaana bekaar aur thanda tha.,hinglish
Property A,Booking,2025-09-23,5,The staff were friendly and the reception was helpful.,en
Property G,GoogleMaps,2025-09-23,4,"The check-in was quick and the booking was smooth, really good.",en
Property I,GoogleMaps,2025-09-23,2,Kamra badhiya aur comfortable tha. Overpriced and too expensive for what you get.,hinglish
Property I,GoogleMaps,2025-09-23,3,The food was delicious and the breakfast was fresh.,en
Property K,Booking,2025-09-23,3,"Sasta aur accha, paisa vasool stay.",hinglish
Property K,Booking,2025-09-23,3,"Towels ganda the, room service bekaar.",hinglish
Property K,GoogleMaps,2025-09-23,1,"Housekeeping never changed the towels, poor service.",en
Property B,Booking,2025-09-24,5,Housekeeping was prompt and the towels were fresh.,en
Property C,Booking,2025-09-24,2,"The location was great with a beautiful mountain view. Towels ganda the, room service bekaar.",hinglish
Property C,TripAdvisor,2025-09-24,3,"Housekeeping never changed the towels, poor service. Sasta aur accha, paisa vasool stay.",hinglish
Property D,Booking,2025-09-24,3,"Staff ka vyavhaar accha tha, reception helpful. Booking me check-in slow tha, bekaar process.",hinglish
Property A,Booking,2025-09-25,5,"Kamra badhiya aur comfortable tha. Staff ka vyavhaar accha tha, reception helpful.",hinglish
Property E,Booking,2025-09-25,3,"The staff were friendly and the reception was helpful. Bathroom ganda tha, gandagi thi.",hinglish
Property F,GoogleMaps,2025-09-25,2,The room heater was not working and it was freezing cold at night. Overpriced and too expensive for what you get.,en
Property G,GoogleMaps,2025-09-25,1,"Location bekaar thi, market se door. The food was stale and cold, really disappointing.",hinglish
Property H,MakeMyTrip,2025-09-25,3,बाथरूम गंदा था.,hi
Property H,TripAdvisor,2025-09-25,3,The room was spacious and comfortable with a warm heater.,en
Property K,GoogleMaps,2025-09-25,3,The food was delicious and the breakfast was fresh.,en
Property B,Booking,2025-09-26,2,"Towels ganda the, room service bekaar.",hinglish
Property C,MakeMyTrip,2025-09-26,5,"The check-in was quick and the booking was smooth, really good.",en
Property C,TripAdvisor,2025-09-26,4,"Sasta aur accha, paisa vasool stay.",hinglish
Property F,GoogleMaps,2025-09-26,2,"The staff were friendly and the reception was helpful. The food was stale and cold, really disappointing.",en
Property H,MakeMyTrip,2025-09-26,4,"The check-in was quick and the booking was smooth, really good. Staff ka vyavhaar accha tha, reception helpful.",hinglish
Property H,GoogleMaps,2025-09-26,3,Kamra badhiya aur comfortable tha.,hinglish
Property I,TripAdvisor,2025-09-26,5,Kamra badhiya aur comfortable tha.,hinglish
Property B,MakeMyTrip,2025-09-27,4,"The food was delicious and the breakfast was fresh. Room service accha tha, towels clean the.",hinglish
Property B,Booking,2025-09-27,3,"Khaana bekaar aur thanda tha. Staff ka vyavhaar accha tha, reception helpful.",hinglish
Property D,MakeMyTrip,2025-09-27,4,"Bathroom ganda tha, gandagi thi. The room was spacious and comfortable with a warm heater.",hinglish
Property D,Booking,2025-09-27,3,The room heater was not working and it was freezing cold at night.,en
Property F,Booking,2025-09-27,5,"Housekeeping was prompt and the towels were fresh. Staff ka vyavhaar accha tha, reception helpful.",hinglish
Property H,GoogleMaps,2025-09-27,4,खाना बहुत बढ़िया था. Housekeeping was prompt and the towels were fresh.,hi
Property H,Booking,2025-09-27,5,Housekeeping was prompt and the towels were fresh.,en
Property I,MakeMyTrip,2025-09-27,4,The food was delicious and the breakfast was fresh. Kamra badhiya aur comfortable tha.,hinglish
Property J,MakeMyTrip,2025-09-27,3,Reception staff ka vyavhaar bekaar tha.,hinglish
Property J,GoogleMaps,2025-09-27,3,The check-in was slow and the booking was a problem. Very clean and hygienic bathroom.,en
Property J,TripAdvisor,2025-09-27,2,Reception staff ka vyavhaar bekaar tha.,hinglish
Property J,GoogleMaps,2025-09-27,2,"Bathroom ganda tha, gandagi thi.",hinglish
Property B,Booking,2025-10-01,3,The location was great with a beautiful mountain view. Khaana badhiya tha aur nashta bhi tasty.,hinglish
Property B,GoogleMaps,2025-10-01,5,The location was great with a beautiful mountain view. Kamra badhiya aur comfortable tha.,hinglish
Property D,TripAdvisor,2025-10-01,2,"The food was stale and cold, really disappointing.",en
Property E,GoogleMaps,2025-10-01,1,खाना बेकार और ठंडा था.,hi
Property G,Booking,2025-10-01,2,The food was delicious and the breakfast was fresh. The staff were rude and the manager was unhelpful.,en
Property J,MakeMyTrip,2025-10-01,2,Overpriced and too expensive for what you get.,en
Property L,GoogleMaps,2025-10-01,5,The location was great with a beautiful mountain view.,en
Property A,TripAdvisor,2025-10-02,4,"Mountain ka nazara shandar, location badhiya. The staff were friendly and the reception was helpful.",hinglish
Property C,TripAdvisor,2025-10-02,5,"Sasta aur accha, paisa vasool stay. Mountain ka nazara shandar, location badhiya.",hinglish
Property F,TripAdvisor,2025-10-02,4,The location was great with a beautiful mountain view.,en
Property J,GoogleMaps,2025-10-02,3,"Bahut mehenga tha, bilkul value nahi. Staff ka vyavhaar accha tha, reception helpful.",hinglish
Property A,MakeMyTrip,2025-10-03,4,The staff were friendly and the reception was helpful.,en
Property D,MakeMyTrip,2025-10-03,4,"Kamra badhiya aur comfortable tha. Bahut mehenga tha, bilkul value nahi.",hinglish
Property E,MakeMyTrip,2025-10-03,4,"Mountain ka nazara shandar, location badhiya.",hinglish
Property G,TripAdvisor,2025-10-03,4,"Bathroom ekdum saaf, safai badhiya. Great value for money and worth the price.",hinglish
Property H,MakeMyTrip,2025-10-03,4,Khaana badhiya tha aur nashta bhi tasty. The location was great with a beautiful mountain view.,hinglish
Property J,TripAdvisor,2025-10-03,5,"Sasta aur accha, paisa vasool stay. Staff ka vyavhaar accha tha, reception helpful.",hinglish
Property K,GoogleMaps,2025-10-03,2,"The bathroom was dirty and smelly, poor hygiene.",en
Property L,TripAdvisor,2025-10-03,4,Khaana badhiya tha aur nashta bhi tasty.,hinglish
Property A,Booking,2025-10-04,3,Khaana bekaar aur thanda tha. The check-in was slow and the booking was a problem.,hinglish
Property C,TripAdvisor,2025-10-04,4,Kamra badhiya aur comfortable tha. खाना बहुत बढ़िया था.,hi
Property D,TripAdvisor,2025-10-04,2,"Housekeeping never changed the towels, poor service. खाना बेकार और ठंडा था.",hi
Property F,Booking,2025-10-04,5,Housekeeping was prompt and the towels were fresh.,en
Property G,Booking,2025-10-04,4,"Sasta aur accha, paisa vasool stay.",hinglish
Property J,TripAdvisor,2025-10-04,2,"Towels ganda the, room service bekaar. The room heater was not working and it was freezing cold at night.",hinglish
Property J,Booking,2025-10-04,2,Reception staff ka vyavhaar bekaar tha.,hinglish
Property K,Booking,2025-10-04,1,कमरे का हीटर खराब था. Overpriced and too expensive for what you get.,hi
Property L,TripAdvisor,2025-10-04,3,"Mountain ka nazara shandar, location badhiya. The room was spacious and comfortable with a warm heater.",hinglish
Property L,TripAdvisor,2025-10-04,4,"Mountain ka nazara shandar, location badhiya.",hinglish
Property A,MakeMyTrip,2025-10-05,3,The room was spacious and comfortable with a warm heater.,en
Property C,TripAdvisor,2025-10-05,4,"Staff ka vyavhaar accha tha, reception helpful. Room service accha tha, towels clean the.",hinglish
Property D,GoogleMaps,2025-10-05,4,Housekeeping was prompt and the towels were fresh.,en
Property E,TripAdvisor,2025-10-05,4,"Housekeeping was prompt and the towels were fresh. Staff ka vyavhaar accha tha, reception helpful.",hinglish
Property G,Booking,2025-10-05,3,The room was spacious and comfortable with a warm heater.,en
Property H,Booking,2025-10-05,3,"The bathroom was dirty and smelly, poor hygiene. The room was spacious and comfortable with a warm heater.",en
Property H,MakeMyTrip,2025-10-05,5,Great value for money and worth the price.,en
Property I,Booking,2025-10-05,2,"The food was stale and cold, really disappointing. Bathroom ekdum saaf, safai badhiya.",hinglish
Property I,MakeMyTrip,2025-10-05,2,"The bathroom was dirty and smelly, poor hygiene. खाना बहुत बढ़िया था.",hi
Property A,GoogleMaps,2025-10-06,4,The room was spacious and comfortable with a warm heater.,en
Property B,TripAdvisor,2025-10-06,2,"Location bekaar thi, market se door. The staff were friendly and the reception was helpful.",hinglish
Property C,MakeMyTrip,2025-10-06,2,Overpriced and too expensive for what you get. खाना बहुत बढ़िया था.,hi
Property G,MakeMyTrip,2025-10-06,2,Reception staff ka vyavhaar bekaar tha.,hinglish
Property L,TripAdvisor,2025-10-06,3,"Sasta aur accha, paisa vasool stay.",hinglish
Property A,Booking,2025-10-07,4,The staff were friendly and the reception was helpful. Kamra badhiya aur comfortable tha.,hinglish
Property B,GoogleMaps,2025-10-07,3,Kamra badhiya aur comfortable tha. The staff were rude and the manager was unhelpful.,hinglish
Property E,MakeMyTrip,2025-10-07,3,खाना बेकार और ठंडा था. बाथरूम गंदा था.,hi
Property F,Booking,2025-10-07,3,Kamra badhiya aur comfortable tha. Khaana bekaar aur thanda tha.,hinglish
Property H,TripAdvisor,2025-10-07,3,The location was great with a beautiful mountain view.,en
Property J,MakeMyTrip,2025-10-07,4,"The food was stale and cold, really disappointing. The check-in was quick and the booking was smooth, really good.",en
Property A,GoogleMaps,2025-10-08,4,"Sasta aur accha, paisa vasool stay.",hinglish
Property C,TripAdvisor,2025-10-08,5,Khaana badhiya tha aur nashta bhi tasty. Kamra badhiya aur comfortable tha.,hinglish
Property E,Booking,2025-10-08,3,The food was delicious and the breakfast was fresh.,en
Property E,GoogleMaps,2025-10-08,2,"Overpriced and too expensive for what you get. Bathroom ganda tha, gandagi thi.",hinglish
Property H,GoogleMaps,2025-10-08,4,खाना बहुत बढ़िया था. The staff were friendly and the reception was helpful.,hi
Property H,MakeMyTrip,2025-10-08,5,The room was spacious and comfortable with a warm heater. The location was great with a beautiful mountain view.,en
Property J,TripAdvisor,2025-10-08,4,The room was spacious and comfortable with a warm heater.,en
Property K,TripAdvisor,2025-10-08,4,"Sasta aur accha, paisa vasool stay.",hinglish
Property L,TripAdvisor,2025-10-08,4,"The location was great with a beautiful mountain view. The check-in was quick and the booking was smooth, really good.",en
Property A,GoogleMaps,2025-10-09,4,The room was spacious and comfortable with a warm heater.,en
Property C,GoogleMaps,2025-10-09,4,"Room service accha tha, towels clean the.",hinglish
Property C,GoogleMaps,2025-10-09,2,The food was delicious and the breakfast was fresh. कमरे का हीटर खराब था.,hi
Property C,Booking,2025-10-09,4,"Staff ka vyavhaar accha tha, reception helpful. Bathroom ekdum saaf, safai badhiya.",hinglish
Property E,MakeMyTrip,2025-10-09,5,"Bathroom ekdum saaf, safai badhiya. The staff were friendly and the reception was helpful.",hinglish
Property F,MakeMyTrip,2025-10-09,5,The location was great with a beautiful mountain view.,en
Property H,MakeMyTrip,2025-10-09,4,"Room service accha tha, towels clean the.",hinglish
Property L,TripAdvisor,2025-10-09,3,The location was great with a beautiful mountain view.,en
Property B,Booking,2025-10-10,3,The room was spacious and comfortable with a warm heater.,en
Property C,MakeMyTrip,2025-10-10,3,"Staff ka vyavhaar accha tha, reception helpful. Great value for money and worth the price.",hinglish
Property C,GoogleMaps,2025-10-10,4,"The bathroom was dirty and smelly, poor hygiene. The location was great with a beautiful mountain view.",en
Property C,TripAdvisor,2025-10-10,4,The food was delicious and the breakfast was fresh. Kamra badhiya aur comfortable tha.,hinglish
Property F,TripAdvisor,2025-10-10,3,The room heater was not working and it was freezing cold at night.,en
Property F,TripAdvisor,2025-10-10,2,खाना बेकार और ठंडा था.,hi
Property I,MakeMyTrip,2025-10-10,3,The room was spacious and comfortable with a warm heater.,en
Property K,GoogleMaps,2025-10-10,2,"Bathroom ganda tha, gandagi thi. Location bekaar thi, market se door.",hinglish
Property A,TripAdvisor,2025-10-11,2,The staff were rude and the manager was unhelpful.,en
Property A,GoogleMaps,2025-10-11,3,"Towels ganda the, room service bekaar. Staff ka vyavhaar accha tha, reception helpful.",hinglish
Property B,MakeMyTrip,2025-10-11,4,Kamra badhiya aur comfortable tha. Khaana bekaar aur thanda tha.,hinglish
Property B,GoogleMaps,2025-10-11,4,The staff were friendly and the reception was helpful.,en
Property C,GoogleMaps,2025-10-11,4,"Bathroom ekdum saaf, safai badhiya. The room was spacious and comfortable with a warm heater.",hinglish
Property D,Booking,2025-10-11,2,Khaana bekaar aur thanda tha.,hinglish
Property G,Booking,2025-10-11,2,"The room was spacious and comfortable with a warm heater. Towels ganda the, room service bekaar.",hinglish
Property I,Booking,2025-10-11,2,The staff were friendly and the reception was helpful. बाथरूम गंदा था.,hi
Property K,MakeMyTrip,2025-10-11,1,"Overpriced and too expensive for what you get. Location bekaar thi, market se door.",hinglish
Property D,GoogleMaps,2025-10-12,3,The location was poor and far from the market.,en
Property G,GoogleMaps,2025-10-12,4,Khaana badhiya tha aur nashta bhi tasty. Housekeeping was prompt and the towels were fresh.,hinglish
Property I,Booking,2025-10-12,1,"The food was stale and cold, really disappointing.",en
Property K,TripAdvisor,2025-10-12,2,बाथरूम गंदा था.,hi
Property L,Booking,2025-10-12,3,"The bathroom was dirty and smelly, poor hygiene.",en
Property B,MakeMyTrip,2025-10-13,4,"The check-in was quick and the booking was smooth, really good. The room was spacious and comfortable with a warm heater.",en
Property C,GoogleMaps,2025-10-13,3,Kamra badhiya aur comfortable tha.,hinglish
Property C,TripAdvisor,2025-10-13,4,"Staff ka vyavhaar accha tha, reception helpful.",hinglish
Property D,TripAdvisor,2025-10-13,5,"Khaana badhiya tha aur nashta bhi tasty. The check-in was quick and the booking was smooth, really good.",hinglish
Property E,GoogleMaps,2025-10-13,2,Housekeeping was prompt and the towels were fresh. The room heater was not working and it was freezing cold at night.,en
Property H,Booking,2025-10-13,5,"Staff ka vyavhaar accha tha, reception helpful. The room was spacious and comfortable with a warm heater.",hinglish
Property I,TripAdvisor,2025-10-13,3,"Booking me check-in slow tha, bekaar process. Housekeeping was prompt and the towels were fresh.",hinglish
Property A,GoogleMaps,2025-10-14,3,The food was delicious and the breakfast was fresh. Reception staff ka vyavhaar bekaar tha.,hinglish
Property B,GoogleMaps,2025-10-14,4,Kamra badhiya aur comfortable tha. Overpriced and too expensive for what you get.,hinglish
Property D,TripAdvisor,2025-10-14,3,"Booking me check-in slow tha, bekaar process. The bathroom was dirty and smelly, poor hygiene.",hinglish
Property E,Booking,2025-10-14,2,"Overpriced and too expensive for what you get. Staff ka vyavhaar accha tha, reception helpful.",hinglish
Property H,MakeMyTrip,2025-10-14,2,"Housekeeping never changed the towels, poor service. The location was poor and far from the market.",en
Property K,GoogleMaps,2025-10-14,1,"Booking me check-in slow tha, bekaar process.",hinglish
Property K,TripAdvisor,2025-10-14,3,"Sasta aur accha, paisa vasool stay. The bathroom was dirty and smelly, poor hygiene.",hinglish
Property L,MakeMyTrip,2025-10-14,4,Very clean and hygienic bathroom.,en
Property L,Booking,2025-10-14,4,Very clean and hygienic bathroom.,en
Property D,MakeMyTrip,2025-10-15,1,कमरे का हीटर खराब था.,hi
Property H,GoogleMaps,2025-10-15,4,The food was delicious and the breakfast was fresh.,en
Property L,MakeMyTrip,2025-10-15,4,The food was delicious and the breakfast was fresh. The room was spacious and comfortable with a warm heater.,en
Property A,TripAdvisor,2025-10-16,5,"Sasta aur accha, paisa vasool stay. Bathroom ekdum saaf, safai badhiya.",hinglish
Property B,MakeMyTrip,2025-10-16,2,The check-in was slow and the booking was a problem.,en
Property D,MakeMyTrip,2025-10-16,4,"Mountain ka nazara shandar, location badhiya.",hinglish
Property F,TripAdvisor,2025-10-16,4,Overpriced and too expensive for what you get. Kamra badhiya aur comfortable tha.,hinglish
Property F,MakeMyTrip,2025-10-16,3,"Bahut mehenga tha, bilkul value nahi.",hinglish
Property H,TripAdvisor,2025-10-16,3,The location was great with a beautiful mountain view.,en
Property H,TripAdvisor,2025-10-16,5,Kamra badhiya aur comfortable tha.,hinglish
Property J,Booking,2025-10-16,2,The room was spacious and comfortable with a warm heater. The staff were rude and the manager was unhelpful.,en
Property K,Booking,2025-10-16,3,"Towels ganda the, room service bekaar. Overpriced and too expensive for what you get.",hinglish
Property L,TripAdvisor,2025-10-16,3,"खाना बहुत बढ़िया था. Sasta aur accha, paisa vasool stay.",hi
Property L,GoogleMaps,2025-10-16,4,Khaana badhiya tha aur nashta bhi tasty.,hinglish
Property C,Booking,2025-10-17,5,"The room was spacious and comfortable with a warm heater. Staff ka vyavhaar accha tha, reception helpful.",hinglish
Property E,TripAdvisor,2025-10-17,1,Reception staff ka vyavhaar bekaar tha.,hinglish
Property E,GoogleMaps,2025-10-17,2,"Khaana bekaar aur thanda tha. Check-in fast tha, booking process accha.",hinglish
Property G,GoogleMaps,2025-10-17,4,The food was delicious and the breakfast was fresh.,en
Property G,MakeMyTrip,2025-10-17,4,The location was great with a beautiful mountain view.,en
Property J,MakeMyTrip,2025-10-17,5,The staff were friendly and the reception was helpful.,en
Property L,TripAdvisor,2025-10-17,3,The room was spacious and comfortable with a warm heater.,en
Property B,TripAdvisor,2025-10-18,3,"Bathroom ekdum saaf, safai badhiya. Staff ka vyavhaar accha tha, reception helpful.",hinglish
Property E,TripAdvisor,2025-10-18,2,"Bathroom ganda tha, gandagi thi. Reception staff ka vyavhaar bekaar tha.",hinglish
Property E,TripAdvisor,2025-10-18,3,"The food was delicious and the breakfast was fresh. Bahut mehenga tha, bilkul value nahi.",hinglish
Property G,MakeMyTrip,2025-10-18,1,कमरे का हीटर खराब था.,hi
Property G,GoogleMaps,2025-10-18,3,"Booking me check-in slow tha, bekaar process. The food was delicious and the breakfast was fresh.",hinglish
Property H,TripAdvisor,2025-10-18,1,"Kamre ka heater band tha, bahut thanda kamra.",hinglish
Property I,MakeMyTrip,2025-10-18,1,The room heater was not working and it was freezing cold at night.,en
Property J,GoogleMaps,2025-10-18,2,कमरे का हीटर खराब था.,hi
Property K,MakeMyTrip,2025-10-18,4,"The room was spacious and comfortable with a warm heater. Room service accha tha, towels clean the.",hinglish
Property K,GoogleMaps,2025-10-18,1,"The bathroom was dirty and smelly, poor hygiene.",en
Property L,TripAdvisor,2025-10-18,3,"Staff ka vyavhaar accha tha, reception helpful.",hinglish
Property D,GoogleMaps,2025-10-19,3,Housekeeping was prompt and the towels were fresh.,en
Property D,TripAdvisor,2025-10-19,1,"कमरे का हीटर खराब था. Booking me check-in slow tha, bekaar process.",hi
Property E,TripAdvisor,2025-10-19,4,The food was delicious and the breakfast was fresh. The staff were friendly and the reception was helpful.,en
Property E,Booking,2025-10-19,2,"Bahut mehenga tha, bilkul value nahi.",hinglish
Property G,TripAdvisor,2025-10-19,4,The room was spacious and comfortable with a warm heater.,en
Property I,GoogleMaps,2025-10-19,3,"Bahut mehenga tha, bilkul value nahi. Towels ganda the, room service bekaar.",hinglish
Property A,GoogleMaps,2025-10-20,5,The staff were friendly and the reception was helpful.,en
Property G,GoogleMaps,2025-10-20,3,"Bathroom ekdum saaf, safai badhiya.",hinglish
Property H,MakeMyTrip,2025-10-20,5,The location was great with a beautiful mountain view. The food was delicious and the breakfast was fresh.,en
Property I,MakeMyTrip,2025-10-20,4,"Check-in fast tha, booking process accha.",hinglish
Property I,GoogleMaps,2025-10-20,2,Khaana bekaar aur thanda tha. Great value for money and worth the price.,hinglish
Property J,Booking,2025-10-20,3,"Bathroom ekdum saaf, safai badhiya.",hinglish
Property J,Booking,2025-10-20,4,Khaana badhiya tha aur nashta bhi tasty.,hinglish
Property L,TripAdvisor,2025-10-20,1,कमरे का हीटर खराब था.,hi
Property B,TripAdvisor,2025-10-21,4,Khaana badhiya tha aur nashta bhi tasty.,hinglish
Property D,GoogleMaps,2025-10-21,3,Overpriced and too expensive for what you get. खाना बेकार और ठंडा था.,hi
Property F,TripAdvisor,2025-10-21,4,Kamra badhiya aur comfortable tha. Very clean and hygienic bathroom.,hinglish
Property F,TripAdvisor,2025-10-21,3,Very clean and hygienic bathroom. खाना बेकार और ठंडा था.,hi
Property H,Booking,2025-10-21,5,Kamra badhiya aur comfortable tha.,hinglish
Property K,Booking,2025-10-21,1,Reception staff ka vyavhaar bekaar tha.,hinglish
Property B,TripAdvisor,2025-10-22,5,"Room service accha tha, towels clean the. The room was spacious and comfortable with a warm heater.",hinglish
Property C,MakeMyTrip,2025-10-22,4,"Staff ka vyavhaar accha tha, reception helpful. The room was spacious and comfortable with a warm heater.",hinglish
Property E,TripAdvisor,2025-10-22,4,"Mountain ka nazara shandar, location badhiya.",hinglish
Property F,Booking,2025-10-22,4,"Staff ka vyavhaar accha tha, reception helpful.",hinglish
Property G,GoogleMaps,2025-10-22,2,कमरे का हीटर खराब था.,hi
Property H,GoogleMaps,2025-10-22,4,"Check-in fast tha, booking process accha. Kamra badhiya aur comfortable tha.",hinglish
Property I,Booking,2025-10-22,4,"The room was spacious and comfortable with a warm heater. Staff ka vyavhaar accha tha, reception helpful.",hinglish
Property I,GoogleMaps,2025-10-22,4,The food was delicious and the breakfast was fresh. Very clean and hygienic bathroom.,en
Property J,TripAdvisor,2025-10-22,2,The staff were rude and the manager was unhelpful. खाना बेकार और ठंडा था.,hi
Property L,TripAdvisor,2025-10-22,4,"Staff ka vyavhaar accha tha, reception helpful. Room service accha tha, towels clean the.",hinglish
Property D,MakeMyTrip,2025-10-23,5,Housekeeping was prompt and the towels were fresh. The staff were friendly and the reception was helpful.,en
Property F,MakeMyTrip,2025-10-23,3,The location was poor and far from the market. Reception staff ka vyavhaar bekaar tha.,hinglish
Property H,MakeMyTrip,2025-10-23,4,Khaana badhiya tha aur nashta bhi tasty.,hinglish
Property H,GoogleMaps,2025-10-23,4,"Sasta aur accha, paisa vasool stay.",hinglish
Property I,TripAdvisor,2025-10-23,3,The location was great with a beautiful mountain view. कमरे का हीटर खराब था.,hi
Property K,GoogleMaps,2025-10-23,3,"Kamre ka heater band tha, bahut thanda kamra. The location was great with a beautiful mountain view.",hinglish
Property K,Booking,2025-10-23,5,"Staff ka vyavhaar accha tha, reception helpful.",hinglish
Property B,Booking,2025-10-24,4,"Housekeeping never changed the towels, poor service. The room was spacious and comfortable with a warm heater.",en
Property E,GoogleMaps,2025-10-24,4,खाना बहुत बढ़िया था.,hi
Property F,GoogleMaps,2025-10-24,4,The room was spacious and comfortable with a warm heater. Very clean and hygienic bathroom.,en
Property F,Booking,2025-10-24,2,"Bathroom ekdum saaf, safai badhiya. The food was stale and cold, really disappointing.",hinglish
Property F,GoogleMaps,2025-10-24,4,"Bathroom ekdum saaf, safai badhiya.",hinglish
Property I,Booking,2025-10-24,2,Overpriced and too expensive for what you get. The staff were friendly and the reception was helpful.,en
Property I,Booking,2025-10-24,5,Housekeeping was prompt and the towels were fresh.,en
Property I,MakeMyTrip,2025-10-24,4,"Kamre ka heater band tha, bahut thanda kamra. Khaana badhiya tha aur nashta bhi tasty.",hinglish
Property A,Booking,2025-10-25,3,Reception staff ka vyavhaar bekaar tha.,hinglish
Property D,Booking,2025-10-25,4,"Khaana badhiya tha aur nashta bhi tasty. Staff ka vyavhaar accha tha, reception helpful.",hinglish
Property F,GoogleMaps,2025-10-25,2,"Towels ganda the, room service bekaar.",hinglish
Property H,GoogleMaps,2025-10-25,5,Great value for money and worth the price. Khaana badhiya tha aur nashta bhi tasty.,hinglish
Property J,MakeMyTrip,2025-10-25,2,"Kamre ka heater band tha, bahut thanda kamra.",hinglish
Property L,Booking,2025-10-25,5,The room was spacious and comfortable with a warm heater. Very clean and hygienic bathroom.,en
Property L,GoogleMaps,2025-10-25,5,"Sasta aur accha, paisa vasool stay. Bathroom ekdum saaf, safai badhiya.",hinglish
Property A,MakeMyTrip,2025-10-26,2,खाना बेकार और ठंडा था.,hi
Property B,TripAdvisor,2025-10-26,3,"Reception staff ka vyavhaar bekaar tha. Room service accha tha, towels clean the.",hinglish
Property I,MakeMyTrip,2025-10-26,2,The room heater was not working and it was freezing cold at night.,en
Property J,Booking,2025-10-26,1,"Bathroom ganda tha, gandagi thi.",hinglish
Property K,MakeMyTrip,2025-10-26,1,"Bahut mehenga tha, bilkul value nahi. Bathroom ganda tha, gandagi thi.",hinglish
Property L,Booking,2025-10-26,5,Kamra badhiya aur comfortable tha.,hinglish
Property A,Booking,2025-10-27,5,"Room service accha tha, towels clean the.",hinglish
Property C,TripAdvisor,2025-10-27,2,"Housekeeping never changed the towels, poor service. The check-in was slow and the booking was a problem.",en
Property F,Booking,2025-10-27,3,Housekeeping was prompt and the towels were fresh. The location was poor and far from the market.,en
Property F,GoogleMaps,2025-10-27,4,"The room was spacious and comfortable with a warm heater. Bathroom ekdum saaf, safai badhiya.",hinglish
Property I,MakeMyTrip,2025-10-27,3,"Room service accha tha, towels clean the. Great value for money and worth the price.",hinglish
Property K,GoogleMaps,2025-10-27,2,"The food was stale and cold, really disappointing. Reception staff ka vyavhaar bekaar tha.",hinglish
Property C,TripAdvisor,2025-11-01,4,The room was spacious and comfortable with a warm heater.,en
Property C,GoogleMaps,2025-11-01,4,The room was spacious and comfortable with a warm heater.,en
Property D,TripAdvisor,2025-11-01,1,"The food was stale and cold, really disappointing.",en
Property D,Booking,2025-11-01,1,खाना बेकार और ठंडा था.,hi
Property F,Booking,2025-11-01,4,The room was spacious and comfortable with a warm heater.,en
Property H,GoogleMaps,2025-11-01,3,Very clean and hygienic bathroom. The room heater was not working and it was freezing cold at night.,en
Property I,MakeMyTrip,2025-11-01,3,The location was great with a beautiful mountain view. The food was delicious and the breakfast was fresh.,en
Property K,Booking,2025-11-01,4,Very clean and hygienic bathroom.,en
Property K,MakeMyTrip,2025-11-01,2,खाना बेकार और ठंडा था.,hi
Property A,Booking,2025-11-02,3,"Bathroom ekdum saaf, safai badhiya.",hinglish
Property A,MakeMyTrip,2025-11-02,4,"Sasta aur accha, paisa vasool stay. Khaana bekaar aur thanda tha.",hinglish
Property B,Booking,2025-11-02,5,"The check-in was quick and the booking was smooth, really good.",en
Property F,Booking,2025-11-02,4,"Staff ka vyavhaar accha tha, reception helpful.",hinglish
Property J,TripAdvisor,2025-11-02,2,The staff were rude and the manager was unhelpful.,en
Property A,GoogleMaps,2025-11-03,4,"Booking me check-in slow tha, bekaar process. The food was delicious and the breakfast was fresh.",hinglish
Property C,GoogleMaps,2025-11-03,5,Great value for money and worth the price. Very clean and hygienic bathroom.,en
Property E,TripAdvisor,2025-11-03,4,The location was great with a beautiful mountain view. The room heater was not working and it was freezing cold at night.,en
Property E,TripAdvisor,2025-11-03,4,Kamra badhiya aur comfortable tha.,hinglish
Property H,GoogleMaps,2025-11-03,5,The room was spacious and comfortable with a warm heater.,en
Property I,GoogleMaps,2025-11-03,2,Khaana bekaar aur thanda tha.,hinglish
Property K,Booking,2025-11-03,3,Khaana bekaar aur thanda tha. Kamra badhiya aur comfortable tha.,hinglish
Property B,MakeMyTrip,2025-11-04,2,Khaana bekaar aur thanda tha.,hinglish
Property B,Booking,2025-11-04,2,"Bathroom ganda tha, gandagi thi. खाना बहुत बढ़िया था.",hi
Property D,GoogleMaps,2025-11-04,3,"Bathroom ganda tha, gandagi thi. Khaana badhiya tha aur nashta bhi tasty.",hinglish
Property H,Booking,2025-11-04,3,The staff were friendly and the reception was helpful.,en
Property I,GoogleMaps,2025-11-04,3,"The food was stale and cold, really disappointing.",en
Property K,GoogleMaps,2025-11-04,2,The location was poor and far from the market.,en
Property K,TripAdvisor,2025-11-04,3,Kamra badhiya aur comfortable tha.,hinglish
Property L,Booking,2025-11-04,3,The staff were friendly and the reception was helpful. खाना बहुत बढ़िया था.,hi
Property L,Booking,2025-11-04,5,"Kamra badhiya aur comfortable tha. Staff ka vyavhaar accha tha, reception helpful.",hinglish
Property L,TripAdvisor,2025-11-04,4,"Check-in fast tha, booking process accha.",hinglish
Property B,MakeMyTrip,2025-11-05,3,खाना बहुत बढ़िया था.,hi
Property D,MakeMyTrip,2025-11-05,4,"Check-in fast tha, booking process accha.",hinglish
Property E,Booking,2025-11-05,2,कमरे का हीटर खराब था.,hi
Property F,GoogleMaps,2025-11-05,4,Housekeeping was prompt and the towels were fresh. Kamra badhiya aur comfortable tha.,hinglish
Property H,TripAdvisor,2025-11-05,2,"Location bekaar thi, market se door. Bahut mehenga tha, bilkul value nahi.",hinglish
Property J,MakeMyTrip,2025-11-05,3,Khaana bekaar aur thanda tha.,hinglish
Property K,GoogleMaps,2025-11-05,3,"Kamre ka heater band tha, bahut thanda kamra. Great value for money and worth the price.",hinglish
Property K,MakeMyTrip,2025-11-05,1,बाथरूम गंदा था.,hi
Property K,Booking,2025-11-05,3,"Bathroom ekdum saaf, safai badhiya.",hinglish
Property L,MakeMyTrip,2025-11-05,4,"Staff ka vyavhaar accha tha, reception helpful. Very clean and hygienic bathroom.",hinglish
Property L,MakeMyTrip,2025-11-05,3,"The staff were friendly and the reception was helpful. Bathroom ekdum saaf, safai badhiya.",hinglish
Property A,Booking,2025-11-06,3,The staff were rude and the manager was unhelpful. Kamra badhiya aur comfortable tha.,hinglish
Property C,GoogleMaps,2025-11-06,4,Khaana badhiya tha aur nashta bhi tasty.,hinglish
Property E,Booking,2025-11-06,1,"The bathroom was dirty and smelly, poor hygiene.",en
Property E,GoogleMaps,2025-11-06,3,The food was delicious and the breakfast was fresh.,en
Property J,Booking,2025-11-06,4,"The food was delicious and the breakfast was fresh. Bahut mehenga tha, bilkul value nahi.",hinglish
Property K,MakeMyTrip,2025-11-06,4,"The location was great with a beautiful mountain view. The check-in was quick and the booking was smooth, really good.",en
Property K,GoogleMaps,2025-11-06,4,"Mountain ka nazara shandar, location badhiya.",hinglish
Property A,GoogleMaps,2025-11-07,2,"Reception staff ka vyavhaar bekaar tha. The food was stale and cold, really disappointing.",hinglish
Property B,TripAdvisor,2025-11-07,4,"The room was spacious and comfortable with a warm heater. Room service accha tha, towels clean the.",hinglish
Property D,Booking,2025-11-07,2,"Towels ganda the, room service bekaar. The room heater was not working and it was freezing cold at night.",hinglish
Property D,MakeMyTrip,2025-11-07,2,कमरे का हीटर खराब था. Reception staff ka vyavhaar bekaar tha.,hi
Property D,MakeMyTrip,2025-11-07,4,खाना बहुत बढ़िया था.,hi
Property E,TripAdvisor,2025-11-07,4,"Staff ka vyavhaar accha tha, reception helpful.",hinglish
Property E,TripAdvisor,2025-11-07,4,Kamra badhiya aur comfortable tha.,hinglish
Property I,MakeMyTrip,2025-11-07,2,"Bathroom ekdum saaf, safai badhiya. Booking me check-in slow tha, bekaar process.",hinglish
Property J,MakeMyTrip,2025-11-07,3,The staff were rude and the manager was unhelpful.,en
Property K,TripAdvisor,2025-11-07,2,"Kamra badhiya aur comfortable tha. Towels ganda the, room service bekaar.",hinglish
Property L,GoogleMaps,2025-11-07,3,Kamra badhiya aur comfortable tha. खाना बहुत बढ़िया था.,hi
Property A,Booking,2025-11-08,4,The location was great with a beautiful mountain view. The room was spacious and comfortable with a warm heater.,en
Property B,GoogleMaps,2025-11-08,4,The room was spacious and comfortable with a warm heater.,en
Property C,MakeMyTrip,2025-11-08,4,Very clean and hygienic bathroom.,en
Property C,TripAdvisor,2025-11-08,4,"Staff ka vyavhaar accha tha, reception helpful. The room was spacious and comfortable with a warm heater.",hinglish
Property D,Booking,2025-11-08,3,Khaana badhiya tha aur nashta bhi tasty. The location was poor and far from the market.,hinglish
Property D,MakeMyTrip,2025-11-08,2,"Kamre ka heater band tha, bahut thanda kamra. The food was delicious and the breakfast was fresh.",hinglish
Property H,Booking,2025-11-08,2,The location was poor and far from the market. कमरे का हीटर खराब था.,hi
Property H,MakeMyTrip,2025-11-08,4,Kamra badhiya aur comfortable tha.,hinglish
Property H,GoogleMaps,2025-11-08,2,"Location bekaar thi, market se door. The food was delicious and the breakfast was fresh.",hinglish
Property I,Booking,2025-11-08,4,Very clean and hygienic bathroom. The food was delicious and the breakfast was fresh.,en
Property I,Booking,2025-11-08,3,Very clean and hygienic bathroom.,en
Property L,GoogleMaps,2025-11-08,3,The staff were rude and the manager was unhelpful.,en
Property B,MakeMyTrip,2025-11-09,1,Overpriced and too expensive for what you get.,en
Property B,MakeMyTrip,2025-11-09,1,बाथरूम गंदा था. Khaana bekaar aur thanda tha.,hi
Property G,GoogleMaps,2025-11-09,4,"खाना बहुत बढ़िया था. Bathroom ekdum saaf, safai badhiya.",hi
Property I,MakeMyTrip,2025-11-09,2,The staff were rude and the manager was unhelpful. Overpriced and too expensive for what you get.,en
Property I,TripAdvisor,2025-11-09,5,Khaana badhiya tha aur nashta bhi tasty.,hinglish
Property J,Booking,2025-11-09,3,"Towels ganda the, room service bekaar. The food was delicious and the breakfast was fresh.",hinglish
Property L,TripAdvisor,2025-11-09,4,"Mountain ka nazara shandar, location badhiya.",hinglish
Property A,GoogleMaps,2025-11-10,3,Kamra badhiya aur comfortable tha.,hinglish
Property B,TripAdvisor,2025-11-10,4,"Room service accha tha, towels clean the. Kamra badhiya aur comfortable tha.",hinglish
Property C,MakeMyTrip,2025-11-10,1,"Bathroom ganda tha, gandagi thi.",hinglish
Property C,Booking,2025-11-10,4,"The food was delicious and the breakfast was fresh. Check-in fast tha, booking process accha.",hinglish
Property F,TripAdvisor,2025-11-10,3,खाना बेकार और ठंडा था.,hi
Property J,Booking,2025-11-10,3,"Khaana badhiya tha aur nashta bhi tasty. Kamre ka heater band tha, bahut thanda kamra.",hinglish
Property A,MakeMyTrip,2025-11-11,3,"Staff ka vyavhaar accha tha, reception helpful.",hinglish
Property C,Booking,2025-11-11,3,Great value for money and worth the price.,en
Property F,TripAdvisor,2025-11-11,2,Khaana bekaar aur thanda tha. Housekeeping was prompt and the towels were fresh.,hinglish
Property G,Booking,2025-11-11,5,"Mountain ka nazara shandar, location badhiya. Kamra badhiya aur comfortable tha.",hinglish
Property H,TripAdvisor,2025-11-11,3,"Bathroom ganda tha, gandagi thi. The room was spacious and comfortable with a warm heater.",hinglish
Property L,GoogleMaps,2025-11-11,4,Housekeeping was prompt and the towels were fresh. खाना बेकार और ठंडा था.,hi
Property F,GoogleMaps,2025-11-12,3,खाना बेकार और ठंडा था.,hi
Property F,Booking,2025-11-12,4,"Bathroom ekdum saaf, safai badhiya.",hinglish
Property G,Booking,2025-11-12,2,"The food was stale and cold, really disappointing.",en
Property G,TripAdvisor,2025-11-12,4,"Sasta aur accha, paisa vasool stay.",hinglish
Property K,Booking,2025-11-12,5,"The food was delicious and the breakfast was fresh. Sasta aur accha, paisa vasool stay.",hinglish
Property L,GoogleMaps,2025-11-12,4,"The bathroom was dirty and smelly, poor hygiene. The room was spacious and comfortable with a warm heater.",en
Property D,TripAdvisor,2025-11-13,3,"Sasta aur accha, paisa vasool stay.",hinglish
Property F,TripAdvisor,2025-11-13,2,"Towels ganda the, room service bekaar.",hinglish
Property F,MakeMyTrip,2025-11-13,5,"Bathroom ekdum saaf, safai badhiya.",hinglish
Property G,TripAdvisor,2025-11-13,3,"Towels ganda the, room service bekaar. The bathroom was dirty and smelly, poor hygiene.",hinglish
Property G,Booking,2025-11-13,3,Kamra badhiya aur comfortable tha. The location was poor and far from the market.,hinglish
Property I,MakeMyTrip,2025-11-13,1,Reception staff ka vyavhaar bekaar tha.,hinglish
Property D,Booking,2025-11-14,5,"Room service accha tha, towels clean the. Great value for money and worth the price.",hinglish
Property E,Booking,2025-11-14,2,"Khaana badhiya tha aur nashta bhi tasty. Booking me check-in slow tha, bekaar process.",hinglish
Property E,GoogleMaps,2025-11-14,3,Great value for money and worth the price. Kamra badhiya aur comfortable tha.,hinglish
Property G,GoogleMaps,2025-11-14,3,Reception staff ka vyavhaar bekaar tha.,hinglish
Property H,TripAdvisor,2025-11-14,1,कमरे का हीटर खराब था. Reception staff ka vyavhaar bekaar tha.,hi
Property F,MakeMyTrip,2025-11-15,3,Housekeeping was prompt and the towels were fresh. खाना बेकार और ठंडा था.,hi
Property G,Booking,2025-11-15,3,The room was spacious and comfortable with a warm heater.,en
Property G,TripAdvisor,2025-11-15,4,Khaana badhiya tha aur nashta bhi tasty.,hinglish
Property I,GoogleMaps,2025-11-15,3,"Bathroom ekdum saaf, safai badhiya. The food was stale and cold, really disappointing.",hinglish
Property J,MakeMyTrip,2025-11-15,3,"Location bekaar thi, market se door.",hinglish
Property K,MakeMyTrip,2025-11-15,2,बाथरूम गंदा था.,hi
Property A,Booking,2025-11-16,4,"The room was spacious and comfortable with a warm heater. The check-in was quick and the booking was smooth, really good.",en
Property C,GoogleMaps,2025-11-16,3,The room was spacious and comfortable with a warm heater.,en
Property F,GoogleMaps,2025-11-16,1,"The staff were rude and the manager was unhelpful. The food was stale and cold, really disappointing.",en
Property F,MakeMyTrip,2025-11-16,2,Overpriced and too expensive for what you get.,en
Property H,MakeMyTrip,2025-11-16,3,Very clean and hygienic bathroom.,en
Property J,Booking,2025-11-16,4,Kamra badhiya aur comfortable tha.,hinglish
Property L,Booking,2025-11-16,4,The room was spacious and comfortable with a warm heater.,en
Property A,GoogleMaps,2025-11-17,4,The food was delicious and the breakfast was fresh.,en
Property C,Booking,2025-11-17,4,"Khaana bekaar aur thanda tha. Mountain ka nazara shandar, location badhiya.",hinglish
Property E,MakeMyTrip,2025-11-17,4,"The check-in was quick and the booking was smooth, really good. The food was delicious and the breakfast was fresh.",en
Property F,GoogleMaps,2025-11-17,3,"Bathroom ekdum saaf, safai badhiya.",hinglish
Property F,MakeMyTrip,2025-11-17,3,"The food was stale and cold, really disappointing.",en
Property F,TripAdvisor,2025-11-17,5,Very clean and hygienic bathroom.,en
Property H,TripAdvisor,2025-11-17,1,Reception staff ka vyavhaar bekaar tha. The location was poor and far from the market.,hinglish
Property J,Booking,2025-11-17,4,"Mountain ka nazara shandar, location badhiya.",hinglish
Property J,GoogleMaps,2025-11-17,5,Kamra badhiya aur comfortable tha.,hinglish
Property B,GoogleMaps,2025-11-18,2,"Booking me check-in slow tha, bekaar process.",hinglish
Property B,GoogleMaps,2025-11-18,4,The staff were friendly and the reception was helpful. बाथरूम गंदा था.,hi
Property D,GoogleMaps,2025-11-18,3,"Bathroom ganda tha, gandagi thi. Room service accha tha, towels clean the.",hinglish
Property J,MakeMyTrip,2025-11-18,1,"Housekeeping never changed the towels, poor service.",en
Property K,TripAdvisor,2025-11-18,4,The food was delicious and the breakfast was fresh. Great value for money and worth the price.,en
Property K,TripAdvisor,2025-11-18,3,"The location was poor and far from the market. Sasta aur accha, paisa vasool stay.",hinglish
Property A,MakeMyTrip,2025-11-19,3,Kamra badhiya aur comfortable tha. Very clean and hygienic bathroom.,hinglish
Property B,MakeMyTrip,2025-11-19,5,"Staff ka vyavhaar accha tha, reception helpful. Kamra badhiya aur comfortable tha.",hinglish
Property B,Booking,2025-11-19,3,"Room service accha tha, towels clean the.",hinglish
Property D,Booking,2025-11-19,3,Overpriced and too expensive for what you get.,en
Property F,GoogleMaps,2025-11-19,3,Khaana bekaar aur thanda tha.,hinglish
Property I,GoogleMaps,2025-11-19,3,The room was spacious and comfortable with a warm heater. The food was delicious and the breakfast was fresh.,en
Property K,MakeMyTrip,2025-11-19,2,The room heater was not working and it was freezing cold at night.,en
Property K,TripAdvisor,2025-11-19,4,"Check-in fast tha, booking process accha. Mountain ka nazara shandar, location badhiya.",hinglish
Property A,Booking,2025-11-20,5,The staff were friendly and the reception was helpful. Khaana badhiya tha aur nashta bhi tasty.,hinglish
Property A,GoogleMaps,2025-11-20,3,खाना बेकार और ठंडा था.,hi
Property B,Booking,2025-11-20,4,"Staff ka vyavhaar accha tha, reception helpful. Overpriced and too expensive for what you get.",hinglish
Property B,TripAdvisor,2025-11-20,3,The staff were rude and the manager was unhelpful.,en
Property C,MakeMyTrip,2025-11-20,3,"Sasta aur accha, paisa vasool stay.",hinglish
Property C,Booking,2025-11-20,3,The room was spacious and comfortable with a warm heater.,en
Property D,TripAdvisor,2025-11-20,3,"The location was great with a beautiful mountain view. The food was stale and cold, really disappointing.",en
Property D,GoogleMaps,2025-11-20,2,"Housekeeping never changed the towels, poor service. The food was stale and cold, really disappointing.",en
Property E,TripAdvisor,2025-11-20,3,"Sasta aur accha, paisa vasool stay. Location bekaar thi, market se door.",hinglish
Property G,TripAdvisor,2025-11-20,2,"The room was spacious and comfortable with a warm heater. Booking me check-in slow tha, bekaar process.",hinglish
Property H,GoogleMaps,2025-11-20,3,"खाना बहुत बढ़िया था. Room service accha tha, towels clean the.",hi
Property H,Booking,2025-11-20,2,The room heater was not working and it was freezing cold at night.,en
Property K,Booking,2025-11-20,4,"Kamra badhiya aur comfortable tha. Bathroom ekdum saaf, safai badhiya.",hinglish
Property K,MakeMyTrip,2025-11-20,4,"Room service accha tha, towels clean the. Kamra badhiya aur comfortable tha.",hinglish
Property L,GoogleMaps,2025-11-20,2,"Bahut mehenga tha, bilkul value nahi.",hinglish
Property L,GoogleMaps,2025-11-20,4,Khaana badhiya tha aur nashta bhi tasty. Reception staff ka vyavhaar bekaar tha.,hinglish
Property A,GoogleMaps,2025-11-21,2,"The food was stale and cold, really disappointing. Great value for money and worth the price.",en
Property A,MakeMyTrip,2025-11-21,4,Great value for money and worth the price. Very clean and hygienic bathroom.,en
Property E,TripAdvisor,2025-11-21,1,"Bathroom ganda tha, gandagi thi. The food was stale and cold, really disappointing.",hinglish
Property E,Booking,2025-11-21,3,"Bahut mehenga tha, bilkul value nahi. The room heater was not working and it was freezing cold at night.",hinglish
Property H,Booking,2025-11-21,4,"Mountain ka nazara shandar, location badhiya.",hinglish
Property H,TripAdvisor,2025-11-21,2,"The room heater was not working and it was freezing cold at night. Booking me check-in slow tha, bekaar process.",hinglish
Property I,Booking,2025-11-21,3,"The check-in was quick and the booking was smooth, really good.",en
Property J,MakeMyTrip,2025-11-21,2,कमरे का हीटर खराब था.,hi
Property L,GoogleMaps,2025-11-21,5,The room was spacious and comfortable with a warm heater. The food was delicious and the breakfast was fresh.,en
Property B,TripAdvisor,2025-11-22,3,"Staff ka vyavhaar accha tha, reception helpful.",hinglish
Property C,GoogleMaps,2025-11-22,3,"Bathroom ganda tha, gandagi thi.",hinglish
Property C,GoogleMaps,2025-11-22,3,"Towels ganda the, room service bekaar. The location was great with a beautiful mountain view.",hinglish
Property D,MakeMyTrip,2025-11-22,2,बाथरूम गंदा था. खाना बहुत बढ़िया था.,hi
Property E,TripAdvisor,2025-11-22,4,The staff were friendly and the reception was helpful.,en
Property F,GoogleMaps,2025-11-22,3,"Staff ka vyavhaar accha tha, reception helpful.",hinglish
Property G,Booking,2025-11-22,2,"The food was stale and cold, really disappointing. Bathroom ekdum saaf, safai badhiya.",hinglish
Property J,Booking,2025-11-22,5,Khaana badhiya tha aur nashta bhi tasty.,hinglish
Property L,Booking,2025-11-22,5,Great value for money and worth the price. The food was delicious and the breakfast was fresh.,en
Property A,GoogleMaps,2025-11-23,3,The food was delicious and the breakfast was fresh. Very clean and hygienic bathroom.,en
Property B,MakeMyTrip,2025-11-23,5,Khaana badhiya tha aur nashta bhi tasty.,hinglish
Property C,TripAdvisor,2025-11-23,3,बाथरूम गंदा था. The room was spacious and comfortable with a warm heater.,hi
Property E,MakeMyTrip,2025-11-23,4,Khaana badhiya tha aur nashta bhi tasty.,hinglish
Property G,GoogleMaps,2025-11-23,4,The food was delicious and the breakfast was fresh.,en
Property H,GoogleMaps,2025-11-23,2,Khaana bekaar aur thanda tha. The location was great with a beautiful mountain view.,hinglish
Property J,TripAdvisor,2025-11-23,2,"खाना बेकार और ठंडा था. Bahut mehenga tha, bilkul value nahi.",hi
Property L,Booking,2025-11-23,5,"Bathroom ekdum saaf, safai badhiya. The room was spacious and comfortable with a warm heater.",hinglish
Property A,GoogleMaps,2025-11-24,4,Khaana badhiya tha aur nashta bhi tasty.,hinglish
Property A,GoogleMaps,2025-11-24,4,"Room service accha tha, towels clean the.",hinglish
Property B,TripAdvisor,2025-11-24,3,Kamra badhiya aur comfortable tha.,hinglish
Property C,MakeMyTrip,2025-11-24,3,"Housekeeping was prompt and the towels were fresh. Mountain ka nazara shandar, location badhiya.",hinglish
Property E,Booking,2025-11-24,2,"कमरे का हीटर खराब था. Bathroom ganda tha, gandagi thi.",hi
Property E,MakeMyTrip,2025-11-24,3,"Location bekaar thi, market se door. Room service accha tha, towels clean the.",hinglish
Property F,MakeMyTrip,2025-11-24,2,The staff were rude and the manager was unhelpful.,en
Property F,GoogleMaps,2025-11-24,3,Very clean and hygienic bathroom.,en
Property E,MakeMyTrip,2025-11-25,3,"Kamre ka heater band tha, bahut thanda kamra. Room service accha tha, towels clean the.",hinglish
Property G,MakeMyTrip,2025-11-25,2,The location was poor and far from the market.,en
Property H,TripAdvisor,2025-11-25,5,Kamra badhiya aur comfortable tha.,hinglish
Property H,Booking,2025-11-25,3,खाना बहुत बढ़िया था. कमरे का हीटर खराब था.,hi
Property I,GoogleMaps,2025-11-25,4,"Check-in fast tha, booking process accha.",hinglish
Property L,GoogleMaps,2025-11-25,5,The room was spacious and comfortable with a warm heater.,en
Property E,TripAdvisor,2025-11-26,3,"Room service accha tha, towels clean the. The location was poor and far from the market.",hinglish
Property G,TripAdvisor,2025-11-26,2,The location was poor and far from the market. Very clean and hygienic bathroom.,en
Property I,TripAdvisor,2025-11-26,3,Great value for money and worth the price. Very clean and hygienic bathroom.,en
Property J,GoogleMaps,2025-11-26,4,"Sasta aur accha, paisa vasool stay.",hinglish
Property L,TripAdvisor,2025-11-26,3,"Very clean and hygienic bathroom. Room service accha tha, towels clean the.",hinglish
Property L,MakeMyTrip,2025-11-26,3,Reception staff ka vyavhaar bekaar tha.,hinglish
Property A,Booking,2025-11-27,5,"Sasta aur accha, paisa vasool stay. The room was spacious and comfortable with a warm heater.",hinglish
Property A,Booking,2025-11-27,4,"Bathroom ekdum saaf, safai badhiya.",hinglish
Property C,GoogleMaps,2025-11-27,4,"Kamra badhiya aur comfortable tha. Mountain ka nazara shandar, location badhiya.",hinglish
Property H,Booking,2025-11-27,3,खाना बहुत बढ़िया था.,hi
Property H,MakeMyTrip,2025-11-27,2,Reception staff ka vyavhaar bekaar tha.,hinglish
Property I,Booking,2025-11-27,2,The location was poor and far from the market.,en
Property J,Booking,2025-11-27,4,"Khaana badhiya tha aur nashta bhi tasty. Sasta aur accha, paisa vasool stay.",hinglish
Property A,MakeMyTrip,2025-12-01,4,"Sasta aur accha, paisa vasool stay. Mountain ka nazara shandar, location badhiya.",hinglish
Property A,MakeMyTrip,2025-12-01,4,The staff were friendly and the reception was helpful.,en
Property B,TripAdvisor,2025-12-01,3,The room heater was not working and it was freezing cold at night. Khaana badhiya tha aur nashta bhi tasty.,hinglish
Property D,MakeMyTrip,2025-12-01,4,"Khaana badhiya tha aur nashta bhi tasty. Bathroom ekdum saaf, safai badhiya.",hinglish
Property D,GoogleMaps,2025-12-01,2,"Kamre ka heater band tha, bahut thanda kamra.",hinglish
Property E,TripAdvisor,2025-12-01,3,"Booking me check-in slow tha, bekaar process. Location bekaar thi, market se door.",hinglish
Property E,TripAdvisor,2025-12-01,5,"The room was spacious and comfortable with a warm heater. Staff ka vyavhaar accha tha, reception helpful.",hinglish
Property E,TripAdvisor,2025-12-01,2,कमरे का हीटर खराब था. The location was poor and far from the market.,hi
Property G,GoogleMaps,2025-12-01,1,"Kamre ka heater band tha, bahut thanda kamra.",hinglish
Property I,TripAdvisor,2025-12-01,4,"Staff ka vyavhaar accha tha, reception helpful.",hinglish
Property L,TripAdvisor,2025-12-01,3,"Kamre ka heater band tha, bahut thanda kamra.",hinglish
Property L,Booking,2025-12-01,3,The food was delicious and the breakfast was fresh. बाथरूम गंदा था.,hi
Property A,MakeMyTrip,2025-12-02,3,"Kamre ka heater band tha, bahut thanda kamra. The location was poor and far from the market.",hinglish
Property A,Booking,2025-12-02,3,"Kamre ka heater band tha, bahut thanda kamra.",hinglish
Property E,GoogleMaps,2025-12-02,4,"Check-in fast tha, booking process accha.",hinglish
Property I,TripAdvisor,2025-12-02,3,"Sasta aur accha, paisa vasool stay.",hinglish
Property I,GoogleMaps,2025-12-02,2,The room heater was not working and it was freezing cold at night.,en
Property K,TripAdvisor,2025-12-02,4,"Mountain ka nazara shandar, location badhiya.",hinglish
Property L,TripAdvisor,2025-12-02,4,"Very clean and hygienic bathroom. Check-in fast tha, booking process accha.",hinglish
Property A,MakeMyTrip,2025-12-03,2,"Kamre ka heater band tha, bahut thanda kamra.",hinglish
Property C,GoogleMaps,2025-12-03,1,कमरे का हीटर खराब था.,hi
Property E,MakeMyTrip,2025-12-03,5,Very clean and hygienic bathroom. Kamra badhiya aur comfortable tha.,hinglish
Property F,MakeMyTrip,2025-12-03,2,"Kamre ka heater band tha, bahut thanda kamra.",hinglish
Property G,MakeMyTrip,2025-12-03,5,"Very clean and hygienic bathroom. Sasta aur accha, paisa vasool stay.",hinglish
Property A,MakeMyTrip,2025-12-04,2,The room heater was not working and it was freezing cold at night.,en
Property E,MakeMyTrip,2025-12-04,3,"Housekeeping never changed the towels, poor service. Very clean and hygienic bathroom.",en
Property F,Booking,2025-12-04,3,"The room heater was not working and it was freezing cold at night. Bahut mehenga tha, bilkul value nahi.",hinglish
Property G,GoogleMaps,2025-12-04,4,खाना बहुत बढ़िया था.,hi
Property H,MakeMyTrip,2025-12-04,2,Overpriced and too expensive for what you get.,en
Property H,TripAdvisor,2025-12-04,3,खाना बहुत बढ़िया था.,hi
Property I,MakeMyTrip,2025-12-04,2,Reception staff ka vyavhaar bekaar tha.,hinglish
Property I,GoogleMaps,2025-12-04,3,The location was great with a beautiful mountain view. Very clean and hygienic bathroom.,en
Property I,Booking,2025-12-04,4,"Bathroom ekdum saaf, safai badhiya.",hinglish
Property J,MakeMyTrip,2025-12-04,1,"Kamre ka heater band tha, bahut thanda kamra.",hinglish
Property B,Booking,2025-12-05,3,"Sasta aur accha, paisa vasool stay.",hinglish
Property B,Booking,2025-12-05,3,"Very clean and hygienic bathroom. Sasta aur accha, paisa vasool stay.",hinglish
Property C,TripAdvisor,2025-12-05,4,The staff were friendly and the reception was helpful. खाना बहुत बढ़िया था.,hi
Property C,TripAdvisor,2025-12-05,2,बाथरूम गंदा था. The room was spacious and comfortable with a warm heater.,hi
Property E,GoogleMaps,2025-12-05,3,कमरे का हीटर खराब था.,hi
Property G,Booking,2025-12-05,2,The room heater was not working and it was freezing cold at night. खाना बहुत बढ़िया था.,hi
Property H,MakeMyTrip,2025-12-05,3,"Check-in fast tha, booking process accha. Mountain ka nazara shandar, location badhiya.",hinglish
Property I,GoogleMaps,2025-12-05,4,"Staff ka vyavhaar accha tha, reception helpful.",hinglish
Property J,MakeMyTrip,2025-12-05,1,"The food was stale and cold, really disappointing.",en
Property J,Booking,2025-12-05,3,कमरे का हीटर खराब था.,hi
Property L,GoogleMaps,2025-12-05,4,"Sasta aur accha, paisa vasool stay. The staff were friendly and the reception was helpful.",hinglish
Property A,Booking,2025-12-06,3,Khaana badhiya tha aur nashta bhi tasty.,hinglish
Property B,Booking,2025-12-06,5,The location was great with a beautiful mountain view.,en
Property D,TripAdvisor,2025-12-06,3,"Staff ka vyavhaar accha tha, reception helpful. Kamre ka heater band tha, bahut thanda kamra.",hinglish
Property E,Booking,2025-12-06,3,"Reception staff ka vyavhaar bekaar tha. Bathroom ekdum saaf, safai badhiya.",hinglish
Property H,MakeMyTrip,2025-12-06,1,"Kamre ka heater band tha, bahut thanda kamra.",hinglish
Property K,TripAdvisor,2025-12-06,3,"Check-in fast tha, booking process accha. Bahut mehenga tha, bilkul value nahi.",hinglish
Property K,Booking,2025-12-06,4,"Kamre ka heater band tha, bahut thanda kamra. Great value for money and worth the price.",hinglish
Property L,Booking,2025-12-06,2,कमरे का हीटर खराब था.,hi
Property B,Booking,2025-12-07,1,"Kamre ka heater band tha, bahut thanda kamra.",hinglish
Property C,MakeMyTrip,2025-12-07,4,The food was delicious and the breakfast was fresh. Housekeeping was prompt and the towels were fresh.,en
Property D,MakeMyTrip,2025-12-07,2,कमरे का हीटर खराब था.,hi
Property E,MakeMyTrip,2025-12-07,2,"Kamre ka heater band tha, bahut thanda kamra. खाना बेकार और ठंडा था.",hi
Property F,Booking,2025-12-07,3,"Very clean and hygienic bathroom. Mountain ka nazara shandar, location badhiya.",hinglish
Property H,TripAdvisor,2025-12-07,2,"Booking me check-in slow tha, bekaar process.",hinglish
Property I,MakeMyTrip,2025-12-07,3,"Kamre ka heater band tha, bahut thanda kamra.",hinglish
Property J,TripAdvisor,2025-12-07,3,Very clean and hygienic bathroom. Khaana badhiya tha aur nashta bhi tasty.,hinglish
Property K,MakeMyTrip,2025-12-07,2,"Kamre ka heater band tha, bahut thanda kamra.",hinglish
Property L,Booking,2025-12-07,2,The room heater was not working and it was freezing cold at night.,en
Property C,GoogleMaps,2025-12-08,2,"Kamre ka heater band tha, bahut thanda kamra.",hinglish
Property D,MakeMyTrip,2025-12-08,3,"कमरे का हीटर खराब था. Room service accha tha, towels clean the.",hi
Property F,GoogleMaps,2025-12-08,1,कमरे का हीटर खराब था.,hi
Property F,MakeMyTrip,2025-12-08,2,"The food was stale and cold, really disappointing. कमरे का हीटर खराब था.",hi
Property G,Booking,2025-12-08,2,Housekeeping was prompt and the towels were fresh. Khaana bekaar aur thanda tha.,hinglish
Property H,GoogleMaps,2025-12-08,3,"Mountain ka nazara shandar, location badhiya. खाना बेकार और ठंडा था.",hi
Property L,Booking,2025-12-08,2,कमरे का हीटर खराब था.,hi
Property F,MakeMyTrip,2025-12-09,4,"The check-in was quick and the booking was smooth, really good. Housekeeping was prompt and the towels were fresh.",en
Property F,Booking,2025-12-09,2,"Kamre ka heater band tha, bahut thanda kamra.",hinglish
Property G,MakeMyTrip,2025-12-09,3,"Overpriced and too expensive for what you get. Housekeeping never changed the towels, poor service.",en
Property G,Booking,2025-12-09,4,The location was great with a beautiful mountain view. Great value for money and worth the price.,en
Property G,GoogleMaps,2025-12-09,3,"Kamre ka heater band tha, bahut thanda kamra. Reception staff ka vyavhaar bekaar tha.",hinglish
Property H,TripAdvisor,2025-12-09,3,कमरे का हीटर खराब था.,hi
Property I,MakeMyTrip,2025-12-09,4,"The room heater was not working and it was freezing cold at night. Bathroom ekdum saaf, safai badhiya.",hinglish
Property K,GoogleMaps,2025-12-09,3,"Kamre ka heater band tha, bahut thanda kamra. The food was delicious and the breakfast was fresh.",hinglish
Property L,TripAdvisor,2025-12-09,3,कमरे का हीटर खराब था.,hi
Property A,Booking,2025-12-10,3,"Staff ka vyavhaar accha tha, reception helpful. कमरे का हीटर खराब था.",hi
Property A,Booking,2025-12-10,3,The staff were friendly and the reception was helpful.,en
Property C,Booking,2025-12-10,4,The location was great with a beautiful mountain view.,en
Property C,TripAdvisor,2025-12-10,3,"Booking me check-in slow tha, bekaar process. Staff ka vyavhaar accha tha, reception helpful.",hinglish
Property D,GoogleMaps,2025-12-10,2,Khaana bekaar aur thanda tha.,hinglish
Property F,GoogleMaps,2025-12-10,2,"The food was stale and cold, really disappointing.",en
Property H,MakeMyTrip,2025-12-10,2,"The food was delicious and the breakfast was fresh. Kamre ka heater band tha, bahut thanda kamra.",hinglish
Property H,TripAdvisor,2025-12-10,1,कमरे का हीटर खराब था.,hi
Property H,GoogleMaps,2025-12-10,3,The room heater was not working and it was freezing cold at night.,en
Property I,Booking,2025-12-10,3,"Sasta aur accha, paisa vasool stay.",hinglish
Property J,Booking,2025-12-10,1,"Kamre ka heater band tha, bahut thanda kamra.",hinglish
Property K,GoogleMaps,2025-12-10,5,The food was delicious and the breakfast was fresh. Kamra badhiya aur comfortable tha.,hinglish
Property A,GoogleMaps,2025-12-11,2,"Sasta aur accha, paisa vasool stay. The food was stale and cold, really disappointing.",hinglish
Property C,GoogleMaps,2025-12-11,4,"Staff ka vyavhaar accha tha, reception helpful.",hinglish
Property E,TripAdvisor,2025-12-11,5,खाना बहुत बढ़िया था.,hi
Property H,MakeMyTrip,2025-12-11,4,खाना बहुत बढ़िया था.,hi
Property I,MakeMyTrip,2025-12-11,3,Very clean and hygienic bathroom.,en
Property J,MakeMyTrip,2025-12-11,2,"The bathroom was dirty and smelly, poor hygiene.",en
Property K,TripAdvisor,2025-12-11,2,"Kamre ka heater band tha, bahut thanda kamra.",hinglish
Property B,Booking,2025-12-12,1,"Khaana bekaar aur thanda tha. Kamre ka heater band tha, bahut thanda kamra.",hinglish
Property B,TripAdvisor,2025-12-12,4,"Staff ka vyavhaar accha tha, reception helpful.",hinglish
Property D,TripAdvisor,2025-12-12,3,The location was poor and far from the market. खाना बहुत बढ़िया था.,hi
Property E,TripAdvisor,2025-12-12,2,"The bathroom was dirty and smelly, poor hygiene.",en
Property F,Booking,2025-12-12,2,कमरे का हीटर खराब था.,hi
Property G,GoogleMaps,2025-12-12,3,"Check-in fast tha, booking process accha. The food was delicious and the breakfast was fresh.",hinglish
Property G,Booking,2025-12-12,1,कमरे का हीटर खराब था.,hi
Property J,Booking,2025-12-12,3,कमरे का हीटर खराब था.,hi
Property K,Booking,2025-12-12,3,"Staff ka vyavhaar accha tha, reception helpful. Booking me check-in slow tha, bekaar process.",hinglish
Property K,TripAdvisor,2025-12-12,4,खाना बहुत बढ़िया था. Housekeeping was prompt and the towels were fresh.,hi
Property L,Booking,2025-12-12,3,The room heater was not working and it was freezing cold at night.,en
Property A,TripAdvisor,2025-12-13,5,"Check-in fast tha, booking process accha. Khaana badhiya tha aur nashta bhi tasty.",hinglish
Property B,Booking,2025-12-13,1,"Kamre ka heater band tha, bahut thanda kamra.",hinglish
Property C,GoogleMaps,2025-12-13,4,खाना बहुत बढ़िया था. Very clean and hygienic bathroom.,hi
Property C,Booking,2025-12-13,3,"The room heater was not working and it was freezing cold at night. The food was stale and cold, really disappointing.",en
Property C,GoogleMaps,2025-12-13,1,"Kamre ka heater band tha, bahut thanda kamra.",hinglish
Property D,MakeMyTrip,2025-12-13,3,"Sasta aur accha, paisa vasool stay. Very clean and hygienic bathroom.",hinglish
Property E,Booking,2025-12-13,2,The room heater was not working and it was freezing cold at night.,en
Property I,TripAdvisor,2025-12-13,3,"Staff ka vyavhaar accha tha, reception helpful.",hinglish
Property L,Booking,2025-12-13,2,कमरे का हीटर खराब था.,hi
Property A,TripAdvisor,2025-12-14,3,The location was poor and far from the market.,en
Property B,MakeMyTrip,2025-12-14,4,The staff were friendly and the reception was helpful.,en
Property B,GoogleMaps,2025-12-14,1,"Kamre ka heater band tha, bahut thanda kamra.",hinglish
Property C,MakeMyTrip,2025-12-14,3,खाना बहुत बढ़िया था. Very clean and hygienic bathroom.,hi
Property D,GoogleMaps,2025-12-14,1,"The food was stale and cold, really disappointing. Overpriced and too expensive for what you get.",en
Property D,GoogleMaps,2025-12-14,1,"Bahut mehenga tha, bilkul value nahi. खाना बेकार और ठंडा था.",hi
Property F,TripAdvisor,2025-12-14,2,Overpriced and too expensive for what you get. कमरे का हीटर खराब था.,hi
Property F,GoogleMaps,2025-12-14,3,कमरे का हीटर खराब था. Khaana bekaar aur thanda tha.,hi
Property G,GoogleMaps,2025-12-14,3,Khaana badhiya tha aur nashta bhi tasty. The room heater was not working and it was freezing cold at night.,hinglish
Property H,TripAdvisor,2025-12-14,2,कमरे का हीटर खराब था.,hi
Property J,MakeMyTrip,2025-12-14,3,The room heater was not working and it was freezing cold at night.,en
Property K,TripAdvisor,2025-12-14,4,The room was spacious and comfortable with a warm heater.,en
Property K,GoogleMaps,2025-12-14,3,The staff were friendly and the reception was helpful.,en
Property L,Booking,2025-12-14,4,"The location was great with a beautiful mountain view. Room service accha tha, towels clean the.",hinglish
Property L,Booking,2025-12-14,4,"Sasta aur accha, paisa vasool stay. Staff ka vyavhaar accha tha, reception helpful.",hinglish
Property L,GoogleMaps,2025-12-14,4,The food was delicious and the breakfast was fresh. The location was great with a beautiful mountain view.,en
Property L,TripAdvisor,2025-12-14,3,कमरे का हीटर खराब था.,hi
Property A,MakeMyTrip,2025-12-15,3,The room heater was not working and it was freezing cold at night. Khaana badhiya tha aur nashta bhi tasty.,hinglish
Property A,GoogleMaps,2025-12-15,2,The room heater was not working and it was freezing cold at night.,en
Property B,GoogleMaps,2025-12-15,1,कमरे का हीटर खराब था. The check-in was slow and the booking was a problem.,hi
Property C,Booking,2025-12-15,2,"Towels ganda the, room service bekaar. कमरे का हीटर खराब था.",hi
Property E,MakeMyTrip,2025-12-15,1,The room heater was not working and it was freezing cold at night.,en
Property I,TripAdvisor,2025-12-15,2,"Bahut mehenga tha, bilkul value nahi.",hinglish
Property J,TripAdvisor,2025-12-15,3,"Sasta aur accha, paisa vasool stay. The food was delicious and the breakfast was fresh.",hinglish
Property J,GoogleMaps,2025-12-15,2,"कमरे का हीटर खराब था. The food was stale and cold, really disappointing.",hi
Property K,GoogleMaps,2025-12-15,2,कमरे का हीटर खराब था.,hi
Property L,MakeMyTrip,2025-12-15,4,"Overpriced and too expensive for what you get. Mountain ka nazara shandar, location badhiya.",hinglish
Property L,GoogleMaps,2025-12-15,1,"Kamre ka heater band tha, bahut thanda kamra.",hinglish
Property B,Booking,2025-12-16,2,"Bahut mehenga tha, bilkul value nahi. Staff ka vyavhaar accha tha, reception helpful.",hinglish
Property C,TripAdvisor,2025-12-16,2,"Kamre ka heater band tha, bahut thanda kamra.",hinglish
Property D,MakeMyTrip,2025-12-16,2,The room heater was not working and it was freezing cold at night.,en
Property E,GoogleMaps,2025-12-16,2,The room heater was not working and it was freezing cold at night.,en
Property E,Booking,2025-12-16,1,"Kamre ka heater band tha, bahut thanda kamra.",hinglish
Property G,MakeMyTrip,2025-12-16,3,Reception staff ka vyavhaar bekaar tha. The room was spacious and comfortable with a warm heater.,hinglish
Property I,Booking,2025-12-16,4,"Kamre ka heater band tha, bahut thanda kamra. Housekeeping was prompt and the towels were fresh.",hinglish
Property K,TripAdvisor,2025-12-16,3,Reception staff ka vyavhaar bekaar tha. The room was spacious and comfortable with a warm heater.,hinglish
Property A,MakeMyTrip,2025-12-17,2,The room heater was not working and it was freezing cold at night.,en
Property B,MakeMyTrip,2025-12-17,3,"The location was poor and far from the market. The food was stale and cold, really disappointing.",en
Property B,GoogleMaps,2025-12-17,3,"Kamre ka heater band tha, bahut thanda kamra. Khaana badhiya tha aur nashta bhi tasty.",hinglish
Property D,GoogleMaps,2025-12-17,4,"The food was delicious and the breakfast was fresh. The check-in was quick and the booking was smooth, really good.",en
Property H,GoogleMaps,2025-12-17,1,"Bathroom ganda tha, gandagi thi.",hinglish
Property I,MakeMyTrip,2025-12-17,1,"Kamre ka heater band tha, bahut thanda kamra.",hinglish
Property J,Booking,2025-12-17,4,खाना बहुत बढ़िया था.,hi
Property K,MakeMyTrip,2025-12-17,2,The check-in was slow and the booking was a problem. कमरे का हीटर खराब था.,hi
Property B,MakeMyTrip,2025-12-18,3,"The staff were friendly and the reception was helpful. Bahut mehenga tha, bilkul value nahi.",hinglish
Property C,TripAdvisor,2025-12-18,3,"खाना बेकार और ठंडा था. Staff ka vyavhaar accha tha, reception helpful.",hi
Property H,GoogleMaps,2025-12-18,2,"The food was stale and cold, really disappointing.",en
Property I,TripAdvisor,2025-12-18,1,"कमरे का हीटर खराब था. The food was stale and cold, really disappointing.",hi
Property C,MakeMyTrip,2025-12-19,2,कमरे का हीटर खराब था.,hi
Property D,Booking,2025-12-19,3,"Room service accha tha, towels clean the. Kamre ka heater band tha, bahut thanda kamra.",hinglish
Property D,MakeMyTrip,2025-12-19,2,"Reception staff ka vyavhaar bekaar tha. Bathroom ganda tha, gandagi thi.",hinglish
Property E,MakeMyTrip,2025-12-19,3,"Mountain ka nazara shandar, location badhiya.",hinglish
Property F,GoogleMaps,2025-12-19,2,The room heater was not working and it was freezing cold at night.,en
Property G,TripAdvisor,2025-12-19,3,Khaana badhiya tha aur nashta bhi tasty.,hinglish
Property G,GoogleMaps,2025-12-19,3,The room heater was not working and it was freezing cold at night.,en
Property I,Booking,2025-12-19,3,The room heater was not working and it was freezing cold at night.,en
Property J,MakeMyTrip,2025-12-19,2,Reception staff ka vyavhaar bekaar tha. The room heater was not working and it was freezing cold at night.,hinglish
Property K,TripAdvisor,2025-12-19,5,The location was great with a beautiful mountain view. The room was spacious and comfortable with a warm heater.,en
Property K,Booking,2025-12-19,2,The room heater was not working and it was freezing cold at night.,en
Property B,Booking,2025-12-20,2,"The food was stale and cold, really disappointing.",en
Property B,GoogleMaps,2025-12-20,4,"Room service accha tha, towels clean the. कमरे का हीटर खराब था.",hi
Property C,MakeMyTrip,2025-12-20,5,The food was delicious and the breakfast was fresh.,en
Property C,TripAdvisor,2025-12-20,1,बाथरूम गंदा था.,hi
Property C,TripAdvisor,2025-12-20,2,The room heater was not working and it was freezing cold at night.,en
Property E,MakeMyTrip,2025-12-20,2,"Towels ganda the, room service bekaar. The bathroom was dirty and smelly, poor hygiene.",hinglish
Property G,TripAdvisor,2025-12-20,3,"The staff were friendly and the reception was helpful. Room service accha tha, towels clean the.",hinglish
Property G,MakeMyTrip,2025-12-20,1,कमरे का हीटर खराब था.,hi
Property J,GoogleMaps,2025-12-20,4,"Staff ka vyavhaar accha tha, reception helpful.",hinglish
Property J,TripAdvisor,2025-12-20,4,The room was spacious and comfortable with a warm heater.,en
Property J,Booking,2025-12-20,2,The room heater was not working and it was freezing cold at night.,en
Property L,Booking,2025-12-20,5,"The location was great with a beautiful mountain view. Check-in fast tha, booking process accha.",hinglish
Property A,Booking,2025-12-21,4,Housekeeping was prompt and the towels were fresh.,en
Property B,TripAdvisor,2025-12-21,4,"Sasta aur accha, paisa vasool stay. Khaana badhiya tha aur nashta bhi tasty.",hinglish
Property B,TripAdvisor,2025-12-21,1,कमरे का हीटर खराब था.,hi
Property C,GoogleMaps,2025-12-21,2,The room heater was not working and it was freezing cold at night.,en
Property E,GoogleMaps,2025-12-21,3,The food was delicious and the breakfast was fresh.,en
Property F,TripAdvisor,2025-12-21,4,Very clean and hygienic bathroom.,en
Property F,Booking,2025-12-21,5,Very clean and hygienic bathroom.,en
Property G,Booking,2025-12-21,2,Very clean and hygienic bathroom. Overpriced and too expensive for what you get.,en
Property H,MakeMyTrip,2025-12-21,4,The food was delicious and the breakfast was fresh.,en
Property H,MakeMyTrip,2025-12-21,5,Khaana badhiya tha aur nashta bhi tasty.,hinglish
Property H,GoogleMaps,2025-12-21,2,The room heater was not working and it was freezing cold at night.,en
Property J,Booking,2025-12-21,3,"The bathroom was dirty and smelly, poor hygiene. Towels ganda the, room service bekaar.",hinglish
Property J,Booking,2025-12-21,1,"Kamre ka heater band tha, bahut thanda kamra.",hinglish
Property L,TripAdvisor,2025-12-21,3,"The staff were friendly and the reception was helpful. Bathroom ganda tha, gandagi thi.",hinglish
Property B,MakeMyTrip,2025-12-22,4,The location was great with a beautiful mountain view.,en
Property B,Booking,2025-12-22,2,The room heater was not working and it was freezing cold at night.,en
Property C,GoogleMaps,2025-12-22,3,The staff were friendly and the reception was helpful.,en
Property D,GoogleMaps,2025-12-22,3,Housekeeping was prompt and the towels were fresh.,en
Property E,MakeMyTrip,2025-12-22,2,"The food was stale and cold, really disappointing. Check-in fast tha, booking process accha.",hinglish
Property E,Booking,2025-12-22,5,"Mountain ka nazara shandar, location badhiya.",hinglish
Property F,Booking,2025-12-22,2,"Towels ganda the, room service bekaar.",hinglish
Property G,MakeMyTrip,2025-12-22,4,"The check-in was quick and the booking was smooth, really good.",en
Property I,GoogleMaps,2025-12-22,3,Overpriced and too expensive for what you get. The room heater was not working and it was freezing cold at night.,en
Property I,Booking,2025-12-22,1,"Kamre ka heater band tha, bahut thanda kamra.",hinglish
Property K,MakeMyTrip,2025-12-22,2,कमरे का हीटर खराब था.,hi
Property A,Booking,2025-12-23,4,"Staff ka vyavhaar accha tha, reception helpful. The room heater was not working and it was freezing cold at night.",hinglish
Property A,Booking,2025-12-23,4,"Bathroom ekdum saaf, safai badhiya. Staff ka vyavhaar accha tha, reception helpful.",hinglish
Property A,GoogleMaps,2025-12-23,4,"Room service accha tha, towels clean the. The food was delicious and the breakfast was fresh.",hinglish
Property B,GoogleMaps,2025-12-23,3,The room heater was not working and it was freezing cold at night.,en
Property D,Booking,2025-12-23,5,Very clean and hygienic bathroom. Housekeeping was prompt and the towels were fresh.,en
Property D,Booking,2025-12-23,3,The room heater was not working and it was freezing cold at night.,en
Property E,MakeMyTrip,2025-12-23,4,Khaana badhiya tha aur nashta bhi tasty.,hinglish
Property F,TripAdvisor,2025-12-23,2,कमरे का हीटर खराब था.,hi
Property G,Booking,2025-12-23,2,"Kamre ka heater band tha, bahut thanda kamra.",hinglish
Property H,MakeMyTrip,2025-12-23,3,"खाना बहुत बढ़िया था. Location bekaar thi, market se door.",hi
Property I,GoogleMaps,2025-12-23,1,"The food was stale and cold, really disappointing. Kamre ka heater band tha, bahut thanda kamra.",hinglish
Property A,TripAdvisor,2025-12-24,2,कमरे का हीटर खराब था.,hi
Property B,TripAdvisor,2025-12-24,2,"Bathroom ganda tha, gandagi thi.",hinglish
Property I,Booking,2025-12-24,2,The room heater was not working and it was freezing cold at night.,en
Property J,MakeMyTrip,2025-12-24,2,Great value for money and worth the price. The room heater was not working and it was freezing cold at night.,en
Property J,Booking,2025-12-24,3,खाना बहुत बढ़िया था.,hi
Property K,Booking,2025-12-24,2,"Kamre ka heater band tha, bahut thanda kamra.",hinglish
Property A,GoogleMaps,2025-12-25,3,"Mountain ka nazara shandar, location badhiya. The staff were rude and the manager was unhelpful.",hinglish
Property C,MakeMyTrip,2025-12-25,4,"Staff ka vyavhaar accha tha, reception helpful.",hinglish
Property C,TripAdvisor,2025-12-25,2,"Kamre ka heater band tha, bahut thanda kamra.",hinglish
Property D,Booking,2025-12-25,5,Very clean and hygienic bathroom.,en
Property D,TripAdvisor,2025-12-25,2,The room heater was not working and it was freezing cold at night.,en
Property E,Booking,2025-12-25,1,"The bathroom was dirty and smelly, poor hygiene.",en
Property E,Booking,2025-12-25,2,"Kamre ka heater band tha, bahut thanda kamra.",hinglish
Property F,GoogleMaps,2025-12-25,2,"Bathroom ekdum saaf, safai badhiya. Kamre ka heater band tha, bahut thanda kamra.",hinglish
Property G,MakeMyTrip,2025-12-25,4,The staff were friendly and the reception was helpful.,en
Property G,TripAdvisor,2025-12-25,2,The room heater was not working and it was freezing cold at night.,en
Property H,TripAdvisor,2025-12-25,5,Very clean and hygienic bathroom.,en
Property J,TripAdvisor,2025-12-25,3,"The food was delicious and the breakfast was fresh. The check-in was quick and the booking was smooth, really good.",en
Property K,TripAdvisor,2025-12-25,3,कमरे का हीटर खराब था.,hi
Property A,TripAdvisor,2025-12-26,1,Khaana bekaar aur thanda tha.,hinglish
Property C,Booking,2025-12-26,3,The room heater was not working and it was freezing cold at night.,en
Property E,Booking,2025-12-26,1,"Kamre ka heater band tha, bahut thanda kamra.",hinglish
Property F,TripAdvisor,2025-12-26,4,"Bathroom ekdum saaf, safai badhiya. The staff were rude and the manager was unhelpful.",hinglish
Property G,TripAdvisor,2025-12-26,4,"The room heater was not working and it was freezing cold at night. Staff ka vyavhaar accha tha, reception helpful.",hinglish
Property G,GoogleMaps,2025-12-26,4,Kamra badhiya aur comfortable tha.,hinglish
Property H,MakeMyTrip,2025-12-26,2,"Location bekaar thi, market se door.",hinglish
Property H,GoogleMaps,2025-12-26,2,The check-in was slow and the booking was a problem.,en
Property I,TripAdvisor,2025-12-26,2,"Kamre ka heater band tha, bahut thanda kamra.",hinglish
Property J,MakeMyTrip,2025-12-26,3,Housekeeping was prompt and the towels were fresh.,en
Property J,GoogleMaps,2025-12-26,5,"Mountain ka nazara shandar, location badhiya.",hinglish
Property L,MakeMyTrip,2025-12-26,4,"Staff ka vyavhaar accha tha, reception helpful.",hinglish
Property L,GoogleMaps,2025-12-26,4,The location was great with a beautiful mountain view.,en
Property B,TripAdvisor,2025-12-27,4,"Bathroom ekdum saaf, safai badhiya.",hinglish
Property D,TripAdvisor,2025-12-27,3,"Kamre ka heater band tha, bahut thanda kamra.",hinglish
Property E,TripAdvisor,2025-12-27,3,खाना बेकार और ठंडा था. Housekeeping was prompt and the towels were fresh.,hi
Property E,GoogleMaps,2025-12-27,2,Reception staff ka vyavhaar bekaar tha.,hinglish
Property F,MakeMyTrip,2025-12-27,1,The room heater was not working and it was freezing cold at night.,en
Property G,MakeMyTrip,2025-12-27,3,कमरे का हीटर खराब था. The food was delicious and the breakfast was fresh.,hi
Property G,TripAdvisor,2025-12-27,3,"Location bekaar thi, market se door. Room service accha tha, towels clean the.",hinglish
Property H,GoogleMaps,2025-12-27,4,"The check-in was quick and the booking was smooth, really good. The staff were rude and the manager was unhelpful.",en
Property I,GoogleMaps,2025-12-27,3,"The check-in was quick and the booking was smooth, really good. Bahut mehenga tha, bilkul value nahi.",hinglish
Property I,Booking,2025-12-27,1,"Bathroom ganda tha, gandagi thi.",hinglish
Property J,GoogleMaps,2025-12-27,2,The check-in was slow and the booking was a problem. The food was delicious and the breakfast was fresh.,en
Property K,TripAdvisor,2025-12-27,3,"Housekeeping never changed the towels, poor service. The location was great with a beautiful mountain view.",en
